0.0,0.0,0.026991218328475952,-0.060579538345336914,0.053216755390167236,-0.13478094339370728,0.08768638968467712,-0.18471407890319824,0.11723613739013672,-0.22661101818084717,-0.08343493938446045,-0.17511022090911865,-0.08154167234897614,-0.2713744044303894,-0.06852120161056519,-0.32537877559661865,-0.05314365029335022,-0.36858290433883667,-0.12028992921113968,-0.09064078330993652,-0.13937023282051086,-0.1275634765625,-0.07578559219837189,-0.12602639198303223,-0.01960614323616028,-0.11795097589492798,-0.12768489122390747,-0.003217458724975586,-0.08332715928554535,-0.010187983512878418,-0.0005235522985458374,-0.012475073337554932,0.05305573344230652,-0.010542631149291992,-0.11203248798847198,0.06731796264648438,-0.06646344065666199,0.06782585382461548,-0.005202651023864746,0.06474536657333374,0.03556975722312927,0.06534582376480103,2
0.0,0.0,0.0674980878829956,-0.04989337921142578,0.09469151496887207,-0.14507031440734863,0.02190101146697998,-0.1879543662071228,-0.05662509799003601,-0.21099311113357544,0.06313592195510864,-0.3352648615837097,0.10515892505645752,-0.4784941077232361,0.1284961998462677,-0.5672036409378052,0.14806082844734192,-0.6359784603118896,-0.015226304531097412,-0.34112298488616943,-0.03277745842933655,-0.5195560455322266,-0.03992801904678345,-0.6351318955421448,-0.048575058579444885,-0.7305691838264465,-0.07613669335842133,-0.295529842376709,-0.11025568842887878,-0.35486090183258057,-0.0663149505853653,-0.2472556233406067,-0.03282058238983154,-0.17198526859283447,-0.1239318996667862,-0.21572721004486084,-0.14172932505607605,-0.23912429809570312,-0.09926006197929382,-0.17079198360443115,-0.06375250220298767,-0.12176686525344849,2
0.0,0.0,0.07411500811576843,-0.061823487281799316,0.1050533652305603,-0.1638251543045044,0.038883477449417114,-0.20585227012634277,-0.03509584069252014,-0.22871679067611694,0.06493610143661499,-0.36018598079681396,0.09507495164871216,-0.49692386388778687,0.1128973662853241,-0.58525750041008,0.1253271996974945,-0.6574102640151978,-0.014002978801727295,-0.36490774154663086,-0.035478025674819946,-0.5396260023117065,-0.047831594944000244,-0.6543980538845062,-0.06230698525905609,-0.7482430040836334,-0.0748147964477539,-0.3180198669433594,-0.1095065176486969,-0.37384140491485596,-0.06676657497882843,-0.2661740779876709,-0.035692691802978516,-0.19178283214569092,-0.12362542748451233,-0.2346145510673523,-0.13617944717407227,-0.2619349956512451,-0.09507748484611511,-0.19245970249176025,-0.06202411651611328,-0.14010488986968994,2
0.0,0.0,0.07591137290000916,-0.06912481784820557,0.11025357246398926,-0.17238491773605347,0.05534270405769348,-0.23390042781829834,-0.016688168048858643,-0.26645946502685547,0.06723904609680176,-0.3785233497619629,0.09701433777809143,-0.5112036466598511,0.11345821619033813,-0.5961328446865082,0.12298643589019775,-0.6691827774047852,-0.010560333728790283,-0.38077616691589355,-0.030799388885498047,-0.5518776178359985,-0.04395812749862671,-0.6648502945899963,-0.05942203104496002,-0.7547685503959656,-0.07077166438102722,-0.3308546543121338,-0.09977060556411743,-0.3928394317626953,-0.053734540939331055,-0.290177583694458,-0.02085345983505249,-0.21247076988220215,-0.11964637041091919,-0.24376726150512695,-0.1252804696559906,-0.28489214181900024,-0.0784912258386612,-0.21816831827163696,-0.04054209589958191,-0.1592511534690857,2
0.0,0.0,0.07785603404045105,-0.07709968090057373,0.10498324036598206,-0.1838170886039734,0.04565596580505371,-0.23970437049865723,-0.029419422149658203,-0.27276045083999634,0.05782973766326904,-0.4047635793685913,0.0832919180393219,-0.545446902513504,0.09771591424942017,-0.6358424723148346,0.10474494099617004,-0.7140003442764282,-0.024499505758285522,-0.405178964138031,-0.05168431997299194,-0.5850037336349487,-0.07104358077049255,-0.7069227993488312,-0.09242808818817139,-0.8062056303024292,-0.08824144303798676,-0.35040706396102905,-0.12328580021858215,-0.4082474708557129,-0.07224564254283905,-0.29426103830337524,-0.0344444215297699,-0.2130802869796753,-0.13800252974033356,-0.256230890750885,-0.14856204390525818,-0.2902040481567383,-0.0975324809551239,-0.21471643447875977,-0.05374591052532196,-0.15248823165893555,2
0.0,0.0,0.07006138563156128,-0.07224619388580322,0.0958443284034729,-0.1717379093170166,0.04729241132736206,-0.23136132955551147,-0.01942610740661621,-0.27452343702316284,0.05787062644958496,-0.3897639513015747,0.08042094111442566,-0.5339998006820679,0.09250211715698242,-0.6234098076820374,0.09855622053146362,-0.699664831161499,-0.022115379571914673,-0.39145487546920776,-0.049160778522491455,-0.5720291137695312,-0.0664713978767395,-0.6909489929676056,-0.0845380574464798,-0.7823343276977539,-0.08491331338882446,-0.3400686979293823,-0.1157819926738739,-0.397693395614624,-0.06575354933738708,-0.2880765199661255,-0.029731661081314087,-0.20665091276168823,-0.13359864056110382,-0.25173377990722656,-0.1412530094385147,-0.2828378677368164,-0.0918293446302414,-0.2088698148727417,-0.05108398199081421,-0.1459612250328064,2
0.0,0.0,0.07837259769439697,-0.08050107955932617,0.10559797286987305,-0.18942004442214966,0.05420362949371338,-0.25287508964538574,-0.01855054497718811,-0.2839010953903198,0.06354358792304993,-0.39741140604019165,0.08802071213722229,-0.5406856536865234,0.10106861591339111,-0.6281197369098663,0.10457038879394531,-0.7051823139190674,-0.01658692955970764,-0.40041059255599976,-0.04218947887420654,-0.5764747858047485,-0.058614253997802734,-0.6951011419296265,-0.0762546956539154,-0.7893219292163849,-0.07828551530838013,-0.3493572473526001,-0.10852859914302826,-0.40857213735580444,-0.058826565742492676,-0.30240941047668457,-0.021308600902557373,-0.22365093231201172,-0.1271282136440277,-0.25975948572158813,-0.12966206669807434,-0.28948986530303955,-0.07998865842819214,-0.21942412853240967,-0.036577820777893066,-0.15812718868255615,2
0.0,0.0,0.08138641715049744,-0.08505260944366455,0.11369982361793518,-0.1884177327156067,0.06254243850708008,-0.25915592908859253,-0.010080873966217041,-0.2864488363265991,0.07452070713043213,-0.3850255608558655,0.09622445702552795,-0.5245962738990784,0.10792997479438782,-0.6080520451068878,0.1094461977481842,-0.6841628551483154,-0.004233986139297485,-0.38949650526046753,-0.031014353036880493,-0.5579662919044495,-0.046746522188186646,-0.6733192801475525,-0.06201818585395813,-0.7664764821529388,-0.0630171000957489,-0.3397698402404785,-0.08638927340507507,-0.3915305733680725,-0.03847634792327881,-0.2918587923049927,-0.004351019859313965,-0.21815836429595947,-0.11103555560112,-0.252773642539978,-0.10918658971786499,-0.2937823534011841,-0.06345519423484802,-0.22969800233840942,-0.023930639028549194,-0.17003345489501953,2
0.0,0.0,0.07729384303092957,-0.07438844442367554,0.10901162028312683,-0.18028533458709717,0.06207594275474548,-0.2490348219871521,-0.005902379751205444,-0.2802429795265198,0.06632068753242493,-0.37442106008529663,0.08728745579719543,-0.509033203125,0.09863215684890747,-0.5914933383464813,0.10268852114677429,-0.6642114222049713,-0.00752672553062439,-0.3763864040374756,-0.03435447812080383,-0.5424027144908905,-0.04886564612388611,-0.6545153260231018,-0.06311473250389099,-0.7431255280971527,-0.06367358565330505,-0.32801884412765503,-0.08539329469203949,-0.3833717703819275,-0.036749958992004395,-0.28707021474838257,-0.003337770700454712,-0.21309763193130493,-0.10878780484199524,-0.24558115005493164,-0.10607072710990906,-0.2865925431251526,-0.05846056342124939,-0.2242923378944397,-0.02000609040260315,-0.16582202911376953,2
0.0,0.0,0.06800571084022522,-0.06879770755767822,0.09560239315032959,-0.16335028409957886,0.05418115854263306,-0.21979844570159912,-0.0048094093799591064,-0.25228554010391235,0.057491809129714966,-0.3481336832046509,0.07534822821617126,-0.475080281496048,0.08297958970069885,-0.5550285577774048,0.08522641658782959,-0.623502254486084,-0.013321995735168457,-0.3460231423377991,-0.04041850566864014,-0.5012590289115906,-0.05609685182571411,-0.606482595205307,-0.069912850856781,-0.689588189125061,-0.06950268149375916,-0.29897141456604004,-0.08304533362388611,-0.349323570728302,-0.037577301263809204,-0.26360630989074707,-0.007575273513793945,-0.19591307640075684,-0.11371339857578278,-0.2234363555908203,-0.10732932388782501,-0.26057249307632446,-0.06284484267234802,-0.2032761573791504,-0.028344720602035522,-0.14938676357269287,2
0.0,0.0,0.06825315952301025,-0.07072889804840088,0.09375587105751038,-0.16945284605026245,0.056434571743011475,-0.22724467515945435,-0.002388179302215576,-0.2590506672859192,0.05748036503791809,-0.34544241428375244,0.07518982887268066,-0.4701022505760193,0.08229726552963257,-0.5495259165763855,0.0848727822303772,-0.61814746260643,-0.010825037956237793,-0.3413398861885071,-0.03663858771324158,-0.4940427243709564,-0.05172932147979736,-0.5984758138656616,-0.06550511717796326,-0.682864248752594,-0.06616061925888062,-0.29310405254364014,-0.07664373517036438,-0.3481987714767456,-0.032186359167099,-0.2588808536529541,-0.0043135881423950195,-0.19012612104415894,-0.11026707291603088,-0.2168462872505188,-0.10418705642223358,-0.2649683356285095,-0.05830702185630798,-0.20798635482788086,-0.02298152446746826,-0.15349864959716797,2
0.0,0.0,0.06441602110862732,-0.07022154331207275,0.08790537714958191,-0.164076566696167,0.054444462060928345,-0.22070753574371338,-0.0024997591972351074,-0.25530534982681274,0.05230152606964111,-0.35712504386901855,0.06975579261779785,-0.48736393451690674,0.076805979013443,-0.5694941878318787,0.07865795493125916,-0.6391182839870453,-0.01886722445487976,-0.3530502915382385,-0.04688188433647156,-0.5134183764457703,-0.06301364302635193,-0.6212244033813477,-0.07763102650642395,-0.7056719660758972,-0.07655957341194153,-0.3026547431945801,-0.09049102663993835,-0.3588749170303345,-0.044825851917266846,-0.26664960384368896,-0.015301644802093506,-0.19589471817016602,-0.1224583238363266,-0.22273147106170654,-0.11755605041980743,-0.27003705501556396,-0.07100182771682739,-0.20909690856933594,-0.03510946035385132,-0.15294623374938965,2
0.0,0.0,0.06536105275154114,-0.06967121362686157,0.08932685852050781,-0.17293459177017212,0.05001276731491089,-0.22940027713775635,-0.013759523630142212,-0.2643957734107971,0.04854762554168701,-0.3752779960632324,0.06799262762069702,-0.5130675733089447,0.0768129825592041,-0.6004584431648254,0.08010590076446533,-0.673204094171524,-0.024301379919052124,-0.37187522649765015,-0.053967177867889404,-0.5433131754398346,-0.07068529725074768,-0.6592531800270081,-0.08623600006103516,-0.7481535077095032,-0.08282750844955444,-0.320425808429718,-0.10026705265045166,-0.3783392906188965,-0.052650660276412964,-0.27409428358078003,-0.02129116654396057,-0.1978161334991455,-0.12996038794517517,-0.23795193433761597,-0.12918484210968018,-0.2793824076652527,-0.08078545331954956,-0.21091681718826294,-0.04363110661506653,-0.15308725833892822,2
0.0,0.0,0.06795722246170044,-0.06429988145828247,0.09421154856681824,-0.15972423553466797,0.05985412001609802,-0.2143622636795044,-0.0016169250011444092,-0.25304877758026123,0.056088656187057495,-0.37949466705322266,0.07560616731643677,-0.5217035412788391,0.08509624004364014,-0.6115766167640686,0.0878058671951294,-0.6856330633163452,-0.01863524317741394,-0.3756614923477173,-0.04642477631568909,-0.5503910481929779,-0.06383708119392395,-0.6690531075000763,-0.08187714219093323,-0.760547399520874,-0.07930529117584229,-0.32391077280044556,-0.09671005606651306,-0.37289154529571533,-0.04568079113960266,-0.26768696308135986,-0.010468065738677979,-0.19246280193328857,-0.12763047218322754,-0.2419673204421997,-0.11952203512191772,-0.2655969262123108,-0.06937402486801147,-0.19672542810440063,-0.030603498220443726,-0.14276349544525146,2
0.0,0.0,0.07359373569488525,-0.05405843257904053,0.11142760515213013,-0.14578235149383545,0.07948046922683716,-0.2006790041923523,0.01698213815689087,-0.24078285694122314,0.06899642944335938,-0.3757670521736145,0.09368622303009033,-0.5211628973484039,0.10511797666549683,-0.6136384904384613,0.1081901490688324,-0.6929842233657837,-0.009155899286270142,-0.3753567337989807,-0.03846433758735657,-0.5548824667930603,-0.053518086671829224,-0.6749527752399445,-0.06920003890991211,-0.772455096244812,-0.06998595595359802,-0.3244514465332031,-0.0887380838394165,-0.3657931089401245,-0.03582561016082764,-0.2556679844856262,0.0028710663318634033,-0.18209147453308105,-0.11692410707473755,-0.24249470233917236,-0.10804402828216553,-0.25005292892456055,-0.058193981647491455,-0.17605286836624146,-0.018186748027801514,-0.12492203712463379,2
0.0,0.0,0.0748487114906311,-0.0534062385559082,0.11488962173461914,-0.14837616682052612,0.08291089534759521,-0.20184367895126343,0.0196264386177063,-0.24248814582824707,0.06905525922775269,-0.37366271018981934,0.09329473972320557,-0.5232023000717163,0.10359007120132446,-0.6161340177059174,0.10589808225631714,-0.6955406367778778,-0.00873500108718872,-0.3739253282546997,-0.03670060634613037,-0.5554034113883972,-0.05141341686248779,-0.6764592230319977,-0.0669068992137909,-0.775052547454834,-0.06948485970497131,-0.3245876431465149,-0.08482855558395386,-0.3631948232650757,-0.0341821014881134,-0.25165146589279175,0.001961350440979004,-0.1794365644454956,-0.11752000451087952,-0.2439691424369812,-0.10689470171928406,-0.2486324906349182,-0.059258878231048584,-0.17497622966766357,-0.02199682593345642,-0.12741661071777344,2
0.0,0.0,0.07644510269165039,-0.05120110511779785,0.11897933483123779,-0.14188385009765625,0.08986827731132507,-0.19656312465667725,0.029663026332855225,-0.24161285161972046,0.07179060578346252,-0.37109529972076416,0.09802594780921936,-0.5207574665546417,0.10837993025779724,-0.6143708527088165,0.10963070392608643,-0.6959293484687805,-0.006544649600982666,-0.3726320266723633,-0.032665908336639404,-0.5542129874229431,-0.04706159234046936,-0.6752026379108429,-0.062472641468048096,-0.7746168076992035,-0.06766575574874878,-0.32301080226898193,-0.08332040905952454,-0.3618495464324951,-0.031818777322769165,-0.2520778179168701,0.005915611982345581,-0.17931431531906128,-0.11601412296295166,-0.24130356311798096,-0.10663476586341858,-0.24427276849746704,-0.05865907669067383,-0.1714491844177246,-0.01980435848236084,-0.12268626689910889,2
0.0,0.0,0.07799458503723145,-0.051638245582580566,0.12334823608398438,-0.1439424753189087,0.0940292477607727,-0.20056486129760742,0.03287380933761597,-0.24495404958724976,0.0758918821811676,-0.37273770570755005,0.10033494234085083,-0.5209958851337433,0.11074960231781006,-0.6144134104251862,0.11300039291381836,-0.6955733001232147,-0.0019390285015106201,-0.3741985559463501,-0.02967679500579834,-0.5577952265739441,-0.044734448194503784,-0.680355042219162,-0.06043407320976257,-0.7812601327896118,-0.06294125318527222,-0.32537609338760376,-0.07857018709182739,-0.3654962182044983,-0.028049856424331665,-0.2573191523551941,0.00841212272644043,-0.18534094095230103,-0.11118602752685547,-0.2453010082244873,-0.10043755173683167,-0.25352025032043457,-0.05140596628189087,-0.17910057306289673,-0.01231461763381958,-0.12796813249588013,2
0.0,0.0,0.07655933499336243,-0.04938066005706787,0.12377101182937622,-0.137783944606781,0.09629052877426147,-0.19487255811691284,0.04154565930366516,-0.24047517776489258,0.07970520853996277,-0.36442357301712036,0.10248678922653198,-0.5084646642208099,0.11245852708816528,-0.6002670526504517,0.11444616317749023,-0.6801384091377258,0.0031683146953582764,-0.36963826417922974,-0.020913660526275635,-0.5473532676696777,-0.03669169545173645,-0.6682572960853577,-0.05241239070892334,-0.7688233554363251,-0.05945158004760742,-0.3262614607810974,-0.06735286116600037,-0.3585748076438904,-0.02057480812072754,-0.2531282901763916,0.013414382934570312,-0.18224424123764038,-0.11095184087753296,-0.25275176763534546,-0.0973459780216217,-0.2540270686149597,-0.05115777254104614,-0.18292438983917236,-0.01442071795463562,-0.13565343618392944,2
0.0,0.0,0.07667440176010132,-0.05098271369934082,0.12230551242828369,-0.136224627494812,0.09402185678482056,-0.19263285398483276,0.0399799644947052,-0.2364087700843811,0.07861694693565369,-0.3608514666557312,0.1016618013381958,-0.5021669566631317,0.11140018701553345,-0.5923299789428711,0.11303073167800903,-0.6705177128314972,0.0027640461921691895,-0.36397939920425415,-0.019411861896514893,-0.5398654937744141,-0.03411930799484253,-0.6602474749088287,-0.04965883493423462,-0.7579089999198914,-0.05955854058265686,-0.31964826583862305,-0.0671629011631012,-0.3590731620788574,-0.019382983446121216,-0.2560507655143738,0.01471245288848877,-0.18130648136138916,-0.11033719778060913,-0.24517786502838135,-0.09552428126335144,-0.25590604543685913,-0.04753684997558594,-0.18557041883468628,-0.010146528482437134,-0.13198566436767578,2
0.0,0.0,0.07830727100372314,-0.05164599418640137,0.13072025775909424,-0.1346951723098755,0.10398846864700317,-0.19404351711273193,0.04939517378807068,-0.23830056190490723,0.08529502153396606,-0.3587900996208191,0.10807526111602783,-0.49902164936065674,0.11673659086227417,-0.5870690941810608,0.11816400289535522,-0.6638222634792328,0.0065267086029052734,-0.36595165729522705,-0.007962167263031006,-0.5384089052677155,-0.02011430263519287,-0.6587495505809784,-0.033419668674468994,-0.7545538246631622,-0.05959427356719971,-0.324787437915802,-0.05153709650039673,-0.3520558476448059,-0.0065566301345825195,-0.2507562041282654,0.02430182695388794,-0.17597943544387817,-0.11343839764595032,-0.2520657181739807,-0.08561074733734131,-0.24467456340789795,-0.03548279404640198,-0.17686045169830322,0.0035997331142425537,-0.12624692916870117,2
0.0,0.0,0.07893586158752441,-0.053388357162475586,0.12857693433761597,-0.14050346612930298,0.10405462980270386,-0.1990370750427246,0.052416473627090454,-0.24450349807739258,0.08355832099914551,-0.3620280623435974,0.10778588056564331,-0.5020972490310669,0.11639726161956787,-0.5913545787334442,0.11755812168121338,-0.6693511605262756,0.00518074631690979,-0.3693656921386719,-0.011536866426467896,-0.5436633825302124,-0.024118363857269287,-0.6637782752513885,-0.0374121367931366,-0.7618020176887512,-0.0606253445148468,-0.32848459482192993,-0.05482214689254761,-0.35718029737472534,-0.009949862957000732,-0.25364309549331665,0.020799458026885986,-0.17919409275054932,-0.11411088705062866,-0.2563960552215576,-0.0897756814956665,-0.25348377227783203,-0.041145920753479004,-0.1840621829032898,-0.00310361385345459,-0.13266593217849731,2
0.0,0.0,0.0801859200000763,-0.053344547748565674,0.13150867819786072,-0.13818985223770142,0.1071920096874237,-0.19523948431015015,0.055131226778030396,-0.24064326286315918,0.08434668183326721,-0.3625217080116272,0.10960212349891663,-0.5034465491771698,0.12033495306968689,-0.5933834910392761,0.12244704365730286,-0.6729616522789001,0.0073122382164001465,-0.36788254976272583,-0.007088214159011841,-0.543904721736908,-0.018979370594024658,-0.6642015874385834,-0.03293579816818237,-0.7639058828353882,-0.05747455358505249,-0.3243292570114136,-0.050877153873443604,-0.3584063649177551,-0.007323533296585083,-0.25573909282684326,0.021723777055740356,-0.18271487951278687,-0.11064216494560242,-0.24831175804138184,-0.08838802576065063,-0.25450098514556885,-0.03979581594467163,-0.1859050989151001,-0.0013554394245147705,-0.13270950317382812,2
0.0,0.0,0.07773399353027344,-0.04869765043258667,0.1317756474018097,-0.1372860074043274,0.09511765837669373,-0.1969691514968872,0.032655686140060425,-0.22802764177322388,0.09106758236885071,-0.3536311984062195,0.11282840371131897,-0.49982160329818726,0.12398925423622131,-0.5917047560214996,0.12612387537956238,-0.668319970369339,0.012590736150741577,-0.368366003036499,-0.014428913593292236,-0.5465657114982605,-0.028186172246932983,-0.6617297530174255,-0.041536301374435425,-0.7525538802146912,-0.053376227617263794,-0.33397233486175537,-0.06506752967834473,-0.3317602276802063,-0.024970024824142456,-0.23302102088928223,0.005240291357040405,-0.1665947437286377,-0.10829922556877136,-0.2718234658241272,-0.10177671909332275,-0.24447482824325562,-0.06341409683227539,-0.17145800590515137,-0.03218710422515869,-0.12367123365402222,2
0.0,0.0,0.07973045110702515,-0.06051039695739746,0.12149477005004883,-0.14896994829177856,0.08848953247070312,-0.2096272110939026,0.01391136646270752,-0.23946428298950195,0.07314169406890869,-0.3794551491737366,0.0952044129371643,-0.5379357933998108,0.10561251640319824,-0.6343496441841125,0.10615026950836182,-0.7229216992855072,-0.007543206214904785,-0.37656521797180176,-0.03928220272064209,-0.566645085811615,-0.06064403057098389,-0.6915835440158844,-0.0823812484741211,-0.7995103299617767,-0.06615778803825378,-0.32054680585861206,-0.09655287861824036,-0.3726619482040405,-0.04458475112915039,-0.25225627422332764,-0.0020411908626556396,-0.17699718475341797,-0.11153334379196167,-0.22726309299468994,-0.12022453546524048,-0.26282352209091187,-0.0711132287979126,-0.18409091234207153,-0.02843630313873291,-0.12993520498275757,2
0.0,0.0,0.0729932188987732,-0.05844557285308838,0.11062061786651611,-0.13875436782836914,0.08069539070129395,-0.18669664859771729,0.016632258892059326,-0.22049832344055176,0.06645572185516357,-0.3587701916694641,0.08592578768730164,-0.5088345110416412,0.09181275963783264,-0.6015699803829193,0.08920690417289734,-0.6843015849590302,-0.010805666446685791,-0.35558271408081055,-0.04287630319595337,-0.5363084077835083,-0.0652097761631012,-0.6539135277271271,-0.08667269349098206,-0.7526277005672455,-0.06803303956985474,-0.3016709089279175,-0.08901560306549072,-0.3470746874809265,-0.039198487997055054,-0.23419076204299927,-0.001763761043548584,-0.16318410634994507,-0.11146962642669678,-0.21420937776565552,-0.11364391446113586,-0.23798811435699463,-0.06640931963920593,-0.16561353206634521,-0.02667883038520813,-0.11593306064605713,2
0.0,0.0,0.06930592656135559,-0.05854243040084839,0.10497656464576721,-0.1469019055366516,0.07490766048431396,-0.19491428136825562,0.015316396951675415,-0.22694295644760132,0.05910062789916992,-0.3592246174812317,0.0755724310874939,-0.5069794356822968,0.08134916424751282,-0.5988017916679382,0.0796491801738739,-0.6780987679958344,-0.015327602624893188,-0.35345458984375,-0.04865655303001404,-0.5277247428894043,-0.07101479172706604,-0.6437105536460876,-0.09214690327644348,-0.7414000034332275,-0.07108291983604431,-0.3014453053474426,-0.0893528163433075,-0.3356549143791199,-0.040381938219070435,-0.22973567247390747,-0.003527313470840454,-0.16497379541397095,-0.11472862958908081,-0.2195143699645996,-0.1148122251033783,-0.2322825789451599,-0.06935557723045349,-0.16049540042877197,-0.03166881203651428,-0.11520320177078247,2
0.0,0.0,0.06551441550254822,-0.05622756481170654,0.10014453530311584,-0.14035242795944214,0.07241126894950867,-0.1870986819267273,0.017172008752822876,-0.21738922595977783,0.05557975172996521,-0.34501439332962036,0.07013645768165588,-0.4862949848175049,0.0741107165813446,-0.5757629573345184,0.07127702236175537,-0.6525019705295563,-0.01568359136581421,-0.3388144373893738,-0.04939013719558716,-0.5067425072193146,-0.07193779945373535,-0.616704523563385,-0.09272673726081848,-0.7087051272392273,-0.06987577676773071,-0.2885415554046631,-0.08269914984703064,-0.3243175148963928,-0.03697282075881958,-0.22464287281036377,-0.003846973180770874,-0.15972238779067993,-0.1107695996761322,-0.21026229858398438,-0.10769709944725037,-0.2239856719970703,-0.0625973641872406,-0.15754050016403198,-0.02598246932029724,-0.11128520965576172,2
0.0,0.0,0.06541132926940918,-0.05826985836029053,0.09646174311637878,-0.13910269737243652,0.07028734683990479,-0.18511241674423218,0.01885169744491577,-0.21744179725646973,0.05683085322380066,-0.33876127004623413,0.07036569714546204,-0.47489988803863525,0.07486248016357422,-0.5609687566757202,0.0723583996295929,-0.6350330412387848,-0.01305389404296875,-0.334722638130188,-0.04548332095146179,-0.49656277894973755,-0.06766402721405029,-0.6052212417125702,-0.08917024731636047,-0.6945025026798248,-0.06785592436790466,-0.286740779876709,-0.07526487112045288,-0.3191273808479309,-0.02968764305114746,-0.22940361499786377,0.0011175572872161865,-0.16603541374206543,-0.10847559571266174,-0.2113904356956482,-0.09775090217590332,-0.22316884994506836,-0.05167302489280701,-0.16280114650726318,-0.01567906141281128,-0.11555904150009155,2
0.0,0.0,0.06192666292190552,-0.06299018859863281,0.0869097113609314,-0.14590024948120117,0.059940606355667114,-0.19063645601272583,0.008931964635848999,-0.22014743089675903,0.050289809703826904,-0.3390107750892639,0.06491956114768982,-0.4713020920753479,0.06955349445343018,-0.5555811524391174,0.06667837500572205,-0.6284775137901306,-0.01949724555015564,-0.33575737476348877,-0.052627235651016235,-0.4946609437465668,-0.07401534914970398,-0.602570503950119,-0.09455594420433044,-0.6913844645023346,-0.0742247998714447,-0.2881901264190674,-0.08270272612571716,-0.3206977844238281,-0.03560870885848999,-0.2282552719116211,-0.0032829642295837402,-0.16477227210998535,-0.1148386001586914,-0.21269798278808594,-0.10394689440727234,-0.22261977195739746,-0.057800233364105225,-0.1616835594177246,-0.02111467719078064,-0.11601293087005615,2
0.0,0.0,0.06279367208480835,-0.059404611587524414,0.09102281928062439,-0.13820171356201172,0.06749284267425537,-0.18415647745132446,0.016881853342056274,-0.2160193920135498,0.05362972617149353,-0.3403920531272888,0.067302405834198,-0.4761454463005066,0.07186493277549744,-0.5633646249771118,0.07032608985900879,-0.6377111077308655,-0.01676800847053528,-0.3361217975616455,-0.05182346701622009,-0.4977887272834778,-0.07435345649719238,-0.6077320873737335,-0.09434619545936584,-0.6981264650821686,-0.07250002026557922,-0.28802984952926636,-0.0855536162853241,-0.31649935245513916,-0.0397334098815918,-0.22506433725357056,-0.006620883941650391,-0.1599733829498291,-0.11525171995162964,-0.21330130100250244,-0.10982158780097961,-0.21583449840545654,-0.06569430232048035,-0.15455842018127441,-0.029978454113006592,-0.10851752758026123,2
0.0,0.0,0.06047588586807251,-0.06126606464385986,0.08733689785003662,-0.14833664894104004,0.051033467054367065,-0.19328290224075317,-0.006545960903167725,-0.22285759449005127,0.04406440258026123,-0.3498517870903015,0.05794745683670044,-0.49348121881484985,0.0639876127243042,-0.5833589136600494,0.06412369012832642,-0.6584855914115906,-0.02775701880455017,-0.34111350774765015,-0.06586343050003052,-0.5124116241931915,-0.08846527338027954,-0.6250928938388824,-0.10828253626823425,-0.7172214984893799,-0.08363479375839233,-0.2892536520957947,-0.09734830260276794,-0.3261979818344116,-0.05097457766532898,-0.2306835651397705,-0.018747836351394653,-0.16405296325683594,-0.1255406141281128,-0.2111334204673767,-0.12284278869628906,-0.22799408435821533,-0.076494961977005,-0.1663791537284851,-0.04103994369506836,-0.12090432643890381,2
0.0,0.0,0.06436270475387573,-0.06383585929870605,0.0929144024848938,-0.15332835912704468,0.05223771929740906,-0.19375818967819214,-0.014207273721694946,-0.2183935046195984,0.041130661964416504,-0.3573252558708191,0.05584803223609924,-0.4997161030769348,0.061260104179382324,-0.5891439318656921,0.06047216057777405,-0.6644724607467651,-0.03426209092140198,-0.34949469566345215,-0.07270854711532593,-0.5180847346782684,-0.09648105502128601,-0.6309745907783508,-0.1194159984588623,-0.7253921627998352,-0.09085556864738464,-0.29537540674209595,-0.1125873327255249,-0.33209067583084106,-0.06000244617462158,-0.22909504175186157,-0.023759037256240845,-0.16272377967834473,-0.13331153988838196,-0.2096189260482788,-0.1318514347076416,-0.2212536334991455,-0.08153721690177917,-0.15761953592300415,-0.041974276304244995,-0.11496955156326294,2
0.0,0.0,0.06685173511505127,-0.06332451105117798,0.09748375415802002,-0.15824830532073975,0.05169495940208435,-0.20287054777145386,-0.0189802348613739,-0.23199695348739624,0.046697378158569336,-0.36636292934417725,0.05758291482925415,-0.5100646615028381,0.06184512376785278,-0.6000038981437683,0.061125874519348145,-0.6790257394313812,-0.03202906250953674,-0.36085981130599976,-0.07106629014015198,-0.5361679792404175,-0.0950009822845459,-0.654848724603653,-0.1176847517490387,-0.7516068816184998,-0.09098267555236816,-0.30759626626968384,-0.11849796772003174,-0.34516090154647827,-0.06274241209030151,-0.23384565114974976,-0.022792786359786987,-0.1608283519744873,-0.1351323425769806,-0.22161346673965454,-0.1331855058670044,-0.22667276859283447,-0.08170974254608154,-0.15471667051315308,-0.04194331169128418,-0.10808557271957397,2
0.0,0.0,0.06675562262535095,-0.0637211799621582,0.09917747974395752,-0.16427373886108398,0.04361841082572937,-0.20810240507125854,-0.029057294130325317,-0.23339426517486572,0.0448741614818573,-0.37376201152801514,0.058136701583862305,-0.521342009305954,0.0639352798461914,-0.6148488223552704,0.06476408243179321,-0.6946955919265747,-0.035118550062179565,-0.3680177927017212,-0.07409355044364929,-0.5459555387496948,-0.09684604406356812,-0.6672232151031494,-0.11880716681480408,-0.7670788466930389,-0.09458357095718384,-0.3147650957107544,-0.11258631944656372,-0.3443458676338196,-0.0582616925239563,-0.23929613828659058,-0.021604418754577637,-0.167788565158844,-0.13778215646743774,-0.23018360137939453,-0.12627464532852173,-0.2252514362335205,-0.07379132509231567,-0.15635240077972412,-0.0357515811920166,-0.11072808504104614,2
0.0,0.0,0.0666879415512085,-0.06226456165313721,0.1000431478023529,-0.16352474689483643,0.04426342248916626,-0.2093183994293213,-0.028715044260025024,-0.24103659391403198,0.049259305000305176,-0.37707841396331787,0.062174201011657715,-0.5255740880966187,0.06765934824943542,-0.6189591884613037,0.06894603371620178,-0.6990399658679962,-0.030513465404510498,-0.3712737560272217,-0.07027772068977356,-0.5525482296943665,-0.09365791082382202,-0.6753994822502136,-0.11578783392906189,-0.775736927986145,-0.09032067656517029,-0.31704527139663696,-0.11440181732177734,-0.35252952575683594,-0.060461461544036865,-0.24616670608520508,-0.023416757583618164,-0.17521405220031738,-0.13459506630897522,-0.23180288076400757,-0.1296452283859253,-0.23312020301818848,-0.07796049118041992,-0.16281723976135254,-0.039663851261138916,-0.11715483665466309,2
0.0,0.0,0.06947606801986694,-0.06137800216674805,0.10221520066261292,-0.1662805676460266,0.041586995124816895,-0.20996344089508057,-0.03722351789474487,-0.23987770080566406,0.047179996967315674,-0.38105452060699463,0.06120207905769348,-0.5354874134063721,0.06758889555931091,-0.6329230964183807,0.0699891448020935,-0.7170905470848083,-0.03497648239135742,-0.37470269203186035,-0.07887142896652222,-0.5644964575767517,-0.10186329483985901,-0.6879245638847351,-0.12288802862167358,-0.7901845574378967,-0.09491166472434998,-0.3177395462989807,-0.12144410610198975,-0.35824209451675415,-0.0651942789554596,-0.24690431356430054,-0.026731550693511963,-0.17728328704833984,-0.13807612657546997,-0.2282729148864746,-0.1360616385936737,-0.23331499099731445,-0.08169877529144287,-0.16087377071380615,-0.04235255718231201,-0.11914056539535522,2
0.0,0.0,0.0695878267288208,-0.06016862392425537,0.09959271550178528,-0.16201400756835938,0.034401774406433105,-0.20644104480743408,-0.04648736119270325,-0.23446440696716309,0.04462289810180664,-0.3812844157218933,0.05880814790725708,-0.5390124320983887,0.06566882133483887,-0.63707435131073,0.06750667095184326,-0.7228154838085175,-0.03822466731071472,-0.37707066535949707,-0.07829004526138306,-0.5660708546638489,-0.1047426164150238,-0.692113995552063,-0.13062971830368042,-0.7978330850601196,-0.09975114464759827,-0.3215387463569641,-0.12806764245033264,-0.3598518371582031,-0.07181227207183838,-0.24465107917785645,-0.03161764144897461,-0.17066657543182373,-0.14425116777420044,-0.23162609338760376,-0.14516326785087585,-0.23246252536773682,-0.09078556299209595,-0.15814101696014404,-0.048621535301208496,-0.11129701137542725,2
0.0,0.0,0.07134506106376648,-0.059847235679626465,0.10471031069755554,-0.16230124235153198,0.0467563271522522,-0.20963633060455322,-0.032960593700408936,-0.23935765027999878,0.051205068826675415,-0.3855208158493042,0.06698885560035706,-0.5488618016242981,0.07558932900428772,-0.6489255130290985,0.07756265997886658,-0.7358571290969849,-0.033736348152160645,-0.3817037343978882,-0.07294610142707825,-0.5738309025764465,-0.09824156761169434,-0.7029294967651367,-0.12409552931785583,-0.8099963665008545,-0.09676888585090637,-0.32684266567230225,-0.1245252788066864,-0.368182897567749,-0.06672754883766174,-0.25124919414520264,-0.02592998743057251,-0.17459344863891602,-0.14280766248703003,-0.23787415027618408,-0.13822494447231293,-0.24026089906692505,-0.08388853073120117,-0.16283529996871948,-0.04222762584686279,-0.11252450942993164,2
0.0,0.0,0.07530850172042847,-0.06145524978637695,0.11057737469673157,-0.16644573211669922,0.04686307907104492,-0.20894771814346313,-0.034709811210632324,-0.23552608489990234,0.05443534255027771,-0.38802599906921387,0.07199549674987793,-0.5568104088306427,0.08117061853408813,-0.6607145369052887,0.08306261897087097,-0.749908059835434,-0.03340354561805725,-0.3856211304664612,-0.07130220532417297,-0.5818753838539124,-0.09609809517860413,-0.7142607867717743,-0.12182846665382385,-0.8255528211593628,-0.0986146628856659,-0.33107811212539673,-0.12255316972732544,-0.36281388998031616,-0.06433525681495667,-0.24473118782043457,-0.023464053869247437,-0.17048048973083496,-0.14628589153289795,-0.24232769012451172,-0.13801148533821106,-0.2324671745300293,-0.08367571234703064,-0.15636104345321655,-0.04276508092880249,-0.11131918430328369,2
0.0,0.0,0.0800740122795105,-0.05999702215194702,0.12184235453605652,-0.16406655311584473,0.06202980875968933,-0.21054422855377197,-0.025181472301483154,-0.23380160331726074,0.06476640701293945,-0.39017051458358765,0.08248338103294373,-0.5622081756591797,0.09458962082862854,-0.6680233180522919,0.09695234894752502,-0.7624213993549347,-0.023307710886001587,-0.39030373096466064,-0.06396526098251343,-0.5956873297691345,-0.08533486723899841,-0.7291745841503143,-0.10804855823516846,-0.8441824316978455,-0.08735325932502747,-0.3348357081413269,-0.11532893776893616,-0.37032920122146606,-0.05611306428909302,-0.24421179294586182,-0.012287735939025879,-0.17136621475219727,-0.13664290308952332,-0.24282926321029663,-0.13648656010627747,-0.2401079535484314,-0.08198261260986328,-0.16061633825302124,-0.03781089186668396,-0.11767780780792236,2
0.0,0.0,0.08168324828147888,-0.05715751647949219,0.13310429453849792,-0.1537659764289856,0.07855698466300964,-0.20834052562713623,-0.006460845470428467,-0.2330508828163147,0.07867023348808289,-0.3921412229537964,0.10020628571510315,-0.5627530217170715,0.11105689406394958,-0.6672565042972565,0.11233565211296082,-0.7588343024253845,-0.010660350322723389,-0.3910982012748718,-0.04463735222816467,-0.589767187833786,-0.06589072942733765,-0.7222490906715393,-0.08870628476142883,-0.8365514576435089,-0.07790860533714294,-0.3340311646461487,-0.08846873044967651,-0.353209912776947,-0.03294086456298828,-0.23552173376083374,0.005543261766433716,-0.1647700071334839,-0.12950298190116882,-0.24460381269454956,-0.11369499564170837,-0.23077046871185303,-0.06088811159133911,-0.15322840213775635,-0.021736472845077515,-0.10823357105255127,2
0.0,0.0,0.08116340637207031,-0.05626630783081055,0.13116887211799622,-0.15957725048065186,0.07744184136390686,-0.2145627737045288,-0.006217628717422485,-0.24069130420684814,0.07553842663764954,-0.39612793922424316,0.10196104645729065,-0.5664304494857788,0.11377885937690735,-0.6705725193023682,0.1147933304309845,-0.76059690117836,-0.011502116918563843,-0.39337438344955444,-0.047197550535202026,-0.592838704586029,-0.06345531344413757,-0.721023827791214,-0.08184722065925598,-0.8321026861667633,-0.07537540793418884,-0.3365997076034546,-0.08837205171585083,-0.35397982597351074,-0.030657976865768433,-0.23863744735717773,0.008863836526870728,-0.17256921529769897,-0.12448307871818542,-0.24877595901489258,-0.11205646395683289,-0.2402307391166687,-0.060058772563934326,-0.16335010528564453,-0.022088289260864258,-0.12027090787887573,2
0.0,0.0,0.07554984092712402,-0.055428385734558105,0.11860868334770203,-0.15360814332962036,0.06760963797569275,-0.20628368854522705,-0.011366605758666992,-0.23435461521148682,0.06742265820503235,-0.3848259449005127,0.09065231680870056,-0.5487202703952789,0.10263434052467346,-0.6512069702148438,0.10339018702507019,-0.7419849336147308,-0.01757153868675232,-0.38393574953079224,-0.053384214639663696,-0.5775461792945862,-0.07131949067115784,-0.7040542364120483,-0.09188881516456604,-0.8136581778526306,-0.08138260245323181,-0.32978200912475586,-0.09305968880653381,-0.34355974197387695,-0.03795516490936279,-0.2309741973876953,-0.0007758736610412598,-0.1633228063583374,-0.12981155514717102,-0.2438865303993225,-0.11670094728469849,-0.23395168781280518,-0.0662665069103241,-0.1589592695236206,-0.028709203004837036,-0.11250710487365723,2
0.0,0.0,0.07259875535964966,-0.0553397536277771,0.1140531599521637,-0.1516391634941101,0.05987095832824707,-0.1995149850845337,-0.016855388879776,-0.22236591577529907,0.06202113628387451,-0.36636263132095337,0.08312219381332397,-0.5267901420593262,0.09527447819709778,-0.6265454292297363,0.09896621108055115,-0.7151685655117035,-0.021183520555496216,-0.36522018909454346,-0.05741313099861145,-0.5531015992164612,-0.07794806361198425,-0.6764897406101227,-0.09873959422111511,-0.7831775844097137,-0.08289101719856262,-0.3132449984550476,-0.09274229407310486,-0.3309142589569092,-0.04126870632171631,-0.22003477811813354,-0.005954176187515259,-0.1505589485168457,-0.12889650464057922,-0.2309381365776062,-0.11645978689193726,-0.2187819480895996,-0.0675763189792633,-0.14603537321090698,-0.03015419840812683,-0.10029542446136475,2
0.0,0.0,0.06887057423591614,-0.054148077964782715,0.10645219683647156,-0.14621782302856445,0.05527535080909729,-0.19065254926681519,-0.01349252462387085,-0.21392786502838135,0.05647215247154236,-0.3514670729637146,0.07621031999588013,-0.5020272731781006,0.087714284658432,-0.5980493724346161,0.09098657965660095,-0.68198561668396,-0.02218937873840332,-0.34699898958206177,-0.05830398201942444,-0.5288938283920288,-0.07946357131004333,-0.6467549800872803,-0.10125535726547241,-0.7462558150291443,-0.08021906018257141,-0.2947402000427246,-0.08834567666053772,-0.32091033458709717,-0.038355112075805664,-0.21720856428146362,-0.005577981472015381,-0.14869117736816406,-0.12319320440292358,-0.21453237533569336,-0.10738730430603027,-0.20685535669326782,-0.0588531494140625,-0.1390923261642456,-0.024070262908935547,-0.09423112869262695,2
0.0,0.0,0.06400513648986816,-0.05492943525314331,0.09826412796974182,-0.14874595403671265,0.05662885308265686,-0.20065319538116455,-0.002501875162124634,-0.2320658564567566,0.05318465828895569,-0.34784334897994995,0.07376417517662048,-0.49544161558151245,0.08397215604782104,-0.588527262210846,0.08679279685020447,-0.667399525642395,-0.021355390548706055,-0.34463703632354736,-0.05479028820991516,-0.521773636341095,-0.07317814230918884,-0.6383304595947266,-0.09108641743659973,-0.7339707612991333,-0.07798951864242554,-0.2957637906074524,-0.08466827869415283,-0.3247736096382141,-0.040427327156066895,-0.2327561378479004,-0.011829376220703125,-0.16828054189682007,-0.11984279751777649,-0.2201281189918518,-0.10289424657821655,-0.21160680055618286,-0.05603587627410889,-0.14802253246307373,-0.022175759077072144,-0.10378372669219971,2
0.0,0.0,0.061454206705093384,-0.060535311698913574,0.08936956524848938,-0.15217459201812744,0.051342159509658813,-0.20440971851348877,-0.008552074432373047,-0.23760122060775757,0.05140751600265503,-0.3467245101928711,0.06955847144126892,-0.48575299978256226,0.07885622978210449,-0.5755478739738464,0.08153852820396423,-0.6514520347118378,-0.01837429404258728,-0.3417016267776489,-0.051548272371292114,-0.5116382837295532,-0.07105556130409241,-0.6247353255748749,-0.08927330374717712,-0.7172664403915405,-0.07297417521476746,-0.290918231010437,-0.08519843220710754,-0.32409238815307617,-0.04130953550338745,-0.23364806175231934,-0.011660665273666382,-0.17217731475830078,-0.11523786187171936,-0.21416997909545898,-0.11091995239257812,-0.2301732301712036,-0.0660456120967865,-0.16845136880874634,-0.030769914388656616,-0.12242400646209717,2
0.0,0.0,0.05911463499069214,-0.06504762172698975,0.08307233452796936,-0.1558469533920288,0.045189350843429565,-0.202769935131073,-0.012133538722991943,-0.23335444927215576,0.046125203371047974,-0.3467157483100891,0.0648355782032013,-0.4855814576148987,0.07449644804000854,-0.5753641128540039,0.0772320032119751,-0.6503984332084656,-0.02321094274520874,-0.34178411960601807,-0.05648696422576904,-0.5107971727848053,-0.07660624384880066,-0.6241067051887512,-0.09608438611030579,-0.716691255569458,-0.07898148894309998,-0.29161494970321655,-0.0910806655883789,-0.3233545422554016,-0.04518979787826538,-0.23438400030136108,-0.014555901288986206,-0.17337524890899658,-0.12233325839042664,-0.2158193588256836,-0.11704385280609131,-0.2293308973312378,-0.07167497277259827,-0.16946524381637573,-0.037076324224472046,-0.1258847713470459,2
0.0,0.0,0.057693272829055786,-0.06356406211853027,0.08358851075172424,-0.15324890613555908,0.04295775294303894,-0.20074176788330078,-0.015239149332046509,-0.22807419300079346,0.044745057821273804,-0.3412506580352783,0.06213989853858948,-0.4795801639556885,0.07130163908004761,-0.569265753030777,0.07485648989677429,-0.6437981426715851,-0.025078535079956055,-0.3355635404586792,-0.058077722787857056,-0.5028107762336731,-0.07884553074836731,-0.6155722439289093,-0.09813135862350464,-0.7058571577072144,-0.08040422201156616,-0.2864278554916382,-0.09221526980400085,-0.3186190724372864,-0.04756411910057068,-0.23193222284317017,-0.01735609769821167,-0.16741973161697388,-0.12237456440925598,-0.21199339628219604,-0.11394667625427246,-0.22112548351287842,-0.0674508810043335,-0.1613292098045349,-0.032197505235672,-0.11433005332946777,2
0.0,0.0,0.060969799757003784,-0.06463205814361572,0.08777159452438354,-0.15646272897720337,0.04685768485069275,-0.2069249153137207,-0.01485222578048706,-0.23625695705413818,0.04826650023460388,-0.34807246923446655,0.06739822030067444,-0.485257625579834,0.0773824155330658,-0.5742998719215393,0.08046892285346985,-0.6489506363868713,-0.02198222279548645,-0.3421028256416321,-0.0554317831993103,-0.5084939301013947,-0.07575225830078125,-0.6226568818092346,-0.09567496180534363,-0.7151283919811249,-0.07725191116333008,-0.29081451892852783,-0.09042525291442871,-0.3254169821739197,-0.04363402724266052,-0.23446738719940186,-0.012822657823562622,-0.1694488525390625,-0.11859950423240662,-0.21383702754974365,-0.11153694987297058,-0.22745341062545776,-0.06514418125152588,-0.16581237316131592,-0.03032475709915161,-0.11811143159866333,2
0.0,0.0,0.06165266036987305,-0.059748291969299316,0.09352564811706543,-0.15257930755615234,0.052618712186813354,-0.20313090085983276,-0.007597863674163818,-0.22946828603744507,0.05262085795402527,-0.34612858295440674,0.0714040994644165,-0.48438259959220886,0.0811542272567749,-0.57345250248909,0.08407926559448242,-0.6477234065532684,-0.018564850091934204,-0.3416590690612793,-0.05220973491668701,-0.5084013938903809,-0.07097369432449341,-0.6220876574516296,-0.0891248881816864,-0.7128959000110626,-0.07410475611686707,-0.2925978899002075,-0.08280938863754272,-0.31964045763015747,-0.03614449501037598,-0.23283207416534424,-0.006173938512802124,-0.16974139213562012,-0.1162881851196289,-0.2181585431098938,-0.10231339931488037,-0.22235643863677979,-0.05553382635116577,-0.1609818935394287,-0.021809488534927368,-0.11489421129226685,2
0.0,0.0,0.06117355823516846,-0.06181132793426514,0.09267821907997131,-0.15629321336746216,0.04450300335884094,-0.20402294397354126,-0.020191460847854614,-0.231062114238739,0.04897531867027283,-0.35098904371261597,0.06666505336761475,-0.495573490858078,0.07636573910713196,-0.5878731310367584,0.07971969246864319,-0.6652086973190308,-0.025422751903533936,-0.34660279750823975,-0.05992388725280762,-0.5179727673530579,-0.0788709819316864,-0.6355337798595428,-0.09636873006820679,-0.7315578758716583,-0.08284509181976318,-0.2981468439102173,-0.0910474956035614,-0.3219450116157532,-0.044182777404785156,-0.22709953784942627,-0.01365235447883606,-0.16078078746795654,-0.12641626596450806,-0.22425341606140137,-0.1134297251701355,-0.21972942352294922,-0.06794482469558716,-0.1546095609664917,-0.03540804982185364,-0.10895830392837524,2
0.0,0.0,0.06415152549743652,-0.0594714879989624,0.09796273708343506,-0.15308499336242676,0.04627767205238342,-0.2042170763015747,-0.023390531539916992,-0.23126333951950073,0.052960336208343506,-0.3599231243133545,0.06991758942604065,-0.5107834935188293,0.07951462268829346,-0.6068693399429321,0.08287405967712402,-0.6874014735221863,-0.02471393346786499,-0.35558319091796875,-0.06278440356254578,-0.5315680503845215,-0.08423712849617004,-0.6506657004356384,-0.10390642285346985,-0.7473763823509216,-0.084331214427948,-0.3045162558555603,-0.09755373001098633,-0.3281137943267822,-0.048966288566589355,-0.23028016090393066,-0.01610022783279419,-0.16203069686889648,-0.12870627641677856,-0.22620439529418945,-0.11914312839508057,-0.22427481412887573,-0.0715532898902893,-0.15682631731033325,-0.036641061305999756,-0.10872983932495117,2
0.0,0.0,0.06518438458442688,-0.05921393632888794,0.09783509373664856,-0.15625721216201782,0.04074457287788391,-0.20356661081314087,-0.033897578716278076,-0.22637736797332764,0.04589104652404785,-0.3672493100166321,0.06311756372451782,-0.5304534435272217,0.07257220149040222,-0.6324329674243927,0.07420378923416138,-0.7186224460601807,-0.03657600283622742,-0.365123987197876,-0.07717293500900269,-0.5504652261734009,-0.1014200747013092,-0.6774118542671204,-0.12486317753791809,-0.7818704843521118,-0.09898656606674194,-0.31220847368240356,-0.11434271931648254,-0.3280496597290039,-0.061665505170822144,-0.22712910175323486,-0.02412647008895874,-0.15949571132659912,-0.14384716749191284,-0.23007291555404663,-0.13228186964988708,-0.21277093887329102,-0.08075740933418274,-0.14572179317474365,-0.04119342565536499,-0.102672278881073,2
0.0,0.0,0.07015439867973328,-0.06257575750350952,0.09890717267990112,-0.16569292545318604,0.03044438362121582,-0.20954114198684692,-0.050449520349502563,-0.2374206781387329,0.03961879014968872,-0.3857657313346863,0.06019926071166992,-0.5498518645763397,0.06935074925422668,-0.654718428850174,0.07159757614135742,-0.7435828149318695,-0.043548136949539185,-0.3795003890991211,-0.08274340629577637,-0.569941520690918,-0.10891640186309814,-0.7000589370727539,-0.13481104373931885,-0.8106432855129242,-0.10594847798347473,-0.32219094038009644,-0.12925466895103455,-0.3557244539260864,-0.0710085928440094,-0.24712026119232178,-0.029432356357574463,-0.17586302757263184,-0.1501077115535736,-0.23374664783477783,-0.1450464129447937,-0.22680717706680298,-0.08867388963699341,-0.1572282910346985,-0.04476231336593628,-0.11262911558151245,2
0.0,0.0,0.07241365313529968,-0.06183063983917236,0.0995359718799591,-0.16819941997528076,0.026080042123794556,-0.2072870135307312,-0.0589732825756073,-0.23749834299087524,0.04151839017868042,-0.3879464268684387,0.06040278077125549,-0.5566873550415039,0.07134270668029785,-0.6627673804759979,0.07408091425895691,-0.7523934245109558,-0.04152446985244751,-0.37899529933929443,-0.08650326728820801,-0.5771892964839935,-0.11178776621818542,-0.7094787061214447,-0.1380801796913147,-0.8220676779747009,-0.10223150253295898,-0.319139301776886,-0.13060089945793152,-0.3531467318534851,-0.07008257508277893,-0.24345481395721436,-0.027922630310058594,-0.1758853793144226,-0.1457458734512329,-0.22794538736343384,-0.1482275128364563,-0.23082751035690308,-0.08865681290626526,-0.16127145290374756,-0.041869789361953735,-0.11829173564910889,2
0.0,0.0,0.07488518953323364,-0.06032031774520874,0.10662758350372314,-0.16697436571121216,0.03628742694854736,-0.21144193410873413,-0.04913410544395447,-0.23817265033721924,0.04530242085456848,-0.3916183114051819,0.061446934938430786,-0.5625001192092896,0.071536123752594,-0.6695744693279266,0.07469037175178528,-0.7611969709396362,-0.04096338152885437,-0.38621312379837036,-0.08532702922821045,-0.5838910341262817,-0.11048179864883423,-0.7185350358486176,-0.13539832830429077,-0.8326989114284515,-0.10372903943061829,-0.32869088649749756,-0.13187244534492493,-0.3548566699028015,-0.07098838686943054,-0.24584436416625977,-0.02659866213798523,-0.17782533168792725,-0.148101806640625,-0.23803788423538208,-0.1473381519317627,-0.22809219360351562,-0.08989018201828003,-0.15820056200027466,-0.04433867335319519,-0.11628925800323486,2
0.0,0.0,0.07621297240257263,-0.05995345115661621,0.11012086272239685,-0.16739124059677124,0.038556307554244995,-0.21314388513565063,-0.048459529876708984,-0.24140441417694092,0.04860451817512512,-0.39904481172561646,0.06676226854324341,-0.5674527287483215,0.07793700695037842,-0.6743413209915161,0.08148658275604248,-0.7651137411594391,-0.037983834743499756,-0.3918984532356262,-0.08376041054725647,-0.5903135538101196,-0.1082705557346344,-0.724963515996933,-0.13343992829322815,-0.8404378592967987,-0.10140946507453918,-0.33153778314590454,-0.12876415252685547,-0.36221492290496826,-0.06763559579849243,-0.2529621124267578,-0.024974316358566284,-0.18541878461837769,-0.14789219200611115,-0.23778462409973145,-0.14396609365940094,-0.2330806851387024,-0.08622562885284424,-0.16317498683929443,-0.04257166385650635,-0.12113839387893677,2
0.0,0.0,0.07302430272102356,-0.060160815715789795,0.10546723008155823,-0.16614723205566406,0.04415223002433777,-0.21450483798980713,-0.03751641511917114,-0.23849886655807495,0.047702282667160034,-0.39163917303085327,0.06483036279678345,-0.5586500763893127,0.07636997103691101,-0.6636148393154144,0.07978904247283936,-0.7548022270202637,-0.038284242153167725,-0.38777291774749756,-0.08166709542274475,-0.5833939909934998,-0.10654720664024353,-0.7160418033599854,-0.13179409503936768,-0.8275529444217682,-0.1011086106300354,-0.33015137910842896,-0.12777432799339294,-0.36561882495880127,-0.06834539771080017,-0.25385594367980957,-0.025490611791610718,-0.1792459487915039,-0.1462797224521637,-0.23855340480804443,-0.13997399806976318,-0.23835361003875732,-0.08333781361579895,-0.16505813598632812,-0.038789570331573486,-0.1150369644165039,2
0.0,0.0,0.06575056910514832,-0.06323873996734619,0.09880399703979492,-0.1591591238975525,0.048253387212753296,-0.21098929643630981,-0.02390378713607788,-0.23901516199111938,0.05297291278839111,-0.378625750541687,0.07250821590423584,-0.5334756076335907,0.08368587493896484,-0.6319703757762909,0.0876946747303009,-0.7152977883815765,-0.029023408889770508,-0.3754228949546814,-0.0690801739692688,-0.5579579174518585,-0.09238308668136597,-0.6857059895992279,-0.11494076251983643,-0.7888813614845276,-0.09195464849472046,-0.32228851318359375,-0.10578176379203796,-0.3422287702560425,-0.05342519283294678,-0.2428605556488037,-0.018437117338180542,-0.16980648040771484,-0.13706761598587036,-0.24008536338806152,-0.12240707874298096,-0.2267194390296936,-0.07152041792869568,-0.1573655605316162,-0.033461809158325195,-0.104636549949646,2
0.0,0.0,0.06304153800010681,-0.06838124990463257,0.09243535995483398,-0.1629730463027954,0.04525914788246155,-0.21397703886032104,-0.024044454097747803,-0.2425774335861206,0.048711150884628296,-0.3675447702407837,0.06612920761108398,-0.5133227705955505,0.07602447271347046,-0.6066491007804871,0.07905516028404236,-0.6850492656230927,-0.027815252542495728,-0.361907422542572,-0.06684628129005432,-0.5374736189842224,-0.08941972255706787,-0.6570166647434235,-0.11142614483833313,-0.7556388676166534,-0.08676820993423462,-0.3076648712158203,-0.10506701469421387,-0.3397378921508789,-0.05368608236312866,-0.24365657567977905,-0.019476383924484253,-0.17866742610931396,-0.13063263893127441,-0.22551953792572021,-0.12432447075843811,-0.2345060110092163,-0.07572811841964722,-0.1720271110534668,-0.038348883390426636,-0.1278817057609558,2
0.0,0.0,0.060817211866378784,-0.06962233781814575,0.08619332313537598,-0.16528058052062988,0.04205524921417236,-0.20877361297607422,-0.02055281400680542,-0.23798984289169312,0.0421852171421051,-0.37182915210723877,0.05888935923576355,-0.5135946273803711,0.06894579529762268,-0.6062345206737518,0.07337674498558044,-0.6828312277793884,-0.030374914407730103,-0.36227118968963623,-0.07058393955230713,-0.5393533706665039,-0.0900261402130127,-0.6546241343021393,-0.10792827606201172,-0.7508552968502045,-0.08717519044876099,-0.30429011583328247,-0.10605788230895996,-0.3460296392440796,-0.056324005126953125,-0.249725341796875,-0.02391636371612549,-0.18793261051177979,-0.12966710329055786,-0.21905380487442017,-0.12992820143699646,-0.23779833316802979,-0.08165407180786133,-0.17542219161987305,-0.046494871377944946,-0.1342136263847351,2
0.0,0.0,0.06538945436477661,-0.06931257247924805,0.09334015846252441,-0.18070751428604126,0.018408596515655518,-0.22143101692199707,-0.06389513611793518,-0.2375696897506714,0.032944560050964355,-0.3801195025444031,0.0510726273059845,-0.5351434350013733,0.061041951179504395,-0.6297749876976013,0.0655638575553894,-0.7054348289966583,-0.045570552349090576,-0.37076258659362793,-0.0875542163848877,-0.550551176071167,-0.10868144035339355,-0.6702907681465149,-0.12891504168510437,-0.7661638557910919,-0.1030474305152893,-0.3124436140060425,-0.12709122896194458,-0.34171396493911743,-0.07728829979896545,-0.25625860691070557,-0.04416799545288086,-0.1984887719154358,-0.14511367678642273,-0.2261333465576172,-0.14749029278755188,-0.22421276569366455,-0.10025298595428467,-0.1673690676689148,-0.06590533256530762,-0.12858659029006958,2
0.0,0.0,0.06701245903968811,-0.07858669757843018,0.08572924137115479,-0.1887603998184204,0.00023362040519714355,-0.21339797973632812,-0.0896867960691452,-0.21443277597427368,0.015056908130645752,-0.37413156032562256,0.03212133049964905,-0.5337497591972351,0.04382398724555969,-0.6339380443096161,0.05176633596420288,-0.714431643486023,-0.06608867645263672,-0.3590918183326721,-0.11196854710578918,-0.54312863945961,-0.1392119824886322,-0.6697262525558472,-0.16641342639923096,-0.7757086157798767,-0.12314781546592712,-0.29891425371170044,-0.15672340989112854,-0.3336544632911682,-0.09835055470466614,-0.23845946788787842,-0.05576765537261963,-0.17622172832489014,-0.1650296151638031,-0.20764708518981934,-0.17345528304576874,-0.21340954303741455,-0.11841383576393127,-0.15680944919586182,-0.07299697399139404,-0.11667537689208984,2
0.0,0.0,0.07164156436920166,-0.07244831323623657,0.09164696931838989,-0.17941230535507202,0.003492593765258789,-0.2044370174407959,-0.08953067660331726,-0.21315062046051025,0.018451392650604248,-0.3779835104942322,0.029567331075668335,-0.5418320298194885,0.041812628507614136,-0.6425693333148956,0.051254600286483765,-0.7232090532779694,-0.06420956552028656,-0.363517701625824,-0.11933691799640656,-0.5476105809211731,-0.14993110299110413,-0.6704759001731873,-0.17854763567447662,-0.7737816572189331,-0.12006902694702148,-0.301321804523468,-0.16131886839866638,-0.33147871494293213,-0.09604199230670929,-0.22701877355575562,-0.04735879600048065,-0.16594195365905762,-0.16009844839572906,-0.20896130800247192,-0.1734064817428589,-0.2097606658935547,-0.11618019640445709,-0.14837592840194702,-0.069890096783638,-0.11521720886230469,2
0.0,0.0,0.06546106934547424,-0.07634139060974121,0.07914996147155762,-0.1834154725074768,-0.004955977201461792,-0.2096962332725525,-0.09507502615451813,-0.2125915288925171,0.008518487215042114,-0.3766767978668213,0.021493464708328247,-0.5438587665557861,0.03185272216796875,-0.6467228829860687,0.03957909345626831,-0.729241281747818,-0.07211153209209442,-0.3610706329345703,-0.12187160551548004,-0.5455990135669708,-0.1521579921245575,-0.6698848605155945,-0.18006306141614914,-0.7750777304172516,-0.1251811385154724,-0.29858100414276123,-0.1715947836637497,-0.33976179361343384,-0.11050550639629364,-0.24095314741134644,-0.0616396963596344,-0.17944389581680298,-0.16196594387292862,-0.20359939336776733,-0.18088509887456894,-0.21138161420822144,-0.12879925966262817,-0.15515786409378052,-0.08233165740966797,-0.12136942148208618,2
0.0,0.0,0.0665648877620697,-0.08163875341415405,0.08010643720626831,-0.19074642658233643,-0.0027277767658233643,-0.220039963722229,-0.09016156196594238,-0.22369390726089478,0.013549566268920898,-0.38172459602355957,0.029211342334747314,-0.544013261795044,0.03864005208015442,-0.646255224943161,0.04489067196846008,-0.7294738292694092,-0.06704266369342804,-0.36542779207229614,-0.11455254256725311,-0.5490946769714355,-0.14583921432495117,-0.673257976770401,-0.17394676804542542,-0.7768397033214569,-0.12039391696453094,-0.3032112717628479,-0.1623934507369995,-0.35051214694976807,-0.10249778628349304,-0.2451993227005005,-0.05581514537334442,-0.17598187923431396,-0.15758833289146423,-0.20740127563476562,-0.17619114369153976,-0.22810131311416626,-0.12235437333583832,-0.1675586700439453,-0.07505746185779572,-0.1261310577392578,2
0.0,0.0,0.07008573412895203,-0.07999211549758911,0.08906471729278564,-0.18865865468978882,0.008710801601409912,-0.2156217098236084,-0.07858787477016449,-0.2213771939277649,0.018783777952194214,-0.3802952766418457,0.03534051775932312,-0.5396395921707153,0.04607951641082764,-0.6409806311130524,0.05290260910987854,-0.7229098677635193,-0.06111837923526764,-0.36516278982162476,-0.10775469243526459,-0.5481574535369873,-0.13669231534004211,-0.6718861162662506,-0.16367457807064056,-0.7765210866928101,-0.11511777341365814,-0.3043205142021179,-0.15146562457084656,-0.34632933139801025,-0.09053964912891388,-0.24279707670211792,-0.044891685247421265,-0.1769810914993286,-0.15362203121185303,-0.2121911644935608,-0.1674557626247406,-0.22720378637313843,-0.11303888261318207,-0.16638153791427612,-0.06614069640636444,-0.12624317407608032,2
0.0,0.0,0.06298527121543884,-0.08535647392272949,0.08636808395385742,-0.20448869466781616,0.006446957588195801,-0.23006302118301392,-0.08172661066055298,-0.2235020399093628,0.013318121433258057,-0.3819624185562134,0.022257238626480103,-0.5321821868419647,0.031013935804367065,-0.6270034611225128,0.03814190626144409,-0.705057680606842,-0.06710505485534668,-0.3655517101287842,-0.11469396948814392,-0.5428526997566223,-0.14278192818164825,-0.664876401424408,-0.1683373749256134,-0.7668166756629944,-0.12262861430644989,-0.3046441674232483,-0.15049517154693604,-0.33962875604629517,-0.0945548564195633,-0.24585402011871338,-0.05596804618835449,-0.18624365329742432,-0.16268502175807953,-0.2146373987197876,-0.16679063439369202,-0.22548973560333252,-0.1174897700548172,-0.16673743724822998,-0.07932388782501221,-0.12833678722381592,2
0.0,0.0,0.06347700953483582,-0.07983660697937012,0.08827340602874756,-0.18857324123382568,0.0197770893573761,-0.22597527503967285,-0.05490058660507202,-0.24729645252227783,0.027725011110305786,-0.38721317052841187,0.03635820746421814,-0.5304614901542664,0.043509840965270996,-0.6213125884532928,0.04771772027015686,-0.6953467428684235,-0.052277565002441406,-0.37229472398757935,-0.097226083278656,-0.5445349216461182,-0.12613464891910553,-0.6646937429904938,-0.1519487202167511,-0.762809693813324,-0.11089003086090088,-0.3122557997703552,-0.13334204256534576,-0.34387725591659546,-0.07927784323692322,-0.257487416267395,-0.04128625988960266,-0.19767457246780396,-0.15352565050125122,-0.22457551956176758,-0.15071767568588257,-0.23043876886367798,-0.10142368078231812,-0.17476415634155273,-0.06331554055213928,-0.1373274326324463,2
0.0,0.0,0.06275653839111328,-0.06511044502258301,0.09493079781532288,-0.1618262529373169,0.045607924461364746,-0.2117546796798706,-0.020788103342056274,-0.23969191312789917,0.047850966453552246,-0.37227410078048706,0.060523778200149536,-0.5207791328430176,0.06720232963562012,-0.614323228597641,0.0683748722076416,-0.6916366517543793,-0.028863638639450073,-0.36364954710006714,-0.07064038515090942,-0.543300598859787,-0.09433680772781372,-0.6627566516399384,-0.11613571643829346,-0.76170215010643,-0.08733618259429932,-0.3074909448623657,-0.10615459084510803,-0.34176796674728394,-0.05616924166679382,-0.24871540069580078,-0.022087186574935913,-0.18508660793304443,-0.13149556517601013,-0.2233005166053772,-0.12788355350494385,-0.23929882049560547,-0.07862874865531921,-0.17678403854370117,-0.04107731580734253,-0.1321849226951599,2
0.0,0.0,0.06674236059188843,-0.06062978506088257,0.09900298714637756,-0.15573513507843018,0.059852808713912964,-0.20861291885375977,-0.004212528467178345,-0.24054712057113647,0.05892378091812134,-0.37181347608566284,0.07969769835472107,-0.5201090574264526,0.09019717574119568,-0.6144108474254608,0.09250757098197937,-0.6952486336231232,-0.018015176057815552,-0.3682999014854431,-0.05263763666152954,-0.5447570979595184,-0.07310083508491516,-0.6670496463775635,-0.0937308669090271,-0.7684799432754517,-0.0783674418926239,-0.31485670804977417,-0.08993396162986755,-0.3401066064834595,-0.040668338537216187,-0.24438410997390747,-0.007844895124435425,-0.17781823873519897,-0.12394541501998901,-0.23356616497039795,-0.1099989116191864,-0.23127853870391846,-0.06109720468521118,-0.16417533159255981,-0.023799240589141846,-0.11601024866104126,2
0.0,0.0,0.06681761145591736,-0.06241542100906372,0.09957471489906311,-0.159027099609375,0.056790053844451904,-0.21235638856887817,-0.007520109415054321,-0.2471291422843933,0.054370611906051636,-0.3744511604309082,0.07574081420898438,-0.5238740742206573,0.0858776867389679,-0.6191754341125488,0.0887424647808075,-0.7005628347396851,-0.022822648286819458,-0.3700547218322754,-0.05631425976753235,-0.5506589710712433,-0.07483607530593872,-0.67259481549263,-0.0930955708026886,-0.772838294506073,-0.08276712894439697,-0.3172599673271179,-0.09171047806739807,-0.3452185392379761,-0.04234349727630615,-0.24675899744033813,-0.009998232126235962,-0.17889821529388428,-0.1267264187335968,-0.23682963848114014,-0.11227840185165405,-0.2382851243019104,-0.06291434168815613,-0.1685355305671692,-0.026189863681793213,-0.11895793676376343,2
0.0,0.0,0.07416707277297974,-0.052219390869140625,0.1203376054763794,-0.1396845579147339,0.07862615585327148,-0.19300580024719238,0.014872699975967407,-0.22596091032028198,0.07066717743873596,-0.3646756410598755,0.09073042869567871,-0.5165876746177673,0.10155308246612549,-0.610428124666214,0.10371381044387817,-0.6925709545612335,-0.011588335037231445,-0.3674331307411194,-0.04310908913612366,-0.547388106584549,-0.05995801091194153,-0.6672995686531067,-0.07728779315948486,-0.7677716910839081,-0.07496002316474915,-0.31961435079574585,-0.07198953628540039,-0.3323647975921631,-0.023207008838653564,-0.23493528366088867,0.009050875902175903,-0.16961640119552612,-0.12083715200424194,-0.24311327934265137,-0.09462612867355347,-0.2180652618408203,-0.04604068398475647,-0.1511474847793579,-0.010049104690551758,-0.10867369174957275,2
0.0,0.0,0.075644850730896,-0.050224483013153076,0.1265883445739746,-0.13758528232574463,0.08721423149108887,-0.19318240880966187,0.021818548440933228,-0.2245296835899353,0.07752782106399536,-0.36201637983322144,0.09997224807739258,-0.5140146613121033,0.11098897457122803,-0.6077738404273987,0.11222761869430542,-0.6890416145324707,-0.005123943090438843,-0.36954164505004883,-0.033489376306533813,-0.545803964138031,-0.05063202977180481,-0.6650877296924591,-0.06836342811584473,-0.7662656009197235,-0.07008102536201477,-0.32716286182403564,-0.06369179487228394,-0.3243778944015503,-0.016966521739959717,-0.2266066074371338,0.015003412961959839,-0.16337543725967407,-0.11929839849472046,-0.25661975145339966,-0.09276849031448364,-0.22098875045776367,-0.04601091146469116,-0.14922624826431274,-0.010133296251296997,-0.10472941398620605,2
0.0,0.0,0.07985088229179382,-0.04612487554550171,0.1345561444759369,-0.1315300464630127,0.09601429104804993,-0.190271258354187,0.02877187728881836,-0.22461682558059692,0.08667227625846863,-0.35937798023223877,0.10895094275474548,-0.5135299861431122,0.12041851878166199,-0.6079745590686798,0.12198397517204285,-0.6905076801776886,0.0027379393577575684,-0.36870276927948,-0.022345930337905884,-0.5445443391799927,-0.03778785467147827,-0.6638203859329224,-0.05380651354789734,-0.7653322815895081,-0.06378811597824097,-0.3281761407852173,-0.057273298501968384,-0.32138365507125854,-0.011329054832458496,-0.21728378534317017,0.020981907844543457,-0.15106534957885742,-0.11631220579147339,-0.25917452573776245,-0.09247651696205139,-0.2259465456008911,-0.04659402370452881,-0.15437090396881104,-0.010045528411865234,-0.11034423112869263,2
0.0,0.0,0.07919454574584961,-0.0529557466506958,0.12998461723327637,-0.13840734958648682,0.09292298555374146,-0.1929512619972229,0.033021628856658936,-0.2292584776878357,0.08082461357116699,-0.36273622512817383,0.10538893938064575,-0.5140087008476257,0.1166003942489624,-0.608012855052948,0.11915475130081177,-0.6896523833274841,-0.0005626976490020752,-0.36694765090942383,-0.021111398935317993,-0.5411020517349243,-0.036319464445114136,-0.6630891561508179,-0.052733927965164185,-0.7673118412494659,-0.06644850969314575,-0.3217945694923401,-0.05335405468940735,-0.32690221071243286,-0.007294297218322754,-0.2288978099822998,0.022680193185806274,-0.16190582513809204,-0.11715942621231079,-0.24723780155181885,-0.08852997422218323,-0.2244412899017334,-0.039017438888549805,-0.15651929378509521,-0.001007378101348877,-0.10969287157058716,2
0.0,0.0,0.07884901762008667,-0.050279319286346436,0.13082587718963623,-0.13445496559143066,0.09417170286178589,-0.18884265422821045,0.03541335463523865,-0.22801458835601807,0.08456301689147949,-0.3570578694343567,0.10765355825424194,-0.5079653263092041,0.11829417943954468,-0.6018364131450653,0.11998212337493896,-0.6834119558334351,0.0026561617851257324,-0.36310482025146484,-0.018508464097976685,-0.5404789447784424,-0.03263533115386963,-0.661986768245697,-0.04776245355606079,-0.7654184699058533,-0.06383395195007324,-0.3202340602874756,-0.050715506076812744,-0.3245588541030884,-0.007404804229736328,-0.22343558073043823,0.020683079957962036,-0.15714401006698608,-0.11588475108146667,-0.24908798933029175,-0.08713284134864807,-0.22138947248458862,-0.03794503211975098,-0.1518978476524353,0.0003839731216430664,-0.10757416486740112,2
0.0,0.0,0.07517531514167786,-0.04889756441116333,0.128790944814682,-0.1327192187309265,0.09074565768241882,-0.19094544649124146,0.028833448886871338,-0.22804272174835205,0.08113512396812439,-0.3513604998588562,0.1040254533290863,-0.49709588289260864,0.11586329340934753,-0.5878934860229492,0.11782166361808777,-0.6676047742366791,-3.489851951599121e-05,-0.36142081022262573,-0.01638004183769226,-0.5336138606071472,-0.02740657329559326,-0.6501779854297638,-0.04110690951347351,-0.7495844960212708,-0.06645926833152771,-0.32071584463119507,-0.04903465509414673,-0.31321531534194946,-0.0064002275466918945,-0.21321195363998413,0.02042815089225769,-0.15013742446899414,-0.11898872256278992,-0.2518625855445862,-0.08757036924362183,-0.21962130069732666,-0.040379464626312256,-0.15076863765716553,-0.004776746034622192,-0.10883569717407227,2
0.0,0.0,0.07419133186340332,-0.044238507747650146,0.13060367107391357,-0.12471354007720947,0.09456270933151245,-0.18583780527114868,0.030716031789779663,-0.22105592489242554,0.082816481590271,-0.34098178148269653,0.10681790113449097,-0.4799538254737854,0.11860615015029907,-0.5680862069129944,0.12184184789657593,-0.6459781229496002,0.003421574831008911,-0.3526272177696228,-0.011161476373672485,-0.518409013748169,-0.02172890305519104,-0.6330932676792145,-0.034060925245285034,-0.7300804853439331,-0.06319963932037354,-0.3134833574295044,-0.046485960483551025,-0.30989211797714233,-0.00481945276260376,-0.2109663486480713,0.02123802900314331,-0.14607876539230347,-0.11734980344772339,-0.24666506052017212,-0.08693799376487732,-0.22086668014526367,-0.039667338132858276,-0.15255677700042725,-0.0033421218395233154,-0.10763514041900635,2
0.0,0.0,0.07661241292953491,-0.04828399419784546,0.12751275300979614,-0.13027900457382202,0.0962904691696167,-0.18584787845611572,0.040682822465896606,-0.22580784559249878,0.0843995213508606,-0.3468284010887146,0.10913467407226562,-0.4896809458732605,0.12082052230834961,-0.5793232619762421,0.1234734058380127,-0.6571473181247711,0.0054843127727508545,-0.35561394691467285,-0.013528555631637573,-0.525830090045929,-0.026861071586608887,-0.6414245963096619,-0.0412982702255249,-0.7380138635635376,-0.059397757053375244,-0.3145864009857178,-0.05047067999839783,-0.31634682416915894,-0.00781354308128357,-0.22086799144744873,0.020976752042770386,-0.15711098909378052,-0.11105984449386597,-0.2449987530708313,-0.08634451031684875,-0.2216147780418396,-0.03961747884750366,-0.15556097030639648,-0.002760380506515503,-0.11263930797576904,2
0.0,0.0,0.07466191053390503,-0.0448760986328125,0.1256275177001953,-0.12668806314468384,0.09064006805419922,-0.18254363536834717,0.03187105059623718,-0.22229397296905518,0.08131551742553711,-0.34315741062164307,0.10482144355773926,-0.48628556728363037,0.11533695459365845,-0.5748929679393768,0.11749941110610962,-0.6525701880455017,0.0025052130222320557,-0.3503116965293884,-0.016115963459014893,-0.5188698172569275,-0.02885153889656067,-0.6325261890888214,-0.0428299605846405,-0.7285396754741669,-0.06269583106040955,-0.3092804551124573,-0.05471399426460266,-0.3153127431869507,-0.010682880878448486,-0.2166869044303894,0.01816198229789734,-0.15150976181030273,-0.1157304048538208,-0.24088525772094727,-0.09141206741333008,-0.2244139313697815,-0.04519250988960266,-0.15468454360961914,-0.010599315166473389,-0.10922896862030029,2
0.0,0.0,0.07512331008911133,-0.04681825637817383,0.1262742280960083,-0.13192880153656006,0.08730208873748779,-0.1868261694908142,0.023521095514297485,-0.2185509204864502,0.08015555143356323,-0.3414571285247803,0.1034247875213623,-0.48627984523773193,0.11494481563568115,-0.5744714140892029,0.11715000867843628,-0.6509746313095093,0.001813262701034546,-0.35053932666778564,-0.017885982990264893,-0.5195612907409668,-0.0298481285572052,-0.6321144104003906,-0.043356090784072876,-0.7277626097202301,-0.062442660331726074,-0.3108980059623718,-0.05178940296173096,-0.31146496534347534,-0.009053230285644531,-0.21379077434539795,0.019299715757369995,-0.15176647901535034,-0.11353310942649841,-0.24396318197250366,-0.08718085289001465,-0.21632766723632812,-0.04116755723953247,-0.1471104621887207,-0.006142258644104004,-0.10457795858383179,2
0.0,0.0,0.07353588938713074,-0.04723036289215088,0.12362292408943176,-0.13119882345199585,0.08751586079597473,-0.18556928634643555,0.02615368366241455,-0.21804964542388916,0.07894054055213928,-0.3413082957267761,0.10225650668144226,-0.484771192073822,0.11390474438667297,-0.5725075900554657,0.1157480776309967,-0.650202065706253,0.0005966126918792725,-0.35192298889160156,-0.02050122618675232,-0.5176650881767273,-0.033075422048568726,-0.6294026970863342,-0.04760807752609253,-0.7258498072624207,-0.06348827481269836,-0.3136640787124634,-0.059553444385528564,-0.3112751841545105,-0.015852153301239014,-0.21294301748275757,0.013847917318344116,-0.15169882774353027,-0.11522558331489563,-0.2470853328704834,-0.09292587637901306,-0.21551209688186646,-0.04854974150657654,-0.14730888605117798,-0.014303117990493774,-0.10779064893722534,2
0.0,0.0,0.07330074906349182,-0.044471025466918945,0.12055227160453796,-0.12992632389068604,0.08114543557167053,-0.18337750434875488,0.016705036163330078,-0.2168601155281067,0.07405701279640198,-0.34489887952804565,0.1018666923046112,-0.4879796504974365,0.11350175738334656,-0.5782657265663147,0.1167694628238678,-0.6549971699714661,-0.002200901508331299,-0.34974318742752075,-0.026126176118850708,-0.5224562883377075,-0.04102146625518799,-0.6358532011508942,-0.056397438049316406,-0.7323993742465973,-0.06242755055427551,-0.30628055334091187,-0.06900402903556824,-0.32373476028442383,-0.025927186012268066,-0.22414827346801758,0.00406724214553833,-0.160386323928833,-0.10999751091003418,-0.2343214750289917,-0.09776383638381958,-0.22894567251205444,-0.0531027615070343,-0.15844124555587769,-0.017907440662384033,-0.11184757947921753,2
0.0,0.0,0.07733455300331116,-0.0548100471496582,0.12388300895690918,-0.14659541845321655,0.08105123043060303,-0.20385223627090454,0.011604070663452148,-0.23080015182495117,0.07261684536933899,-0.3679601550102234,0.09740334749221802,-0.5232512950897217,0.11144387722015381,-0.6204830706119537,0.115756094455719,-0.7040195763111115,-0.010068297386169434,-0.37271547317504883,-0.03484374284744263,-0.5554873943328857,-0.05049964785575867,-0.6788875758647919,-0.06738707423210144,-0.7798662781715393,-0.07337164878845215,-0.3256530165672302,-0.07756388187408447,-0.3427709937095642,-0.030345290899276733,-0.23891639709472656,0.003873109817504883,-0.16952967643737793,-0.11979994177818298,-0.2462363839149475,-0.09896302223205566,-0.22165602445602417,-0.05170449614524841,-0.15015047788619995,-0.014669269323348999,-0.10455572605133057,2
0.0,0.0,0.0775780975818634,-0.05433839559555054,0.1263275444507599,-0.14472079277038574,0.07846090197563171,-0.20152103900909424,0.004222184419631958,-0.22831261157989502,0.07058027386665344,-0.36911988258361816,0.09637030959129333,-0.5259889364242554,0.11039206385612488,-0.6241427063941956,0.11537221074104309,-0.7105293571949005,-0.013989537954330444,-0.3745728135108948,-0.041046589612960815,-0.5599570870399475,-0.056294143199920654,-0.6835523247718811,-0.0721319317817688,-0.7851137816905975,-0.07779771089553833,-0.3238719701766968,-0.07497766613960266,-0.3388825058937073,-0.028757929801940918,-0.23573845624923706,0.002568185329437256,-0.16564702987670898,-0.12266457080841064,-0.2403852343559265,-0.10075846314430237,-0.21952152252197266,-0.05089399218559265,-0.1489403247833252,-0.013121604919433594,-0.0995224118232727,2
0.0,0.0,0.0835137665271759,-0.055008649826049805,0.1320863664150238,-0.14856362342834473,0.08296003937721252,-0.19961565732955933,0.00829896330833435,-0.22516357898712158,0.07321038842201233,-0.37068575620651245,0.09857001900672913,-0.5269087553024292,0.11091688275337219,-0.6261039972305298,0.1143893301486969,-0.7135213613510132,-0.009349644184112549,-0.3703426718711853,-0.04207032918930054,-0.5605779886245728,-0.06323066353797913,-0.6866306662559509,-0.08279448747634888,-0.7906391024589539,-0.06983146071434021,-0.31613314151763916,-0.0783819854259491,-0.3507789969444275,-0.031571805477142334,-0.24102401733398438,0.002188950777053833,-0.16736453771591187,-0.11373904347419739,-0.22985684871673584,-0.09991109371185303,-0.22765111923217773,-0.05055698752403259,-0.15509545803070068,-0.011644184589385986,-0.10555005073547363,2
0.0,0.0,0.07671433687210083,-0.051106274127960205,0.12569844722747803,-0.14206689596176147,0.0835382342338562,-0.19397825002670288,0.01633596420288086,-0.22128260135650635,0.07273441553115845,-0.3597506880760193,0.09911465644836426,-0.5138275921344757,0.11230254173278809,-0.6103870570659637,0.11689770221710205,-0.6935243010520935,-0.008613258600234985,-0.362712025642395,-0.03892222046852112,-0.5453247427940369,-0.05730977654457092,-0.6644060015678406,-0.07441309094429016,-0.7636024653911591,-0.07035738229751587,-0.31392765045166016,-0.0710442066192627,-0.3313513398170471,-0.027775347232818604,-0.2297622561454773,0.002183854579925537,-0.16357171535491943,-0.11524957418441772,-0.23540890216827393,-0.09746024012565613,-0.22089534997940063,-0.05127403140068054,-0.15204393863677979,-0.01564982533454895,-0.10761576890945435,2
0.0,0.0,0.07806304097175598,-0.0496746301651001,0.12817922234535217,-0.13808327913284302,0.08620515465736389,-0.19176477193832397,0.019163310527801514,-0.2211160659790039,0.07639315724372864,-0.3560563921928406,0.10056707262992859,-0.508902370929718,0.11332371830940247,-0.6037334501743317,0.11700037121772766,-0.684970498085022,-0.0035203397274017334,-0.35836756229400635,-0.0315227210521698,-0.5403400659561157,-0.04864814877510071,-0.6603633165359497,-0.06616947054862976,-0.7605795860290527,-0.06504666805267334,-0.3099445104598999,-0.06210455298423767,-0.3228301405906677,-0.016737252473831177,-0.22504323720932007,0.014151901006698608,-0.1597803831100464,-0.11128351092338562,-0.2319176197052002,-0.09015217423439026,-0.21153318881988525,-0.04020380973815918,-0.14440464973449707,-0.0011674761772155762,-0.10018312931060791,2
0.0,0.0,0.0766817033290863,-0.04915571212768555,0.12503555417060852,-0.13879841566085815,0.0810219943523407,-0.19130462408065796,0.012104988098144531,-0.2202378511428833,0.07304933667182922,-0.3554067611694336,0.09652158617973328,-0.5095798969268799,0.10944780707359314,-0.6033309698104858,0.11303362250328064,-0.6843751966953278,-0.006197541952133179,-0.35852599143981934,-0.03416910767555237,-0.5390799343585968,-0.04998299479484558,-0.6576699912548065,-0.06613323092460632,-0.7567967772483826,-0.06705880165100098,-0.3109971284866333,-0.06514772772789001,-0.3215288519859314,-0.02299678325653076,-0.2191256284713745,0.005179852247238159,-0.15330630540847778,-0.11338803172111511,-0.234280526638031,-0.09454295039176941,-0.21156251430511475,-0.04821956157684326,-0.14158546924591064,-0.012643545866012573,-0.0962788462638855,2
0.0,0.0,0.0763249397277832,-0.048849523067474365,0.1256868839263916,-0.13537222146987915,0.08509629964828491,-0.18749397993087769,0.018536686897277832,-0.2164742350578308,0.07565653324127197,-0.35123705863952637,0.0996558666229248,-0.5054161548614502,0.11350548267364502,-0.5980942845344543,0.11739027500152588,-0.6787773370742798,-0.0034471452236175537,-0.3545318841934204,-0.031190872192382812,-0.5325353443622589,-0.04561722278594971,-0.6493278741836548,-0.06171801686286926,-0.749005138874054,-0.0642746090888977,-0.3076304793357849,-0.061410754919052124,-0.31534355878829956,-0.016860663890838623,-0.21599483489990234,0.012849271297454834,-0.15408098697662354,-0.11050018668174744,-0.23193514347076416,-0.08871856331825256,-0.20433109998703003,-0.04126244783401489,-0.1387171745300293,-0.004969865083694458,-0.09900325536727905,2
0.0,0.0,0.07773786783218384,-0.05180245637893677,0.12857794761657715,-0.13853394985198975,0.09183394908905029,-0.18664491176605225,0.026914536952972412,-0.21360695362091064,0.07677829265594482,-0.352336049079895,0.10239428281784058,-0.5047345757484436,0.11571741104125977,-0.5976674556732178,0.12006205320358276,-0.6781468391418457,-0.0019400417804718018,-0.3541743755340576,-0.028132379055023193,-0.5320244431495667,-0.041502028703689575,-0.6490698158740997,-0.05613863468170166,-0.7487068176269531,-0.06296461820602417,-0.30629050731658936,-0.05863872170448303,-0.31855255365371704,-0.01427045464515686,-0.22148579359054565,0.014622002840042114,-0.1596508026123047,-0.10876604914665222,-0.22955536842346191,-0.085299551486969,-0.20518577098846436,-0.03687971830368042,-0.13919353485107422,-0.0003382265567779541,-0.09775960445404053,2
0.0,0.0,0.07584318518638611,-0.05394279956817627,0.1250697672367096,-0.14075279235839844,0.08344098925590515,-0.19053113460540771,0.017690449953079224,-0.2118375301361084,0.0729580819606781,-0.35109609365463257,0.09815344214439392,-0.49904102087020874,0.11092951893806458,-0.5929297506809235,0.115133136510849,-0.6729685366153717,-0.005321294069290161,-0.3512307405471802,-0.03196239471435547,-0.5275024771690369,-0.04587295651435852,-0.6437532305717468,-0.05989563465118408,-0.7416270077228546,-0.0657079815864563,-0.30123013257980347,-0.06278899312019348,-0.31684696674346924,-0.02053019404411316,-0.22316133975982666,0.007275640964508057,-0.16080820560455322,-0.11059394478797913,-0.22193557024002075,-0.09189188480377197,-0.20615845918655396,-0.046317994594573975,-0.14294832944869995,-0.011951565742492676,-0.10105907917022705,2
0.0,0.0,0.06976661086082458,-0.05430102348327637,0.11032971739768982,-0.1461334228515625,0.06928899884223938,-0.1950453519821167,0.004794508218765259,-0.22289621829986572,0.0613461434841156,-0.3552246689796448,0.08258476853370667,-0.5070710778236389,0.09203556180000305,-0.6030541062355042,0.09384509921073914,-0.6836607456207275,-0.016318678855895996,-0.3505958318710327,-0.04845482110977173,-0.5317658185958862,-0.06635603308677673,-0.6501900255680084,-0.08455488085746765,-0.7493945956230164,-0.07490506768226624,-0.2991281747817993,-0.07967552542686462,-0.327642560005188,-0.03139641880989075,-0.2252846360206604,7.256865501403809e-05,-0.15911555290222168,-0.11881643533706665,-0.2190815806388855,-0.10072320699691772,-0.2126981019973755,-0.05269905924797058,-0.1455743908882141,-0.01866200566291809,-0.10393065214157104,2
0.0,0.0,0.07013058662414551,-0.05200934410095215,0.11724430322647095,-0.1325458288192749,0.07822978496551514,-0.1773856282234192,0.01795339584350586,-0.20438027381896973,0.06889963150024414,-0.3449721336364746,0.08707720041275024,-0.49200204014778137,0.09784352779388428,-0.5857222974300385,0.10033774375915527,-0.6653986275196075,-0.009923368692398071,-0.34353840351104736,-0.03723323345184326,-0.5164402723312378,-0.05413597822189331,-0.6306716203689575,-0.07263118028640747,-0.7277515232563019,-0.07017678022384644,-0.29472607374191284,-0.06272056698799133,-0.3010045289993286,-0.016529202461242676,-0.20533430576324463,0.01207008957862854,-0.1467142105102539,-0.11522877216339111,-0.21891790628433228,-0.08867797255516052,-0.1924123764038086,-0.04208505153656006,-0.1285077929496765,-0.010190993547439575,-0.09317409992218018,2
0.0,0.0,0.07600101828575134,-0.048783183097839355,0.1293061077594757,-0.12938421964645386,0.09767785668373108,-0.18193519115447998,0.03801283240318298,-0.21431875228881836,0.08069619536399841,-0.34538763761520386,0.10312429070472717,-0.49357274174690247,0.11457249522209167,-0.5849862992763519,0.11710885167121887,-0.6653457581996918,0.00300714373588562,-0.34840989112854004,-0.021522164344787598,-0.5219560861587524,-0.03566664457321167,-0.6354085803031921,-0.051182717084884644,-0.7337453365325928,-0.05782425403594971,-0.3018868565559387,-0.047386497259140015,-0.31111037731170654,-0.004589587450027466,-0.21429872512817383,0.0223025381565094,-0.15332096815109253,-0.10365894436836243,-0.2266838550567627,-0.07662275433540344,-0.20291316509246826,-0.028055340051651,-0.13821059465408325,0.008265435695648193,-0.09841156005859375,2
0.0,0.0,0.0692439079284668,-0.05386149883270264,0.11189532279968262,-0.1382582187652588,0.07729107141494751,-0.18700140714645386,0.02233448624610901,-0.22071927785873413,0.06395012140274048,-0.35327810049057007,0.08647823333740234,-0.5013847947120667,0.09835171699523926,-0.5967305302619934,0.10186636447906494,-0.676736056804657,-0.013730883598327637,-0.35104209184646606,-0.04246032238006592,-0.5288556814193726,-0.058647871017456055,-0.6452265977859497,-0.07490098476409912,-0.7394438982009888,-0.07385459542274475,-0.30038559436798096,-0.06702524423599243,-0.3146325349807739,-0.023887544870376587,-0.22644734382629395,0.0031276941299438477,-0.16474121809005737,-0.11795598268508911,-0.22260618209838867,-0.09485387802124023,-0.21146762371063232,-0.04673624038696289,-0.15119284391403198,-0.011758118867874146,-0.10849618911743164,2
0.0,0.0,0.06871092319488525,-0.05640357732772827,0.10376721620559692,-0.1466078758239746,0.06409728527069092,-0.19559985399246216,0.0036707818508148193,-0.22739732265472412,0.05443692207336426,-0.35425829887390137,0.07586014270782471,-0.5058925151824951,0.08656954765319824,-0.60114386677742,0.08866459131240845,-0.6827162802219391,-0.019320279359817505,-0.3467159867286682,-0.05189311504364014,-0.5288814306259155,-0.07366973161697388,-0.6453864276409149,-0.09721040725708008,-0.7421706914901733,-0.07514524459838867,-0.29125410318374634,-0.08340665698051453,-0.3334433436393738,-0.03678232431411743,-0.23866987228393555,-0.006390899419784546,-0.17348253726959229,-0.11639517545700073,-0.2069045901298523,-0.10509622097015381,-0.22067558765411377,-0.055335402488708496,-0.15834450721740723,-0.01815459132194519,-0.11194503307342529,2
0.0,0.0,0.09511458873748779,-0.06390184164047241,0.17605999112129211,-0.17152202129364014,0.23739174008369446,-0.2701300382614136,0.23596861958503723,-0.366710901260376,0.12003841996192932,-0.3502129316329956,0.1645050346851349,-0.4530555307865143,0.16724029183387756,-0.40585005283355713,0.153283953666687,-0.33754634857177734,0.05599939823150635,-0.38658738136291504,0.08515506982803345,-0.5429918467998505,0.10924753546714783,-0.638276219367981,0.128738671541214,-0.7235321402549744,-0.00880405306816101,-0.3811218738555908,-0.015584349632263184,-0.5268157720565796,-0.010384589433670044,-0.6246638596057892,0.0014147460460662842,-0.7099067568778992,-0.06982193887233734,-0.33584773540496826,-0.10257714986801147,-0.4417176842689514,-0.10958456993103027,-0.5166276395320892,-0.10503575205802917,-0.5871349275112152,3
0.0,0.0,0.09642544388771057,-0.06477123498916626,0.17877838015556335,-0.1749730110168457,0.23835456371307373,-0.2721770405769348,0.2444906234741211,-0.3741389513015747,0.11192494630813599,-0.36368894577026367,0.17429617047309875,-0.4588208794593811,0.1866244077682495,-0.37564659118652344,0.1740667223930359,-0.2846421003341675,0.04563400149345398,-0.39950400590896606,0.06916147470474243,-0.5654668509960175,0.09983626008033752,-0.665472000837326,0.12265101075172424,-0.7537134289741516,-0.022018074989318848,-0.38720184564590454,-0.032178327441215515,-0.5407845973968506,-0.021936684846878052,-0.6424544155597687,-0.006176412105560303,-0.7362976372241974,-0.08353880047798157,-0.3338337540626526,-0.11679707467556,-0.4447959065437317,-0.1233823150396347,-0.5238015353679657,-0.11979617178440094,-0.6008688509464264,3
0.0,0.0,0.0958372950553894,-0.06125396490097046,0.1772269606590271,-0.17976772785186768,0.23557049036026,-0.28049808740615845,0.2435944676399231,-0.38354164361953735,0.10780602693557739,-0.3746441602706909,0.16732776165008545,-0.4719688892364502,0.18253952264785767,-0.38791704177856445,0.1725907325744629,-0.2961397171020508,0.04194292426109314,-0.41213274002075195,0.06718987226486206,-0.5785210728645325,0.09913235902786255,-0.6834015846252441,0.12318193912506104,-0.7776601016521454,-0.026719719171524048,-0.3996267318725586,-0.03831668198108673,-0.5593819916248322,-0.027932971715927124,-0.663265734910965,-0.011514633893966675,-0.7596218287944794,-0.08923380076885223,-0.34450995922088623,-0.12278227508068085,-0.46003276109695435,-0.12973584234714508,-0.5419786274433136,-0.1262437403202057,-0.6221680045127869,3
0.0,0.0,0.09572350978851318,-0.06142020225524902,0.17747178673744202,-0.17157816886901855,0.23932155966758728,-0.2673391103744507,0.24323508143424988,-0.37076568603515625,0.10901319980621338,-0.36401069164276123,0.16644176840782166,-0.46100878715515137,0.17910578846931458,-0.3805837035179138,0.16718611121177673,-0.29189789295196533,0.04449203610420227,-0.4013392925262451,0.07238399982452393,-0.567587673664093,0.10414835810661316,-0.6705183684825897,0.12824949622154236,-0.761677473783493,-0.02251371741294861,-0.38966453075408936,-0.02602928876876831,-0.5475019216537476,-0.015131920576095581,-0.6508171558380127,0.0007875263690948486,-0.7455532550811768,-0.08444397151470184,-0.3355196714401245,-0.11433285474777222,-0.45018643140792847,-0.12193135917186737,-0.5333956480026245,-0.12031038105487823,-0.6141247451305389,3
0.0,0.0,0.09622439742088318,-0.049637675285339355,0.18239015340805054,-0.15288954973220825,0.24725598096847534,-0.24502652883529663,0.24729400873184204,-0.3447938561439514,0.12603840231895447,-0.3523523211479187,0.17957079410552979,-0.44147932529449463,0.18636035919189453,-0.3623546361923218,0.1688767969608307,-0.27645164728164673,0.06383854150772095,-0.3966749906539917,0.09462437033653259,-0.5580670535564423,0.11412984132766724,-0.6632789075374603,0.12537723779678345,-0.7641163468360901,-0.003279566764831543,-0.39400285482406616,0.004675686359405518,-0.5432478785514832,0.005104422569274902,-0.6428637206554413,0.005392879247665405,-0.735942929983139,-0.06947284936904907,-0.34958982467651367,-0.0940202921628952,-0.4583549499511719,-0.11296127736568451,-0.5366421639919281,-0.13008476793766022,-0.6128817498683929,3
0.0,0.0,0.09236323833465576,-0.05485612154006958,0.17408117651939392,-0.1610596776008606,0.2378917932510376,-0.25095683336257935,0.23814177513122559,-0.3477981686592102,0.11291944980621338,-0.3606111407279968,0.1685924530029297,-0.449776828289032,0.17856067419052124,-0.3657175898551941,0.16167181730270386,-0.27847665548324585,0.04963839054107666,-0.4011167287826538,0.07713544368743896,-0.5670430660247803,0.09242871403694153,-0.6763277351856232,0.09598633646965027,-0.7809843122959137,-0.016960620880126953,-0.39310991764068604,-0.01816418766975403,-0.5438233911991119,-0.021359741687774658,-0.6465858519077301,-0.025520622730255127,-0.7436390817165375,-0.08026544749736786,-0.3432258367538452,-0.11298108100891113,-0.45081275701522827,-0.13717928528785706,-0.5288135409355164,-0.1595250368118286,-0.6054612398147583,3
0.0,0.0,0.08904412388801575,-0.05641913414001465,0.16741317510604858,-0.16401255130767822,0.2280431091785431,-0.2529860734939575,0.22772178053855896,-0.34420329332351685,0.10749059915542603,-0.3601759672164917,0.15899300575256348,-0.44885939359664917,0.16707155108451843,-0.3631506562232971,0.15066015720367432,-0.27518314123153687,0.043518245220184326,-0.3992232084274292,0.06717610359191895,-0.5636215209960938,0.08001542091369629,-0.6737871170043945,0.0825657844543457,-0.7799186110496521,-0.023603975772857666,-0.38956862688064575,-0.027203351259231567,-0.5396910309791565,-0.033568888902664185,-0.6395114660263062,-0.04010346531867981,-0.7355758547782898,-0.08697919547557831,-0.33732861280441284,-0.12216605246067047,-0.44196760654449463,-0.14836232364177704,-0.5174152553081512,-0.17225390672683716,-0.5930350124835968,3
0.0,0.0,0.09058040380477905,-0.05856424570083618,0.16915807127952576,-0.15944010019302368,0.22993597388267517,-0.24319207668304443,0.22928383946418762,-0.3321308493614197,0.10885849595069885,-0.35715484619140625,0.15908482670783997,-0.44025909900665283,0.17155662178993225,-0.35667699575424194,0.16013196110725403,-0.2718605399131775,0.04341992735862732,-0.39818745851516724,0.06502470374107361,-0.5644043684005737,0.07931572198867798,-0.6736823916435242,0.0824049711227417,-0.7772859632968903,-0.025498121976852417,-0.389431893825531,-0.03601083159446716,-0.5472461581230164,-0.047010838985443115,-0.6478016674518585,-0.05730074644088745,-0.7436491549015045,-0.08839169144630432,-0.33519816398620605,-0.13135240972042084,-0.44025087356567383,-0.1612389236688614,-0.5139935612678528,-0.18758442997932434,-0.5866012871265411,3
0.0,0.0,0.08587554097175598,-0.05267763137817383,0.1591801643371582,-0.15235686302185059,0.22009646892547607,-0.23446959257125854,0.22909075021743774,-0.32400834560394287,0.10776329040527344,-0.35023051500320435,0.15811902284622192,-0.43047964572906494,0.1665007472038269,-0.3407481908798218,0.15075385570526123,-0.256660521030426,0.04391023516654968,-0.3912087082862854,0.06621581315994263,-0.5505513548851013,0.07999160885810852,-0.6562129855155945,0.08218714594841003,-0.7579869627952576,-0.022888600826263428,-0.381874680519104,-0.034808963537216187,-0.528874933719635,-0.04400697350502014,-0.6244342625141144,-0.05238097906112671,-0.7180576920509338,-0.08423507213592529,-0.3286057710647583,-0.12533950805664062,-0.43096017837524414,-0.15367941558361053,-0.502665102481842,-0.1787041872739792,-0.5739766359329224,3
0.0,0.0,0.08753052353858948,-0.05432087182998657,0.16146376729011536,-0.15387195348739624,0.2195991575717926,-0.23215347528457642,0.2274775207042694,-0.31560951471328735,0.10962262749671936,-0.3349735736846924,0.15694883465766907,-0.4115946292877197,0.1644810140132904,-0.32490307092666626,0.14943215250968933,-0.243668794631958,0.048364847898483276,-0.3738256096839905,0.07078242301940918,-0.5249968767166138,0.08555477857589722,-0.6257150769233704,0.08943098783493042,-0.7223298251628876,-0.01566678285598755,-0.3661233186721802,-0.026217371225357056,-0.5051347613334656,-0.03451916575431824,-0.5956704318523407,-0.041692495346069336,-0.6840604841709137,-0.07435080409049988,-0.3168761730194092,-0.11390641331672668,-0.4125199317932129,-0.14129012823104858,-0.4784426689147949,-0.1652763932943344,-0.5438829064369202,3
0.0,0.0,0.0829586386680603,-0.05121338367462158,0.154317706823349,-0.1489330530166626,0.21300628781318665,-0.2290094494819641,0.2224142849445343,-0.3142373561859131,0.10075628757476807,-0.3274396061897278,0.15046700835227966,-0.404541552066803,0.1604132354259491,-0.32600802183151245,0.14661303162574768,-0.24830949306488037,0.04287874698638916,-0.365916907787323,0.06769222021102905,-0.5160399675369263,0.08149087429046631,-0.6140846610069275,0.08419057726860046,-0.7069703340530396,-0.017915993928909302,-0.3590342402458191,-0.02652224898338318,-0.49672019481658936,-0.034831732511520386,-0.5853841304779053,-0.04238241910934448,-0.6703686118125916,-0.07407417893409729,-0.3112626075744629,-0.11304979026317596,-0.4038861393928528,-0.14036937057971954,-0.46812543272972107,-0.16415584087371826,-0.5321366786956787,3
0.0,0.0,0.08450451493263245,-0.05132138729095459,0.15683627128601074,-0.14427578449249268,0.21505755186080933,-0.22228795289993286,0.22264504432678223,-0.30731070041656494,0.10285523533821106,-0.3231391906738281,0.1552141308784485,-0.3983144164085388,0.16625267267227173,-0.3196412920951843,0.15230727195739746,-0.24253404140472412,0.04559195041656494,-0.3618098497390747,0.06971657276153564,-0.5113435387611389,0.08330577611923218,-0.6080476939678192,0.08479905128479004,-0.6986075639724731,-0.014375299215316772,-0.3551969528198242,-0.024605631828308105,-0.4904940128326416,-0.03278517723083496,-0.5778899788856506,-0.04091435670852661,-0.6623771488666534,-0.0698237419128418,-0.3086773157119751,-0.10862725973129272,-0.40045320987701416,-0.1356641799211502,-0.46310287714004517,-0.15978331863880157,-0.5253080725669861,3
0.0,0.0,0.08171698451042175,-0.05273240804672241,0.15135112404823303,-0.15154671669006348,0.20888808369636536,-0.23191744089126587,0.21702393889427185,-0.3162601590156555,0.09699726104736328,-0.3237321376800537,0.1480993926525116,-0.40198367834091187,0.15760722756385803,-0.32240742444992065,0.14262935519218445,-0.24534094333648682,0.04084309935569763,-0.3611670732498169,0.06551721692085266,-0.5065954029560089,0.07864829897880554,-0.6039970219135284,0.07955366373062134,-0.6975055038928986,-0.017635822296142578,-0.35464274883270264,-0.027100414037704468,-0.4865022599697113,-0.033832401037216187,-0.5730949640274048,-0.04084840416908264,-0.6581293344497681,-0.07229307293891907,-0.30998289585113525,-0.1087135374546051,-0.39981383085250854,-0.1346040964126587,-0.4627581238746643,-0.15744704008102417,-0.5256416201591492,3
0.0,0.0,0.08036136627197266,-0.05055874586105347,0.1490187644958496,-0.13558626174926758,0.20949304103851318,-0.2013280987739563,0.2339830994606018,-0.27523642778396606,0.10053214430809021,-0.3025508522987366,0.16197693347930908,-0.35977745056152344,0.1782928705215454,-0.28227072954177856,0.16766893863677979,-0.21255862712860107,0.0533410906791687,-0.34597963094711304,0.08365100622177124,-0.4899614155292511,0.10030996799468994,-0.582981675863266,0.10156711935997009,-0.669662743806839,0.00026601552963256836,-0.34531348943710327,-0.00792163610458374,-0.48352962732315063,-0.015401393175125122,-0.5721894800662994,-0.024718880653381348,-0.656629353761673,-0.05120342969894409,-0.305463969707489,-0.09011021256446838,-0.40388259291648865,-0.11576582491397858,-0.47138383984565735,-0.13798166811466217,-0.537349283695221,3
0.0,0.0,0.0908588171005249,-0.08153122663497925,0.1379174292087555,-0.17272108793258667,0.1703954041004181,-0.22911810874938965,0.1954265832901001,-0.2640641927719116,0.053865402936935425,-0.32517164945602417,0.11194217205047607,-0.46658074855804443,0.13872981071472168,-0.5510455369949341,0.1498158574104309,-0.6252928376197815,0.047393620014190674,-0.333465576171875,0.0837181806564331,-0.4808638393878937,0.0947248637676239,-0.5809178650379181,0.0873362123966217,-0.6576164662837982,0.055467814207077026,-0.31736040115356445,0.17057260870933533,-0.36347460746765137,0.1885165572166443,-0.2798820734024048,0.16964229941368103,-0.2304452657699585,0.09096306562423706,-0.2852632999420166,0.1873530149459839,-0.31066906452178955,0.2005937695503235,-0.248193621635437,0.1806066930294037,-0.19734060764312744,3
0.0,0.0,-0.017953097820281982,-0.11149764060974121,0.00030165910720825195,-0.19019538164138794,0.04597321152687073,-0.2341955304145813,0.08838972449302673,-0.25843364000320435,0.008744806051254272,-0.2712397575378418,0.0780552327632904,-0.35873982310295105,0.10693991184234619,-0.3434436321258545,0.12204623222351074,-0.32337629795074463,0.051255226135253906,-0.2745194435119629,0.09866121411323547,-0.426283597946167,0.12192744016647339,-0.5288307070732117,0.1352907419204712,-0.6057938933372498,0.09429147839546204,-0.24842852354049683,0.13646256923675537,-0.3981409966945648,0.1551288664340973,-0.4786358177661896,0.16291680932044983,-0.5388410091400146,0.14078474044799805,-0.19872206449508667,0.17448365688323975,-0.31194132566452026,0.18274065852165222,-0.379802405834198,0.18864098191261292,-0.436037540435791,3
0.0,0.0,-0.06240659952163696,-0.10923510789871216,-0.06535118818283081,-0.19986897706985474,-0.03279641270637512,-0.2535361051559448,0.011603444814682007,-0.27209609746932983,-0.0037291646003723145,-0.3098345398902893,-0.014233112335205078,-0.379709392786026,-0.020686686038970947,-0.33970963954925537,-0.01826310157775879,-0.2822992205619812,0.06076839566230774,-0.31422823667526245,0.0746094286441803,-0.46936851739883423,0.08621829748153687,-0.5623051226139069,0.0999559760093689,-0.6315828859806061,0.11328470706939697,-0.2854662537574768,0.14052647352218628,-0.4484821856021881,0.15829998254776,-0.547097235918045,0.17039906978607178,-0.6245872974395752,0.1539757251739502,-0.23108482360839844,0.20673108100891113,-0.3409990072250366,0.23600095510482788,-0.4038950204849243,0.25615841150283813,-0.45799946784973145,3
0.0,0.0,-0.08418279886245728,-0.1000058650970459,-0.10511109232902527,-0.20570170879364014,-0.06777709722518921,-0.269819974899292,-0.018075942993164062,-0.29215770959854126,-0.021691977977752686,-0.33277204632759094,-0.040912628173828125,-0.40386179089546204,-0.06403478980064392,-0.3587968051433563,-0.06796252727508545,-0.29983967542648315,0.04842221736907959,-0.3412158787250519,0.04916313290596008,-0.49649578332901,0.05124378204345703,-0.589022308588028,0.062221646308898926,-0.6603614389896393,0.1057487428188324,-0.31090205907821655,0.13508954644203186,-0.4658135771751404,0.15421468019485474,-0.561387687921524,0.17020469903945923,-0.638058066368103,0.14853492379188538,-0.2528653144836426,0.20211762189865112,-0.35415977239608765,0.23500800132751465,-0.4167855679988861,0.25962531566619873,-0.4704282283782959,3
0.0,0.0,-0.09721112251281738,-0.09319370985031128,-0.14013847708702087,-0.20513546466827393,-0.12119516730308533,-0.27842289209365845,-0.07462692260742188,-0.30203139781951904,-0.031217634677886963,-0.3382405638694763,-0.06806588172912598,-0.4026677906513214,-0.09432792663574219,-0.36091047525405884,-0.09600672125816345,-0.30886250734329224,0.03401169180870056,-0.35360679030418396,0.02161228656768799,-0.509146511554718,0.0195157527923584,-0.6044662296772003,0.028426676988601685,-0.6784425675868988,0.08814400434494019,-0.32569971680641174,0.11172273755073547,-0.47718966007232666,0.13313454389572144,-0.5739426016807556,0.1521902084350586,-0.6516827642917633,0.1286766529083252,-0.264204204082489,0.18252718448638916,-0.3598499894142151,0.21776682138442993,-0.4203629493713379,0.2461969256401062,-0.4699151813983917,3
0.0,0.0,-0.10055789351463318,-0.09038358926773071,-0.15206463634967804,-0.1998530626296997,-0.14005552232265472,-0.2723710536956787,-0.09551933407783508,-0.29652512073516846,-0.036190301179885864,-0.3311883509159088,-0.0793718695640564,-0.40074729919433594,-0.1066436767578125,-0.35910627245903015,-0.10761210322380066,-0.30665016174316406,0.02753099799156189,-0.34660249948501587,0.00758051872253418,-0.5074719488620758,0.0036974549293518066,-0.6071609854698181,0.012447535991668701,-0.6859665513038635,0.0799427330493927,-0.3207334876060486,0.09917828440666199,-0.4714992344379425,0.11957228183746338,-0.5690495371818542,0.1390143632888794,-0.6480786502361298,0.11982208490371704,-0.261776328086853,0.17068511247634888,-0.35672101378440857,0.20444810390472412,-0.4177887439727783,0.23310720920562744,-0.46868425607681274,3
0.0,0.0,-0.09980133175849915,-0.0900924801826477,-0.1520991027355194,-0.1978554129600525,-0.14232350885868073,-0.2701196074485779,-0.09951731562614441,-0.2962915897369385,-0.040205419063568115,-0.3310359716415405,-0.08515423536300659,-0.399863600730896,-0.11562572419643402,-0.3602117896080017,-0.11982797086238861,-0.3068053722381592,0.023076117038726807,-0.34522899985313416,0.005634516477584839,-0.5041348338127136,0.001985996961593628,-0.6037745475769043,0.010222971439361572,-0.6838383972644806,0.07660919427871704,-0.32082825899124146,0.0967506468296051,-0.47200244665145874,0.11554846167564392,-0.5662490129470825,0.13477537035942078,-0.6428575217723846,0.1175520122051239,-0.2641884684562683,0.167748361825943,-0.35974210500717163,0.19977983832359314,-0.4198341369628906,0.22853651642799377,-0.47037357091903687,3
0.0,0.0,-0.09796139597892761,-0.088134765625,-0.14870387315750122,-0.19966673851013184,-0.13742059469223022,-0.27766430377960205,-0.09887754917144775,-0.3035547733306885,-0.035673558712005615,-0.33140498399734497,-0.07773858308792114,-0.4014870524406433,-0.09897753596305847,-0.36178258061408997,-0.09687665104866028,-0.31498539447784424,0.027765780687332153,-0.3473915755748749,0.006515324115753174,-0.5072072744369507,0.0025548934936523438,-0.6075294613838196,0.010213345289230347,-0.6872921884059906,0.08108130097389221,-0.3215399980545044,0.09874564409255981,-0.471929669380188,0.1190522313117981,-0.5712183713912964,0.1381998360157013,-0.6513343453407288,0.1220666766166687,-0.2619038224220276,0.17146643996238708,-0.3602786362171173,0.20385900139808655,-0.4231252074241638,0.2328292429447174,-0.47428396344184875,3
0.0,0.0,-0.0986986756324768,-0.0874643325805664,-0.15032587945461273,-0.19836533069610596,-0.1412869691848755,-0.2749329209327698,-0.10569050908088684,-0.3036069869995117,-0.034643322229385376,-0.3380970358848572,-0.0806436538696289,-0.40453144907951355,-0.10295432806015015,-0.36659711599349976,-0.0999615490436554,-0.3227386474609375,0.029273688793182373,-0.3535671830177307,0.00467604398727417,-0.5116582214832306,-0.00022837519645690918,-0.6118045747280121,0.008047312498092651,-0.6918711364269257,0.08189404010772705,-0.3268178105354309,0.0962805449962616,-0.4781116247177124,0.1164993941783905,-0.5777387320995331,0.13646432757377625,-0.6589252352714539,0.1217505931854248,-0.26560288667678833,0.1683879792690277,-0.3660689890384674,0.1996026337146759,-0.4298884868621826,0.22768667340278625,-0.4828348159790039,3
0.0,0.0,-0.09566323459148407,-0.0888286828994751,-0.1419568955898285,-0.19588768482208252,-0.1281070113182068,-0.26734423637390137,-0.09071502089500427,-0.2924184799194336,-0.03662559390068054,-0.3435705900192261,-0.07257342338562012,-0.4097175896167755,-0.08729684352874756,-0.36934560537338257,-0.08089521527290344,-0.32399290800094604,0.030377715826034546,-0.3573451638221741,0.011722952127456665,-0.515579104423523,0.009348869323730469,-0.6152533292770386,0.017995774745941162,-0.6946402490139008,0.08657827973365784,-0.3290466070175171,0.10596981644630432,-0.48061567544937134,0.12787264585494995,-0.5783494412899017,0.1471705138683319,-0.6592745184898376,0.13051670789718628,-0.266291081905365,0.17954126000404358,-0.36692890524864197,0.21115514636039734,-0.43050920963287354,0.2379278838634491,-0.4841760993003845,3
0.0,0.0,-0.09874142706394196,-0.09458166360855103,-0.1375303566455841,-0.21102821826934814,-0.10355375707149506,-0.28525811433792114,-0.0504438579082489,-0.31061387062072754,-0.04306098818778992,-0.34791645407676697,-0.07242444157600403,-0.4232793152332306,-0.07783317565917969,-0.3804028630256653,-0.06660515069961548,-0.3315107822418213,0.029599159955978394,-0.3622010052204132,0.012882471084594727,-0.522041916847229,0.013273388147354126,-0.6179388165473938,0.021581679582595825,-0.6935953795909882,0.08914312720298767,-0.33521533012390137,0.10568729043006897,-0.48758023977279663,0.12771418690681458,-0.5839800834655762,0.1471177637577057,-0.6647653877735138,0.1347160041332245,-0.275295615196228,0.1785939633846283,-0.37766796350479126,0.20984384417533875,-0.4401547312736511,0.23606929183006287,-0.4935452938079834,3
0.0,0.0,-0.09516912698745728,-0.08403944969177246,-0.14109165966510773,-0.1920173168182373,-0.12199383974075317,-0.26860636472702026,-0.0733281821012497,-0.2916065454483032,-0.045883744955062866,-0.3377348780632019,-0.06693360209465027,-0.4062361717224121,-0.07024163007736206,-0.3646084666252136,-0.05966031551361084,-0.3167429566383362,0.026509523391723633,-0.3530883193016052,0.010404348373413086,-0.5078776478767395,0.009255021810531616,-0.6067203879356384,0.0162544846534729,-0.6820469200611115,0.08694058656692505,-0.32790663838386536,0.10317578911781311,-0.4790361523628235,0.12389856576919556,-0.577240914106369,0.1416304111480713,-0.6570613384246826,0.13440003991127014,-0.26944500207901,0.1788540482521057,-0.3714021146297455,0.2092655897140503,-0.4360603094100952,0.23452574014663696,-0.49010980129241943,3
0.0,0.0,-0.09683836996555328,-0.0778510570526123,-0.14349877834320068,-0.18538033962249756,-0.12081663310527802,-0.2686508893966675,-0.07508677244186401,-0.28931331634521484,-0.04753968119621277,-0.32873469591140747,-0.06506434082984924,-0.3969762325286865,-0.06909245252609253,-0.3568948805332184,-0.06012275815010071,-0.31185227632522583,0.02364414930343628,-0.3456598222255707,0.008993178606033325,-0.5003202557563782,0.00796625018119812,-0.5972318351268768,0.0158613920211792,-0.6721918880939484,0.08456364274024963,-0.3206896483898163,0.10317778587341309,-0.4689595103263855,0.12343856692314148,-0.5665082633495331,0.14077237248420715,-0.6466823816299438,0.13311296701431274,-0.26338374614715576,0.1795203983783722,-0.36231762170791626,0.20886674523353577,-0.42639440298080444,0.23338672518730164,-0.4800303876399994,3
0.0,0.0,-0.05088046193122864,-0.13938277959823608,-0.04190412163734436,-0.25106281042099,0.011999040842056274,-0.309715211391449,0.06988665461540222,-0.31013503670692444,-0.02049267292022705,-0.3038567006587982,-0.0004374682903289795,-0.3704296052455902,0.004390746355056763,-0.3440558612346649,0.009892970323562622,-0.29777610301971436,0.04336044192314148,-0.29467782378196716,0.06319519877433777,-0.44890016317367554,0.07279977202415466,-0.5467354953289032,0.08347809314727783,-0.6213198602199554,0.10460865497589111,-0.2577916979789734,0.14322423934936523,-0.42121079564094543,0.1656404733657837,-0.5171903371810913,0.1813138723373413,-0.5899946987628937,0.15469709038734436,-0.2012900710105896,0.21111401915550232,-0.30385449528694153,0.2426871955394745,-0.36422058939933777,0.2686968147754669,-0.4175076484680176,3
0.0,0.0,0.07029980421066284,-0.07037419080734253,0.120218425989151,-0.135670006275177,0.16544699668884277,-0.18833637237548828,0.18745052814483643,-0.24207055568695068,0.07299017906188965,-0.27992039918899536,0.1325218677520752,-0.3305802047252655,0.15259385108947754,-0.2786322236061096,0.15033727884292603,-0.22355544567108154,0.03920161724090576,-0.31234103441238403,0.06338045001029968,-0.4551472067832947,0.07513085007667542,-0.5418049693107605,0.07353746891021729,-0.6107795238494873,-3.483891487121582e-05,-0.306369423866272,-0.019807547330856323,-0.43843644857406616,-0.030664443969726562,-0.5202268958091736,-0.042559921741485596,-0.5914077460765839,-0.035967618227005005,-0.2658582329750061,-0.07047164440155029,-0.3650813102722168,-0.08339732885360718,-0.4098203182220459,-0.0919298529624939,-0.4414932131767273,3
0.0,0.0,0.07344284653663635,-0.044069647789001465,0.13711661100387573,-0.11113476753234863,0.19499605894088745,-0.16801941394805908,0.20845329761505127,-0.23727750778198242,0.08389133214950562,-0.2586386203765869,0.14991706609725952,-0.31346607208251953,0.16080880165100098,-0.2474350929260254,0.146184504032135,-0.18220674991607666,0.043008267879486084,-0.2966127395629883,0.08073174953460693,-0.4218475818634033,0.09932094812393188,-0.5057927966117859,0.10278788208961487,-0.5825382471084595,-0.004678189754486084,-0.29765450954437256,-0.007542520761489868,-0.42499008774757385,-0.016491681337356567,-0.5060226023197174,-0.027188658714294434,-0.5783220827579498,-0.05355754494667053,-0.26544058322906494,-0.09195709228515625,-0.35387906432151794,-0.12056976556777954,-0.4114512801170349,-0.14576108753681183,-0.4659871459007263,3
0.0,0.0,0.07999813556671143,-0.03258633613586426,0.15105849504470825,-0.09681141376495361,0.21086645126342773,-0.15803742408752441,0.21907532215118408,-0.23071682453155518,0.10514473915100098,-0.25995874404907227,0.17127525806427002,-0.3187035322189331,0.17619574069976807,-0.250485897064209,0.15591806173324585,-0.18504750728607178,0.057670414447784424,-0.30448582768440247,0.09912583231925964,-0.42947620153427124,0.11794865131378174,-0.5128261148929596,0.12327295541763306,-0.5922993123531342,0.0036450624465942383,-0.3108596205711365,0.005523264408111572,-0.4259797930717468,0.0001380443572998047,-0.5002450048923492,-0.005728334188461304,-0.5706987977027893,-0.05278262495994568,-0.28302764892578125,-0.08487558364868164,-0.3616251051425934,-0.11071455478668213,-0.4129706621170044,-0.13352128863334656,-0.4629884362220764,3
0.0,0.0,0.08178246021270752,-0.03098165988922119,0.15592032670974731,-0.09330904483795166,0.2177559733390808,-0.15063798427581787,0.22634607553482056,-0.22145617008209229,0.11774402856826782,-0.2629244923591614,0.18549728393554688,-0.3201165497303009,0.18809807300567627,-0.2506568431854248,0.1659439206123352,-0.18313145637512207,0.06846293807029724,-0.31018707156181335,0.11160451173782349,-0.43890297412872314,0.13133832812309265,-0.522674947977066,0.1371299922466278,-0.601305365562439,0.01177513599395752,-0.3192247152328491,0.017988264560699463,-0.43595725297927856,0.015130013227462769,-0.511735737323761,0.011099576950073242,-0.5832902491092682,-0.04751119017601013,-0.292553186416626,-0.07787716388702393,-0.3716878890991211,-0.10129201412200928,-0.42335647344589233,-0.1211293637752533,-0.47265905141830444,3
0.0,0.0,0.08285406231880188,-0.03593432903289795,0.15693622827529907,-0.10248911380767822,0.21951991319656372,-0.1623678207397461,0.2218480110168457,-0.23508238792419434,0.11277353763580322,-0.2706088423728943,0.17885684967041016,-0.3289344608783722,0.18370354175567627,-0.2559654116630554,0.16215932369232178,-0.18714529275894165,0.06324544548988342,-0.31476929783821106,0.1063125729560852,-0.44894081354141235,0.12806665897369385,-0.5366711318492889,0.13594096899032593,-0.6199716031551361,0.006961435079574585,-0.3209620416164398,0.013738244771957397,-0.44278353452682495,0.012306123971939087,-0.5202582478523254,0.010271251201629639,-0.5932503342628479,-0.05219903588294983,-0.29149580001831055,-0.08155122399330139,-0.3741331696510315,-0.10415342450141907,-0.4276595711708069,-0.1224246472120285,-0.47839218378067017,3
0.0,0.0,0.08229848742485046,-0.03449922800064087,0.15624386072158813,-0.10179120302200317,0.2193225622177124,-0.1600629687309265,0.22119557857513428,-0.23059719800949097,0.11253508925437927,-0.27547115087509155,0.17892378568649292,-0.33380433917045593,0.1851012110710144,-0.25901031494140625,0.16570478677749634,-0.19045156240463257,0.06270644068717957,-0.32025429606437683,0.10426834225654602,-0.4522693157196045,0.1265418827533722,-0.5417801439762115,0.13520824909210205,-0.6298384964466095,0.005550384521484375,-0.3251260817050934,0.01045072078704834,-0.44938135147094727,0.008531183004379272,-0.5285718142986298,0.006788104772567749,-0.6072386801242828,-0.05411544442176819,-0.2934415936470032,-0.08430591225624084,-0.3794094920158386,-0.10727910697460175,-0.4347289204597473,-0.12630365788936615,-0.48910337686538696,3
0.0,0.0,0.08183389902114868,-0.03399157524108887,0.1557699739933014,-0.09961611032485962,0.2184281349182129,-0.15754640102386475,0.21963059902191162,-0.22854071855545044,0.11374044418334961,-0.2743544578552246,0.17967736721038818,-0.3344328999519348,0.18533474206924438,-0.26000964641571045,0.1657094955444336,-0.19115310907363892,0.06316027045249939,-0.3195728659629822,0.105213463306427,-0.4549715518951416,0.12677374482154846,-0.5456864833831787,0.13473740220069885,-0.6341732442378998,0.0052988529205322266,-0.3240366280078888,0.008248984813690186,-0.45107302069664,0.005955547094345093,-0.5310903787612915,0.004182636737823486,-0.6101415157318115,-0.054665327072143555,-0.29121333360671997,-0.0851915180683136,-0.3784542977809906,-0.10823124647140503,-0.43438249826431274,-0.12740030884742737,-0.4890511929988861,3
0.0,0.0,0.08255088329315186,-0.035239577293395996,0.157058984041214,-0.1006474494934082,0.22092527151107788,-0.15709543228149414,0.22317832708358765,-0.2262771725654602,0.11571547389030457,-0.27397847175598145,0.18311327695846558,-0.3325563967227936,0.18955528736114502,-0.2580115795135498,0.1706615686416626,-0.19023644924163818,0.06603646278381348,-0.319289892911911,0.10831353068351746,-0.45176154375076294,0.13183903694152832,-0.5428697764873505,0.1413724720478058,-0.6327207386493683,0.008463650941848755,-0.324138879776001,0.012969344854354858,-0.45066729187965393,0.011485666036605835,-0.5310003459453583,0.010250985622406006,-0.6113379597663879,-0.05143892765045166,-0.29196763038635254,-0.08060950040817261,-0.3785426616668701,-0.10303089022636414,-0.4345760941505432,-0.1218964010477066,-0.4896714389324188,3
0.0,0.0,0.08179804682731628,-0.03350335359573364,0.15585169196128845,-0.09881693124771118,0.21958696842193604,-0.1552736759185791,0.22200220823287964,-0.2264384627342224,0.11613994836807251,-0.27232301235198975,0.1827588677406311,-0.33094102144241333,0.1871979832649231,-0.2562251687049866,0.16675281524658203,-0.18783456087112427,0.06608480215072632,-0.3184559941291809,0.10919809341430664,-0.45170828700065613,0.1320565640926361,-0.5426620543003082,0.14153462648391724,-0.6314858496189117,0.008212238550186157,-0.3241567015647888,0.013632655143737793,-0.4498584270477295,0.011291444301605225,-0.5290737152099609,0.00932207703590393,-0.6074693500995636,-0.052054017782211304,-0.29246628284454346,-0.08052021265029907,-0.3774855136871338,-0.10305143892765045,-0.4323480725288391,-0.1219499409198761,-0.4862763285636902,3
0.0,0.0,0.08046221733093262,-0.03349888324737549,0.1534956395626068,-0.09992098808288574,0.21618443727493286,-0.15682107210159302,0.2180296778678894,-0.22628068923950195,0.11077547073364258,-0.2694281339645386,0.17805224657058716,-0.3287574052810669,0.18373066186904907,-0.25435274839401245,0.16364234685897827,-0.18655836582183838,0.06162711977958679,-0.3144510090351105,0.1048516035079956,-0.44730597734451294,0.12689921259880066,-0.5367262661457062,0.13468506932258606,-0.6230482757091522,0.0052258968353271484,-0.3196573257446289,0.008911222219467163,-0.4434395432472229,0.007016569375991821,-0.5223513543605804,0.005300343036651611,-0.5994329154491425,-0.05324530601501465,-0.2882762551307678,-0.08367326855659485,-0.3714268207550049,-0.10688292980194092,-0.42533665895462036,-0.1255471557378769,-0.4781736135482788,3
0.0,0.0,0.07976353168487549,-0.031794190406799316,0.15094482898712158,-0.09603464603424072,0.21235230565071106,-0.1522011160850525,0.21593043208122253,-0.22198832035064697,0.11157509684562683,-0.26366275548934937,0.1749102771282196,-0.32440808415412903,0.1809886395931244,-0.25143682956695557,0.16269806027412415,-0.18451619148254395,0.06233593821525574,-0.30913272500038147,0.1030212938785553,-0.44127902388572693,0.12570130825042725,-0.528672456741333,0.1351957619190216,-0.612518697977066,0.005717456340789795,-0.31455472111701965,0.007444530725479126,-0.43755263090133667,0.005048513412475586,-0.5145450830459595,0.003549247980117798,-0.5894995331764221,-0.0529213547706604,-0.28327351808547974,-0.08271190524101257,-0.3668912351131439,-0.10494877398014069,-0.41980165243148804,-0.12308476865291595,-0.47005635499954224,3
0.0,0.0,0.07974067330360413,-0.03255075216293335,0.1502135992050171,-0.09612011909484863,0.21127378940582275,-0.15151745080947876,0.2129184603691101,-0.22073328495025635,0.1099703311920166,-0.2647506594657898,0.1732621192932129,-0.32357341051101685,0.1790894865989685,-0.24971210956573486,0.1611325740814209,-0.18293535709381104,0.060766786336898804,-0.30869385600090027,0.10054180026054382,-0.4377228021621704,0.1239895224571228,-0.5244956612586975,0.13457584381103516,-0.6102568805217743,0.003971487283706665,-0.3128427565097809,0.006366640329360962,-0.4333629310131073,0.003745555877685547,-0.5105552971363068,0.0018106400966644287,-0.5872160196304321,-0.054537445306777954,-0.28099846839904785,-0.08502697944641113,-0.3636021912097931,-0.1073501706123352,-0.4168534278869629,-0.12548179924488068,-0.46847790479660034,3
0.0,0.0,0.07983455061912537,-0.031846702098846436,0.15004006028175354,-0.09309625625610352,0.2103460431098938,-0.1463158130645752,0.2122877836227417,-0.21434587240219116,0.11072778701782227,-0.2620657682418823,0.17341339588165283,-0.318586140871048,0.17792439460754395,-0.2426409125328064,0.1597089171409607,-0.17554104328155518,0.06158328056335449,-0.3056310713291168,0.10218614339828491,-0.4313199818134308,0.12597063183784485,-0.5177917182445526,0.13704213500022888,-0.6030986309051514,0.004390329122543335,-0.3096824586391449,0.0053955912590026855,-0.42985716462135315,0.0021439194679260254,-0.5069913268089294,0.0004719197750091553,-0.5835370421409607,-0.054016560316085815,-0.27749383449554443,-0.08460432291030884,-0.35929685831069946,-0.10646778345108032,-0.412418007850647,-0.1241936981678009,-0.46409469842910767,3
0.0,0.0,0.07835039496421814,-0.031349778175354004,0.14912322163581848,-0.0953441858291626,0.209406316280365,-0.14894825220108032,0.20996999740600586,-0.21623265743255615,0.10891401767730713,-0.2608792185783386,0.1721268892288208,-0.3183915615081787,0.17716681957244873,-0.24425429105758667,0.15903452038764954,-0.1787239909172058,0.06133964657783508,-0.303714394569397,0.103253573179245,-0.4277685284614563,0.12737047672271729,-0.512995183467865,0.13823840022087097,-0.5972086489200592,0.005676478147506714,-0.30856677889823914,0.007947772741317749,-0.42824649810791016,0.004450350999832153,-0.5033419728279114,0.0021073222160339355,-0.5775603353977203,-0.05149558186531067,-0.2777808904647827,-0.08148574829101562,-0.3579142987728119,-0.10457503795623779,-0.4085277318954468,-0.12323392927646637,-0.4577488601207733,3
0.0,0.0,0.07864966988563538,-0.030222535133361816,0.1483839452266693,-0.08911460638046265,0.2073177993297577,-0.14168888330459595,0.20773997902870178,-0.20890748500823975,0.10702118277549744,-0.2517361640930176,0.16921266913414001,-0.3093380928039551,0.17456874251365662,-0.23702633380889893,0.15766552090644836,-0.1730089783668518,0.05993056297302246,-0.2938121259212494,0.10125157237052917,-0.41699039936065674,0.1249254047870636,-0.5009517073631287,0.1361962854862213,-0.5845730602741241,0.005035877227783203,-0.29854047298431396,0.00606304407119751,-0.41604915261268616,0.0023165643215179443,-0.4911630153656006,0.00034174323081970215,-0.5652846097946167,-0.051072776317596436,-0.2684895396232605,-0.08215776085853577,-0.3475392162799835,-0.1043921709060669,-0.39773130416870117,-0.12184098362922668,-0.4464986026287079,3
0.0,0.0,0.07785847783088684,-0.03153431415557861,0.1464236080646515,-0.09014809131622314,0.20347875356674194,-0.14376115798950195,0.2038513422012329,-0.2110520601272583,0.10655415058135986,-0.24935752153396606,0.16493457555770874,-0.30839335918426514,0.17013531923294067,-0.23830080032348633,0.15408554673194885,-0.17533767223358154,0.0589560866355896,-0.2911164164543152,0.09705397486686707,-0.41238635778427124,0.11953526735305786,-0.49475204944610596,0.130060076713562,-0.5761474668979645,0.0036812126636505127,-0.2956903576850891,0.004126220941543579,-0.41240954399108887,0.000427931547164917,-0.48582732677459717,-0.0019420385360717773,-0.5572816431522369,-0.05282038450241089,-0.2657216787338257,-0.08324050903320312,-0.3458371162414551,-0.10465233027935028,-0.395982563495636,-0.12170034646987915,-0.4437039792537689,3
0.0,0.0,0.076192706823349,-0.028952419757843018,0.14417308568954468,-0.08770573139190674,0.20136043429374695,-0.13992828130722046,0.20340082049369812,-0.2066836953163147,0.10473483800888062,-0.247827410697937,0.16509953141212463,-0.3052557408809662,0.17034807801246643,-0.23514360189437866,0.1542869210243225,-0.17400377988815308,0.058219194412231445,-0.2896159291267395,0.09840413928031921,-0.4093443751335144,0.1211748719215393,-0.4898819029331207,0.13183936476707458,-0.5702731907367706,0.004448741674423218,-0.29359084367752075,0.005515158176422119,-0.40736329555511475,0.002228379249572754,-0.4797478914260864,0.0006143748760223389,-0.551492303609848,-0.050428569316864014,-0.262870728969574,-0.08039560914039612,-0.3414563238620758,-0.10084854066371918,-0.39164435863494873,-0.11645618081092834,-0.4403684735298157,3
0.0,0.0,0.07676428556442261,-0.028788506984710693,0.14445537328720093,-0.0887596607208252,0.20168191194534302,-0.14274579286575317,0.2031053900718689,-0.2101474404335022,0.10661384463310242,-0.250302791595459,0.166473388671875,-0.3077293634414673,0.17028021812438965,-0.23620134592056274,0.1532304584980011,-0.17341744899749756,0.05969381332397461,-0.29306602478027344,0.09992870688438416,-0.4137868881225586,0.12246066331863403,-0.49464935064315796,0.13361456990242004,-0.5750764310359955,0.005398005247116089,-0.2982393503189087,0.006734341382980347,-0.41192036867141724,0.0030132532119750977,-0.48529261350631714,0.0011356472969055176,-0.5568154752254486,-0.05031996965408325,-0.26851874589920044,-0.07974368333816528,-0.34602802991867065,-0.10043007135391235,-0.3960378170013428,-0.11613722145557404,-0.4440283179283142,3
0.0,0.0,0.07763606309890747,-0.02969825267791748,0.14681237936019897,-0.09034860134124756,0.20591872930526733,-0.14328932762145996,0.2074715495109558,-0.21076470613479614,0.10872313380241394,-0.2547164559364319,0.16987484693527222,-0.31151333451271057,0.1738220453262329,-0.23781830072402954,0.1566581428050995,-0.17399746179580688,0.06124261021614075,-0.2977474331855774,0.10244110226631165,-0.42035621404647827,0.12539824843406677,-0.5044535994529724,0.13619786500930786,-0.5881338715553284,0.00588652491569519,-0.3027791976928711,0.006063193082809448,-0.4199332296848297,0.00231209397315979,-0.4947587847709656,0.0009746849536895752,-0.5685069561004639,-0.05102550983428955,-0.2723469138145447,-0.08232751488685608,-0.3509652614593506,-0.10377001762390137,-0.40163081884384155,-0.11942113935947418,-0.45085275173187256,3
0.0,0.0,0.07881715893745422,-0.032438576221466064,0.14820396900177002,-0.09289461374282837,0.2083817422389984,-0.14653080701828003,0.2085215151309967,-0.21499037742614746,0.10837686061859131,-0.2594071626663208,0.17033341526985168,-0.31795766949653625,0.1752045452594757,-0.24430149793624878,0.15798833966255188,-0.17962533235549927,0.06009542942047119,-0.30253052711486816,0.10033270716667175,-0.42625683546066284,0.12460559606552124,-0.5115600824356079,0.136370450258255,-0.5967351496219635,0.004152894020080566,-0.3061367869377136,0.0031634271144866943,-0.42448118329048157,0.00025263428688049316,-0.5017089247703552,-0.0002925097942352295,-0.5786185562610626,-0.053075432777404785,-0.27361488342285156,-0.08456672728061676,-0.35500240325927734,-0.10511453449726105,-0.408176451921463,-0.12064523994922638,-0.4599788188934326,3
0.0,0.0,0.08239051699638367,-0.03171384334564209,0.15329211950302124,-0.09474503993988037,0.21428805589675903,-0.15025681257247925,0.21427297592163086,-0.2202455997467041,0.11342868208885193,-0.2676021456718445,0.17543280124664307,-0.32676300406455994,0.17766159772872925,-0.24786996841430664,0.1581868827342987,-0.1805260181427002,0.06207945942878723,-0.3128781020641327,0.10536545515060425,-0.44190514087677,0.12858662009239197,-0.5297426283359528,0.1393159031867981,-0.6170700490474701,0.003173142671585083,-0.317829966545105,0.0021051764488220215,-0.43891775608062744,-0.002148181200027466,-0.5181212723255157,-0.0032010674476623535,-0.5954934656620026,-0.057462602853775024,-0.28561609983444214,-0.08918051421642303,-0.3669443130493164,-0.11104132235050201,-0.42111513018608093,-0.1263635754585266,-0.4733280837535858,3
0.0,0.0,0.08309066295623779,-0.03198814392089844,0.15595287084579468,-0.09393501281738281,0.21875768899917603,-0.1500023603439331,0.21686697006225586,-0.2206147313117981,0.11336788535118103,-0.27048957347869873,0.17828375101089478,-0.3313016891479492,0.18337517976760864,-0.25284260511398315,0.16454902291297913,-0.18408894538879395,0.062083661556243896,-0.3156394958496094,0.10506129264831543,-0.4471851885318756,0.1299644112586975,-0.5367311239242554,0.1415366530418396,-0.6246137917041779,0.002791374921798706,-0.3196645975112915,0.0029186606407165527,-0.44388145208358765,-0.0009348392486572266,-0.525196373462677,-0.0024593472480773926,-0.6045742928981781,-0.058214783668518066,-0.28646552562713623,-0.08925384283065796,-0.37149888277053833,-0.11137999594211578,-0.4265826940536499,-0.12857383489608765,-0.4797309637069702,3
0.0,0.0,0.08373117446899414,-0.03214383125305176,0.15867763757705688,-0.09527057409286499,0.22365522384643555,-0.15096652507781982,0.22409045696258545,-0.2213708758354187,0.12082445621490479,-0.2773010730743408,0.1851939558982849,-0.33664464950561523,0.1881222128868103,-0.25635021924972534,0.1684725284576416,-0.1857006549835205,0.06705853343009949,-0.32376039028167725,0.11030054092407227,-0.4597943425178528,0.13452759385108948,-0.5534471571445465,0.1463240385055542,-0.6457405686378479,0.005354553461074829,-0.3275110125541687,0.0068863630294799805,-0.4555118978023529,0.0033300817012786865,-0.5398894250392914,0.001814723014831543,-0.6212378442287445,-0.057943522930145264,-0.29284119606018066,-0.09028153121471405,-0.38165533542633057,-0.11193078756332397,-0.44011735916137695,-0.1283690333366394,-0.4963977336883545,3
0.0,0.0,0.08535408973693848,-0.036701202392578125,0.16276293992996216,-0.10359293222427368,0.22777247428894043,-0.16042017936706543,0.2247542142868042,-0.22720754146575928,0.12412148714065552,-0.28342753648757935,0.18776080012321472,-0.3470325469970703,0.19180011749267578,-0.26523345708847046,0.17238619923591614,-0.19340240955352783,0.06831470131874084,-0.33002418279647827,0.10990583896636963,-0.46890681982040405,0.13580921292304993,-0.564314067363739,0.1485508680343628,-0.6575294435024261,0.005067706108093262,-0.33289584517478943,0.0052037835121154785,-0.4639970064163208,0.002038419246673584,-0.5497830808162689,0.0003247857093811035,-0.6329772770404816,-0.05772465467453003,-0.29572075605392456,-0.09005320072174072,-0.38538384437561035,-0.11235707998275757,-0.4448170065879822,-0.13009199500083923,-0.5019755959510803,3
0.0,0.0,0.08494412899017334,-0.03579157590866089,0.16088616847991943,-0.10373306274414062,0.22453749179840088,-0.16193807125091553,0.21945923566818237,-0.23085999488830566,0.1195632815361023,-0.28601711988449097,0.1822669506072998,-0.3496097922325134,0.18487763404846191,-0.26793497800827026,0.1650901436805725,-0.19585168361663818,0.06292903423309326,-0.3322669565677643,0.10518422722816467,-0.4729427695274353,0.127767413854599,-0.5705658793449402,0.13809868693351746,-0.6652102470397949,-0.0008171200752258301,-0.33374708890914917,-0.002656906843185425,-0.4668939709663391,-0.008284568786621094,-0.5545316338539124,-0.010742753744125366,-0.6385781764984131,-0.06481869518756866,-0.294843852519989,-0.09753282368183136,-0.3857252895832062,-0.12019693851470947,-0.4462629556655884,-0.13711638748645782,-0.5053487420082092,3
0.0,0.0,0.08560305833816528,-0.03463304042816162,0.1618771255016327,-0.10020124912261963,0.22517991065979004,-0.15853923559188843,0.22260499000549316,-0.22829926013946533,0.12096577882766724,-0.285055935382843,0.18502265214920044,-0.352017343044281,0.18729737401008606,-0.2709617614746094,0.16653215885162354,-0.198325514793396,0.06392508745193481,-0.33225902915000916,0.10625427961349487,-0.4760298728942871,0.12996110320091248,-0.5730631053447723,0.14135393500328064,-0.6666686236858368,-0.000577092170715332,-0.3346596658229828,-0.001457512378692627,-0.4684336483478546,-0.005542874336242676,-0.5560379326343536,-0.007511019706726074,-0.63942089676857,-0.06501388549804688,-0.29695290327072144,-0.09773388504981995,-0.3885197639465332,-0.12016656994819641,-0.4488842189311981,-0.13794159889221191,-0.5060920715332031,3
0.0,0.0,0.08714887499809265,-0.037527501583099365,0.16475138068199158,-0.10475045442581177,0.2283647358417511,-0.16300737857818604,0.22366741299629211,-0.23215460777282715,0.1224079430103302,-0.28996551036834717,0.18624910712242126,-0.3553716540336609,0.18807145953178406,-0.27258360385894775,0.1671401560306549,-0.19912409782409668,0.06473222374916077,-0.33720725774765015,0.10717558860778809,-0.48285984992980957,0.13094019889831543,-0.5818687081336975,0.14230814576148987,-0.6779985725879669,-0.0005952417850494385,-0.3397766649723053,-0.0007938742637634277,-0.4751521348953247,-0.0051003992557525635,-0.563700407743454,-0.007349640130996704,-0.6481226086616516,-0.06612245738506317,-0.3014538288116455,-0.09939377009868622,-0.3942039906978607,-0.12197178602218628,-0.45531874895095825,-0.13951529562473297,-0.5130983591079712,3
0.0,0.0,0.08714437484741211,-0.0364459753036499,0.16633042693138123,-0.1057441234588623,0.23270592093467712,-0.1645956039428711,0.23037508130073547,-0.2344316840171814,0.12748339772224426,-0.2917863130569458,0.19314348697662354,-0.3577159643173218,0.19483473896980286,-0.27498090267181396,0.17323359847068787,-0.20146620273590088,0.07011207938194275,-0.34046298265457153,0.11312675476074219,-0.48619240522384644,0.13734331727027893,-0.58633092045784,0.1486658751964569,-0.6833087503910065,0.005170106887817383,-0.3437677025794983,0.005365878343582153,-0.4785197973251343,0.0011054277420043945,-0.5669108629226685,-0.001513361930847168,-0.6518127620220184,-0.06013433635234833,-0.3060287833213806,-0.09242156147956848,-0.39882034063339233,-0.11497136950492859,-0.4601705074310303,-0.1330147534608841,-0.5187151432037354,3
0.0,0.0,0.0873730480670929,-0.036291301250457764,0.16661521792411804,-0.10423076152801514,0.23198744654655457,-0.16412097215652466,0.22946342825889587,-0.23350298404693604,0.1276649832725525,-0.2914049029350281,0.19369739294052124,-0.3589612543582916,0.1956709325313568,-0.27775734663009644,0.17437541484832764,-0.2041659951210022,0.0700361430644989,-0.3411637246608734,0.11397358775138855,-0.48837244510650635,0.13773953914642334,-0.5881944894790649,0.148879736661911,-0.6843137145042419,0.004960805177688599,-0.34525957703590393,0.005148649215698242,-0.4813987612724304,0.0012463629245758057,-0.5701096653938293,-0.0007177293300628662,-0.6543320715427399,-0.060580432415008545,-0.307651549577713,-0.09388522803783417,-0.39863598346710205,-0.11629697680473328,-0.45931196212768555,-0.13325819373130798,-0.516506165266037,3
0.0,0.0,0.08694696426391602,-0.03682821989059448,0.16485223174095154,-0.1053626537322998,0.23090162873268127,-0.16256964206695557,0.23006531596183777,-0.22987818717956543,0.1275348961353302,-0.29219168424606323,0.19306820631027222,-0.35494759678840637,0.1946713626384735,-0.2701265215873718,0.1737510859966278,-0.19550424814224243,0.06989771127700806,-0.34150728583335876,0.11248171329498291,-0.4873534142971039,0.1365317702293396,-0.5882220268249512,0.14808562397956848,-0.6861831545829773,0.004350483417510986,-0.34507229924201965,0.0032601654529571533,-0.48069727420806885,-0.0006575882434844971,-0.5692736804485321,-0.002396196126937866,-0.6545397043228149,-0.06136547029018402,-0.3073955774307251,-0.09473533928394318,-0.4000721573829651,-0.11716221272945404,-0.4612588584423065,-0.13452845811843872,-0.5195821225643158,3
0.0,0.0,0.08457279205322266,-0.03820067644119263,0.16048026084899902,-0.1077393889427185,0.22527605295181274,-0.16538625955581665,0.2240520715713501,-0.23403334617614746,0.12144449353218079,-0.294424831867218,0.18568110466003418,-0.3600439429283142,0.18937593698501587,-0.27761954069137573,0.1701907515525818,-0.20386886596679688,0.06481817364692688,-0.3417610228061676,0.10665440559387207,-0.4851548969745636,0.13158082962036133,-0.5843074023723602,0.14435598254203796,-0.6803415417671204,0.00048100948333740234,-0.34405317902565,-0.000576019287109375,-0.4788813591003418,-0.004437476396560669,-0.5665782988071442,-0.0060686469078063965,-0.6508031487464905,-0.06374789774417877,-0.3054935932159424,-0.09556573629379272,-0.39773914217948914,-0.11727257072925568,-0.45946744084358215,-0.13437744975090027,-0.5186386108398438,3
0.0,0.0,0.08424654603004456,-0.034872233867645264,0.15902209281921387,-0.10014957189559937,0.22079750895500183,-0.1548020839691162,0.21958842873573303,-0.2206254005432129,0.12247017025947571,-0.28121960163116455,0.1826249659061432,-0.34094804525375366,0.18430480360984802,-0.2583543062210083,0.16463816165924072,-0.18636661767959595,0.06641551852226257,-0.32671502232551575,0.10579964518547058,-0.465444415807724,0.1303650438785553,-0.5615759193897247,0.14325541257858276,-0.6556904315948486,0.002513706684112549,-0.3281550109386444,0.0011103451251983643,-0.4603772759437561,-0.0027052462100982666,-0.5467369854450226,-0.004166126251220703,-0.6304463744163513,-0.060492098331451416,-0.2897595167160034,-0.09294535219669342,-0.38199225068092346,-0.11439946293830872,-0.44238755106925964,-0.13152828812599182,-0.5010520815849304,3
0.0,0.0,0.08349072933197021,-0.03662317991256714,0.15700054168701172,-0.10189145803451538,0.21791118383407593,-0.1571894884109497,0.21392273902893066,-0.22346681356430054,0.11676615476608276,-0.27756446599960327,0.1779918670654297,-0.3383961319923401,0.18109381198883057,-0.2574726343154907,0.16189005970954895,-0.18671363592147827,0.06324025988578796,-0.322128564119339,0.10202929377555847,-0.45716267824172974,0.12589234113693237,-0.551967591047287,0.13711455464363098,-0.6454302668571472,0.0024449825286865234,-0.3242993950843811,0.000958859920501709,-0.45419031381607056,-0.003732442855834961,-0.5386345088481903,-0.0063197314739227295,-0.6203550398349762,-0.058854639530181885,-0.2881317734718323,-0.0905957818031311,-0.37702471017837524,-0.11223158240318298,-0.4364410638809204,-0.12916339933872223,-0.4937543272972107,3
0.0,0.0,0.07925763726234436,-0.03463900089263916,0.14865627884864807,-0.09311920404434204,0.2088468074798584,-0.14555859565734863,0.21150368452072144,-0.21094900369644165,0.11002576351165771,-0.26153564453125,0.17265522480010986,-0.3204215168952942,0.18085479736328125,-0.24944764375686646,0.16569599509239197,-0.18564742803573608,0.06082814931869507,-0.3055996000766754,0.10035592317581177,-0.43431806564331055,0.12578579783439636,-0.523949921131134,0.13860046863555908,-0.6122660338878632,0.0035998523235321045,-0.3095332980155945,0.004324078559875488,-0.4332139790058136,0.0009679794311523438,-0.5132125616073608,-0.0013936161994934082,-0.5908332765102386,-0.05502024292945862,-0.2765231132507324,-0.08316335082054138,-0.36319223046302795,-0.1017717719078064,-0.42074161767959595,-0.11673824489116669,-0.47553789615631104,3
0.0,0.0,0.07877087593078613,-0.03137397766113281,0.14813357591629028,-0.08971107006072998,0.20587176084518433,-0.1407080888748169,0.20362311601638794,-0.20336228609085083,0.1099596619606018,-0.25550633668899536,0.16814836859703064,-0.3131500780582428,0.17287063598632812,-0.23869693279266357,0.15616446733474731,-0.17418140172958374,0.06006130576133728,-0.2987131178379059,0.09755465388298035,-0.42467352747917175,0.12098172307014465,-0.5101608633995056,0.1322481334209442,-0.5939355492591858,0.0023621320724487305,-0.3020479679107666,0.0006605982780456543,-0.4223613142967224,-0.0027381479740142822,-0.500693142414093,-0.004075497388839722,-0.5766397714614868,-0.05663833022117615,-0.2695978879928589,-0.08540700376033783,-0.3532189726829529,-0.10493624210357666,-0.40787357091903687,-0.11992524564266205,-0.4598163962364197,3
0.0,0.0,0.07736235857009888,-0.02986156940460205,0.14651116728782654,-0.08729755878448486,0.20319771766662598,-0.13900220394134521,0.20320230722427368,-0.2024672031402588,0.10799270868301392,-0.2511235475540161,0.16550427675247192,-0.30711230635643005,0.1694319248199463,-0.23318696022033691,0.1523769199848175,-0.16957032680511475,0.06009387969970703,-0.29262369871139526,0.0974111258983612,-0.41754481196403503,0.1200484037399292,-0.5010719895362854,0.13061079382896423,-0.5838066637516022,0.004541069269180298,-0.2959628701210022,0.0011047422885894775,-0.4144377112388611,-0.0025624632835388184,-0.4901256561279297,-0.004312634468078613,-0.5648058652877808,-0.05155289173126221,-0.26410263776779175,-0.0812896341085434,-0.3465143144130707,-0.10052287578582764,-0.3994649648666382,-0.11548417806625366,-0.4503946900367737,3
0.0,0.0,0.0763581395149231,-0.0312647819519043,0.14408621191978455,-0.08792436122894287,0.19986054301261902,-0.1389065384864807,0.2015208899974823,-0.20263606309890747,0.10461845993995667,-0.25085896253585815,0.1625247299671173,-0.3080708086490631,0.1689923107624054,-0.237590491771698,0.15419384837150574,-0.17571032047271729,0.05791929364204407,-0.29238057136535645,0.09507060050964355,-0.4144138693809509,0.11795505881309509,-0.49751150608062744,0.1290949285030365,-0.5792469680309296,0.003321141004562378,-0.29511284828186035,-0.0001697242259979248,-0.4125126004219055,-0.0043256282806396484,-0.48882901668548584,-0.006114393472671509,-0.5630252957344055,-0.05221608281135559,-0.26326632499694824,-0.08153831958770752,-0.3460150361061096,-0.10034684836864471,-0.3999439477920532,-0.11443817615509033,-0.4517781138420105,3
0.0,0.0,0.07570844888687134,-0.031096994876861572,0.14153233170509338,-0.08921545743942261,0.19749289751052856,-0.14095330238342285,0.1990908980369568,-0.20590680837631226,0.10276645421981812,-0.2526053190231323,0.16135194897651672,-0.3096991181373596,0.16817179322242737,-0.23814070224761963,0.15326273441314697,-0.1753186583518982,0.05582159757614136,-0.29444533586502075,0.09230205416679382,-0.41797831654548645,0.11568248271942139,-0.5020961463451385,0.12700027227401733,-0.5842216312885284,0.001370072364807129,-0.2968031167984009,-0.002693355083465576,-0.4139876067638397,-0.006977111101150513,-0.4909394383430481,-0.008948594331741333,-0.5653842091560364,-0.054261863231658936,-0.26388102769851685,-0.0838724821805954,-0.3462744355201721,-0.10317954421043396,-0.40093979239463806,-0.11728470027446747,-0.4530397653579712,3
0.0,0.0,0.07652610540390015,-0.02968841791152954,0.14365828037261963,-0.08681631088256836,0.1995176076889038,-0.138769268989563,0.1993948221206665,-0.20286411046981812,0.10293981432914734,-0.24837040901184082,0.16224372386932373,-0.30437999963760376,0.1684189736843109,-0.23212432861328125,0.15308082103729248,-0.1699422001838684,0.056668758392333984,-0.2904127240180969,0.09430426359176636,-0.4113976061344147,0.11640617251396179,-0.49422597885131836,0.1267332136631012,-0.5756285786628723,0.002732306718826294,-0.2939424514770508,0.00030416250228881836,-0.4087534546852112,-0.0044858455657958984,-0.4840092658996582,-0.006592094898223877,-0.5575955808162689,-0.052627772092819214,-0.2628422975540161,-0.08144842088222504,-0.3424619138240814,-0.10027356445789337,-0.3954007923603058,-0.11365990340709686,-0.4460453689098358,3
0.0,0.0,0.07592856884002686,-0.032877445220947266,0.140873521566391,-0.09163707494735718,0.19542133808135986,-0.1428259015083313,0.1976468563079834,-0.206182599067688,0.10068389773368835,-0.2508281469345093,0.15948694944381714,-0.30758345127105713,0.1668878197669983,-0.23843127489089966,0.15235430002212524,-0.17662686109542847,0.05429244041442871,-0.2927320599555969,0.09257051348686218,-0.41525256633758545,0.11524063348770142,-0.4981795847415924,0.1261717975139618,-0.5779614150524139,0.000321120023727417,-0.29665184020996094,-0.0032221972942352295,-0.41168147325515747,-0.007102757692337036,-0.487002432346344,-0.007905006408691406,-0.5587720274925232,-0.05516022443771362,-0.2656347155570984,-0.08531405031681061,-0.34391939640045166,-0.10449144244194031,-0.39707332849502563,-0.11692959070205688,-0.4472244083881378,3
0.0,0.0,0.07517394423484802,-0.03359776735305786,0.1414070725440979,-0.09255874156951904,0.19550198316574097,-0.14458167552947998,0.19745761156082153,-0.21040594577789307,0.10411310195922852,-0.25764012336730957,0.1595827043056488,-0.3145928978919983,0.1670231819152832,-0.2463010549545288,0.15296339988708496,-0.18273985385894775,0.05557495355606079,-0.29804179072380066,0.09350475668907166,-0.42544931173324585,0.11594328284263611,-0.5086490213871002,0.12713265419006348,-0.5872939229011536,-0.0006244778633117676,-0.29861605167388916,-0.002980351448059082,-0.4183077812194824,-0.005791604518890381,-0.49556922912597656,-0.006286293268203735,-0.5676062107086182,-0.05738821625709534,-0.26249635219573975,-0.09004418551921844,-0.34278109669685364,-0.11042517423629761,-0.39644378423690796,-0.12471722066402435,-0.44779354333877563,3
0.0,0.0,0.07844522595405579,-0.03879892826080322,0.14997538924217224,-0.10117435455322266,0.20403292775154114,-0.15926367044448853,0.20152413845062256,-0.22362762689590454,0.10798916220664978,-0.2711191773414612,0.16399171948432922,-0.3337136507034302,0.17232918739318848,-0.2739737033843994,0.15969395637512207,-0.2094811201095581,0.054416120052337646,-0.3115251660346985,0.08791771531105042,-0.44234001636505127,0.10925129055976868,-0.5278601348400116,0.12351316213607788,-0.6100229918956757,-0.004985451698303223,-0.3111247420310974,-0.005421072244644165,-0.4319872260093689,-0.010878443717956543,-0.5115979909896851,-0.013149231672286987,-0.5860947966575623,-0.06449520587921143,-0.2735365629196167,-0.0953545868396759,-0.35504186153411865,-0.11696058511734009,-0.4095463156700134,-0.133249893784523,-0.46175417304039,3
0.0,0.0,0.0811319351196289,-0.037664175033569336,0.1512126326560974,-0.10393279790878296,0.20411047339439392,-0.16531497240066528,0.20370763540267944,-0.2307184338569641,0.10722064971923828,-0.28533345460891724,0.16461050510406494,-0.34933048486709595,0.17375114560127258,-0.2791070342063904,0.16069844365119934,-0.2107037901878357,0.05390352010726929,-0.3269338011741638,0.08875545859336853,-0.4583754539489746,0.10774052143096924,-0.5491516590118408,0.11902713775634766,-0.6381451189517975,-0.004822641611099243,-0.3244880437850952,-0.009153872728347778,-0.44969385862350464,-0.016153797507286072,-0.5321361720561981,-0.018913239240646362,-0.6075252294540405,-0.06420183181762695,-0.28430014848709106,-0.09476736187934875,-0.3700154721736908,-0.1151839941740036,-0.42991697788238525,-0.13073517382144928,-0.4849597215652466,3
0.0,0.0,0.08338603377342224,-0.0375361442565918,0.1550060212612152,-0.10472041368484497,0.2060891091823578,-0.1611422300338745,0.2069987952709198,-0.22112113237380981,0.10452395677566528,-0.28588366508483887,0.16610625386238098,-0.3426748514175415,0.177408367395401,-0.2671052813529968,0.16466224193572998,-0.19846540689468384,0.05305162072181702,-0.32431545853614807,0.08985832333564758,-0.45460790395736694,0.11077448725700378,-0.5456813871860504,0.12235808372497559,-0.6351475715637207,-0.005253404378890991,-0.320528507232666,-0.006995141506195068,-0.4478597939014435,-0.012194901704788208,-0.5295912027359009,-0.01444236934185028,-0.6057211756706238,-0.0641699880361557,-0.27997857332229614,-0.09367914497852325,-0.3685515224933624,-0.11322934925556183,-0.42825788259506226,-0.12852217257022858,-0.4840255379676819,3
0.0,0.0,0.08328250050544739,-0.03915572166442871,0.15551233291625977,-0.10505753755569458,0.20912641286849976,-0.15967637300491333,0.2077314257621765,-0.21913456916809082,0.10655263066291809,-0.28709083795547485,0.16698679327964783,-0.3401477336883545,0.17927131056785583,-0.2621052861213684,0.16799557209014893,-0.19233626127243042,0.05443739891052246,-0.3250824511051178,0.09108036756515503,-0.4600852131843567,0.11155560612678528,-0.5516907870769501,0.122368723154068,-0.641432374715805,-0.004702150821685791,-0.3208520710468292,-0.006994128227233887,-0.44919466972351074,-0.01211652159690857,-0.5310874879360199,-0.014892816543579102,-0.6079609394073486,-0.0641842633485794,-0.28052985668182373,-0.09473447501659393,-0.3689877688884735,-0.1144532710313797,-0.42833155393600464,-0.12979234755039215,-0.4840099513530731,3
0.0,0.0,0.07777932286262512,-0.03994685411453247,0.14832112193107605,-0.09731411933898926,0.2050309181213379,-0.14851689338684082,0.21419256925582886,-0.21333366632461548,0.11650487780570984,-0.2753872275352478,0.17560309171676636,-0.33654433488845825,0.18419092893600464,-0.2825075387954712,0.17038923501968384,-0.2184535264968872,0.06445974111557007,-0.3187538683414459,0.10129934549331665,-0.45431241393089294,0.12274566292762756,-0.5421857535839081,0.13532179594039917,-0.6228798925876617,0.005106747150421143,-0.3213171362876892,0.005670875310897827,-0.4479498267173767,0.0006625056266784668,-0.5303180813789368,-0.0017573833465576172,-0.6047637462615967,-0.056276530027389526,-0.2860323190689087,-0.0876280814409256,-0.37260785698890686,-0.10823437571525574,-0.4303514361381531,-0.12314951419830322,-0.48486560583114624,3
0.0,0.0,0.08319902420043945,-0.034744858741760254,0.1527901291847229,-0.08662372827529907,0.21383506059646606,-0.13450980186462402,0.23173457384109497,-0.20085549354553223,0.120758056640625,-0.2568775415420532,0.1860310435295105,-0.3093617558479309,0.1945461630821228,-0.25166934728622437,0.17975085973739624,-0.19294416904449463,0.07305502891540527,-0.306580126285553,0.11791971325874329,-0.43543046712875366,0.14331677556037903,-0.5256192684173584,0.15594986081123352,-0.6126790046691895,0.016331523656845093,-0.31441745162010193,0.01946127414703369,-0.44348111748695374,0.015485107898712158,-0.5261825919151306,0.011816024780273438,-0.6037987172603607,-0.04242128133773804,-0.28332215547561646,-0.07130700349807739,-0.3700188100337982,-0.09120753407478333,-0.42749205231666565,-0.10745403170585632,-0.4821578562259674,3
0.0,0.0,0.08201831579208374,-0.028265833854675293,0.15292605757713318,-0.07856506109237671,0.21698597073554993,-0.12366223335266113,0.2379005253314972,-0.19026970863342285,0.11755833029747009,-0.2537246346473694,0.18844690918922424,-0.3018699884414673,0.19632044434547424,-0.23163831233978271,0.17845621705055237,-0.16650551557540894,0.07268089056015015,-0.3022622764110565,0.11864358186721802,-0.43206077814102173,0.14585646986961365,-0.5184833407402039,0.1589561402797699,-0.6012366712093353,0.017988502979278564,-0.3101315498352051,0.020638257265090942,-0.43862617015838623,0.018820852041244507,-0.5208934843540192,0.018106430768966675,-0.5992610454559326,-0.040014028549194336,-0.28118985891342163,-0.06972017884254456,-0.3725258708000183,-0.0890604555606842,-0.4313654899597168,-0.10436192154884338,-0.48747554421424866,3
0.0,0.0,0.0819266140460968,-0.030228137969970703,0.15494102239608765,-0.0833624005317688,0.2233179211616516,-0.1263185739517212,0.2528802752494812,-0.18784230947494507,0.12389647960662842,-0.26073986291885376,0.20296108722686768,-0.3036460280418396,0.211828351020813,-0.23398959636688232,0.19285422563552856,-0.1690276861190796,0.08168521523475647,-0.31214219331741333,0.13501298427581787,-0.4414541721343994,0.16325289011001587,-0.5284408628940582,0.17511677742004395,-0.6121718883514404,0.028229326009750366,-0.3221140503883362,0.03518840670585632,-0.4524357318878174,0.03393933176994324,-0.5365227162837982,0.032070010900497437,-0.6170659959316254,-0.030255228281021118,-0.29467737674713135,-0.05734515190124512,-0.3876185417175293,-0.07708105444908142,-0.4473048746585846,-0.09358948469161987,-0.5052429735660553,3
0.0,0.0,0.08424213528633118,-0.029619216918945312,0.16024041175842285,-0.07736879587173462,0.22740709781646729,-0.11694937944412231,0.2575228214263916,-0.1778135895729065,0.12521374225616455,-0.25635623931884766,0.20491427183151245,-0.2952114939689636,0.21698230504989624,-0.2251935601234436,0.20061945915222168,-0.16376328468322754,0.08672910928726196,-0.3057745099067688,0.14242833852767944,-0.4278806447982788,0.17482221126556396,-0.5152545869350433,0.1894630789756775,-0.6022157371044159,0.035448551177978516,-0.31546318531036377,0.045703887939453125,-0.44760555028915405,0.04545778036117554,-0.5334119498729706,0.042004138231277466,-0.6145137250423431,-0.02094358205795288,-0.28960180282592773,-0.046660423278808594,-0.3859812617301941,-0.06485092639923096,-0.44825437664985657,-0.08141976594924927,-0.5082472860813141,3
0.0,0.0,0.08232766389846802,-0.02616328001022339,0.15559417009353638,-0.07343333959579468,0.2229599952697754,-0.1132243275642395,0.2541460394859314,-0.17502760887145996,0.12210232019424438,-0.2527865171432495,0.20357745885849,-0.28989124298095703,0.2165476679801941,-0.22391068935394287,0.20069646835327148,-0.1628779172897339,0.08528575301170349,-0.3021094799041748,0.14333587884902954,-0.42419350147247314,0.17556452751159668,-0.5106391906738281,0.1903870701789856,-0.5932056307792664,0.03574052453041077,-0.31116873025894165,0.04484361410140991,-0.44318491220474243,0.045636922121047974,-0.5290924608707428,0.04427739977836609,-0.6086844801902771,-0.01937052607536316,-0.28541696071624756,-0.04596734046936035,-0.38000938296318054,-0.06586068868637085,-0.44164976477622986,-0.08281850814819336,-0.5018959939479828,3
0.0,0.0,0.08096650242805481,-0.029495835304260254,0.15281301736831665,-0.07802528142929077,0.21801245212554932,-0.11600792407989502,0.24913805723190308,-0.17172080278396606,0.12379062175750732,-0.25064122676849365,0.2017778754234314,-0.2865179777145386,0.20888346433639526,-0.21632349491119385,0.18637949228286743,-0.1524227261543274,0.0847211480140686,-0.2985110282897949,0.14103484153747559,-0.4225202798843384,0.17034947872161865,-0.5077975392341614,0.1826014518737793,-0.5878854095935822,0.03465259075164795,-0.30759453773498535,0.04292029142379761,-0.43482959270477295,0.043841928243637085,-0.5183635950088501,0.0443473756313324,-0.595615565776825,-0.021481335163116455,-0.2820253372192383,-0.050114452838897705,-0.3737109303474426,-0.06693661212921143,-0.4358427822589874,-0.0788307785987854,-0.4955964982509613,3
0.0,0.0,0.08235806226730347,-0.028671085834503174,0.15688765048980713,-0.07857447862625122,0.2243891954421997,-0.11921811103820801,0.2522493004798889,-0.17933493852615356,0.12759262323379517,-0.2503020167350769,0.2023388147354126,-0.29199767112731934,0.21195775270462036,-0.22325938940048218,0.1953219175338745,-0.15941792726516724,0.08611887693405151,-0.3010825514793396,0.13872158527374268,-0.4264751076698303,0.16845780611038208,-0.5106123089790344,0.18321216106414795,-0.5900163948535919,0.033674031496047974,-0.31279242038726807,0.04163902997970581,-0.43895047903060913,0.04227772355079651,-0.5190563797950745,0.042479634284973145,-0.5933619439601898,-0.023212164640426636,-0.2882646322250366,-0.05031329393386841,-0.3772296607494354,-0.06968367099761963,-0.43434932827949524,-0.08533096313476562,-0.4883117079734802,3
0.0,0.0,0.08065679669380188,-0.027655601501464844,0.15049368143081665,-0.07866489887237549,0.21335360407829285,-0.11826562881469727,0.23674604296684265,-0.17871367931365967,0.12192067503929138,-0.2513231635093689,0.19096651673316956,-0.2941358685493469,0.19677087664604187,-0.2192152738571167,0.1767248809337616,-0.15451771020889282,0.07662814855575562,-0.2994980812072754,0.12425696849822998,-0.42929112911224365,0.15269127488136292,-0.5160925090312958,0.16566720604896545,-0.6001631617546082,0.02145293354988098,-0.30734169483184814,0.023214191198349,-0.43117034435272217,0.024236291646957397,-0.51075479388237,0.025424689054489136,-0.5870264172554016,-0.03780144453048706,-0.27956926822662354,-0.06802746653556824,-0.3683006763458252,-0.08477053046226501,-0.4272570013999939,-0.09688897430896759,-0.483561635017395,3
0.0,0.0,0.07896244525909424,-0.026951372623443604,0.14775517582893372,-0.07824206352233887,0.209681898355484,-0.11985123157501221,0.23055538535118103,-0.18306469917297363,0.11931991577148438,-0.2476707100868225,0.18737807869911194,-0.2929781675338745,0.19252899289131165,-0.21804898977279663,0.1735089123249054,-0.15397721529006958,0.07514646649360657,-0.2946869134902954,0.12038236856460571,-0.42202985286712646,0.14664337038993835,-0.5090116858482361,0.158230721950531,-0.5938574373722076,0.020595699548721313,-0.30184537172317505,0.020949870347976685,-0.4262160658836365,0.020134538412094116,-0.5074847936630249,0.020681530237197876,-0.5862288475036621,-0.03726276755332947,-0.2739942669868469,-0.06842532753944397,-0.36400657892227173,-0.08642074465751648,-0.4215105175971985,-0.09962537884712219,-0.477016419172287,3
0.0,0.0,0.07899728417396545,-0.02664625644683838,0.14789235591888428,-0.0758901834487915,0.20843753218650818,-0.11621224880218506,0.22758570313453674,-0.1775152087211609,0.11780649423599243,-0.23991376161575317,0.18618682026863098,-0.282220721244812,0.1917918622493744,-0.2096371054649353,0.17313513159751892,-0.14713287353515625,0.07464402914047241,-0.28561967611312866,0.11938545107841492,-0.4082062840461731,0.14557817578315735,-0.4913628101348877,0.157313734292984,-0.5725686848163605,0.021760225296020508,-0.29271072149276733,0.02404901385307312,-0.4127940833568573,0.023505479097366333,-0.48983779549598694,0.023736804723739624,-0.5647501349449158,-0.034283727407455444,-0.265250563621521,-0.06298258900642395,-0.35132476687431335,-0.08032611012458801,-0.40719956159591675,-0.0936042070388794,-0.46039944887161255,3
0.0,0.0,0.0760781466960907,-0.024843871593475342,0.14222681522369385,-0.07617402076721191,0.19846096634864807,-0.1180262565612793,0.21693256497383118,-0.17848116159439087,0.11104181408882141,-0.23693841695785522,0.1742628812789917,-0.2808200716972351,0.18228384852409363,-0.2138708233833313,0.16569948196411133,-0.15450763702392578,0.0677659809589386,-0.28259122371673584,0.1120195984840393,-0.402812659740448,0.13798806071281433,-0.48288780450820923,0.15030264854431152,-0.5592031180858612,0.014978080987930298,-0.29028424620628357,0.020094573497772217,-0.4052409529685974,0.021041840314865112,-0.4782226085662842,0.021611273288726807,-0.5462874174118042,-0.042104095220565796,-0.2643195390701294,-0.06823673844337463,-0.347191721200943,-0.08422301709651947,-0.400778591632843,-0.09603621065616608,-0.45084717869758606,3
0.0,0.0,0.0747053325176239,-0.021833419799804688,0.13978353142738342,-0.06843322515487671,0.19397971034049988,-0.11040061712265015,0.21127989888191223,-0.1708517074584961,0.11151164770126343,-0.2306433916091919,0.1703304946422577,-0.275521844625473,0.17433935403823853,-0.20726382732391357,0.15711960196495056,-0.14612853527069092,0.06799349188804626,-0.2738308608531952,0.10765436291694641,-0.38953787088394165,0.13250598311424255,-0.4682953357696533,0.145584374666214,-0.5448964834213257,0.014592736959457397,-0.2807604670524597,0.018824130296707153,-0.39499688148498535,0.018886953592300415,-0.46847259998321533,0.018776357173919678,-0.5373209714889526,-0.0415748655796051,-0.25394970178604126,-0.06683425605297089,-0.33782631158828735,-0.08265013992786407,-0.3909815549850464,-0.09605544805526733,-0.44036611914634705,3
0.0,0.0,0.07469207048416138,-0.02282249927520752,0.1394370198249817,-0.06876897811889648,0.19166016578674316,-0.10978412628173828,0.20504450798034668,-0.16896772384643555,0.10770973563194275,-0.22743189334869385,0.1651047170162201,-0.27127906680107117,0.168768972158432,-0.20318001508712769,0.1510883867740631,-0.1440919041633606,0.06590160727500916,-0.2684091329574585,0.10500103235244751,-0.38191837072372437,0.12870413064956665,-0.4579614996910095,0.14059868454933167,-0.5325412154197693,0.013962328433990479,-0.27410513162612915,0.018891483545303345,-0.38389983773231506,0.019502639770507812,-0.45487046241760254,0.01961672306060791,-0.5214610397815704,-0.04076555371284485,-0.24752449989318848,-0.06491672992706299,-0.32782143354415894,-0.08003927767276764,-0.3791426420211792,-0.09268851578235626,-0.42674851417541504,3
0.0,0.0,0.07370302081108093,-0.02349931001663208,0.14199650287628174,-0.07085633277893066,0.19855135679244995,-0.11313050985336304,0.20798969268798828,-0.17379450798034668,0.11406281590461731,-0.23265594244003296,0.17535707354545593,-0.2807033061981201,0.17921406030654907,-0.21633177995681763,0.16155290603637695,-0.15602344274520874,0.07120409607887268,-0.2744755148887634,0.11097100377082825,-0.3894893527030945,0.13344785571098328,-0.46561968326568604,0.14550179243087769,-0.5384126603603363,0.019801795482635498,-0.280272513628006,0.025570720434188843,-0.3889968693256378,0.025310873985290527,-0.4594813585281372,0.02611374855041504,-0.5249519646167755,-0.03413957357406616,-0.252877414226532,-0.058727964758872986,-0.3295336365699768,-0.0752648413181305,-0.38139608502388,-0.08790026605129242,-0.4296409785747528,3
0.0,0.0,0.07756403088569641,-0.023306548595428467,0.14751720428466797,-0.0731014609336853,0.202969491481781,-0.11752879619598389,0.20996302366256714,-0.17867213487625122,0.1153397262096405,-0.2421838641166687,0.17622318863868713,-0.2899254262447357,0.18027225136756897,-0.2204565405845642,0.16259992122650146,-0.15852171182632446,0.07045873999595642,-0.28468942642211914,0.11097609996795654,-0.4032626152038574,0.1337668001651764,-0.4813120365142822,0.14542418718338013,-0.5570028722286224,0.016775310039520264,-0.2892739772796631,0.021525055170059204,-0.4012232720851898,0.021064400672912598,-0.474761426448822,0.021153420209884644,-0.5424777567386627,-0.03900712728500366,-0.2600458860397339,-0.06488056480884552,-0.33975738286972046,-0.08150199055671692,-0.39374521374702454,-0.09413976967334747,-0.44361549615859985,3
0.0,0.0,0.0783841609954834,-0.025889456272125244,0.1461283564567566,-0.0735735297203064,0.20318832993507385,-0.11615824699401855,0.21895962953567505,-0.17941343784332275,0.11878326535224915,-0.24853593111038208,0.18252593278884888,-0.2988959550857544,0.18475046753883362,-0.2310957908630371,0.16502776741981506,-0.16967356204986572,0.07398709654808044,-0.2938365936279297,0.11766588687896729,-0.41778528690338135,0.1431542932987213,-0.502661794424057,0.15666306018829346,-0.5845988988876343,0.01900199055671692,-0.29903411865234375,0.022766411304473877,-0.4205900728702545,0.02151992917060852,-0.5006810426712036,0.021376699209213257,-0.5751474797725677,-0.03879725933074951,-0.2683809995651245,-0.06422543525695801,-0.35640954971313477,-0.08010397851467133,-0.41467714309692383,-0.09251818060874939,-0.46942803263664246,3
0.0,0.0,0.07881972193717957,-0.02688741683959961,0.14964216947555542,-0.07934916019439697,0.20889702439308167,-0.12554717063903809,0.222823828458786,-0.18921905755996704,0.1237494945526123,-0.2571399211883545,0.18665674328804016,-0.3118355870246887,0.19066894054412842,-0.2437935471534729,0.17177629470825195,-0.17960649728775024,0.0771414041519165,-0.3042219579219818,0.12098708748817444,-0.4333096146583557,0.14711198210716248,-0.5220403373241425,0.16142544150352478,-0.6068006157875061,0.020651817321777344,-0.3107132613658905,0.027135223150253296,-0.43378064036369324,0.027640819549560547,-0.5165471136569977,0.028586268424987793,-0.5925303101539612,-0.03913179039955139,-0.28097742795944214,-0.06375418603420258,-0.36964306235313416,-0.07951673865318298,-0.4302036762237549,-0.09128540754318237,-0.4866618514060974,3
0.0,0.0,0.08156034350395203,-0.02638542652130127,0.155784010887146,-0.07599347829818726,0.2161504328250885,-0.1206439733505249,0.22428563237190247,-0.1853453516960144,0.12385302782058716,-0.2575613260269165,0.18929091095924377,-0.3079524040222168,0.1928631067276001,-0.2353418469429016,0.17298835515975952,-0.16967874765396118,0.07619532942771912,-0.30400708317756653,0.12157022953033447,-0.4349905550479889,0.14737874269485474,-0.5232271254062653,0.1610337197780609,-0.6076967418193817,0.018772661685943604,-0.31011903285980225,0.025714635848999023,-0.4347144365310669,0.02653905749320984,-0.5171728432178497,0.02792412042617798,-0.5924095511436462,-0.04187236726284027,-0.2798694372177124,-0.06620118021965027,-0.37004348635673523,-0.08139480650424957,-0.4307716488838196,-0.0927019864320755,-0.48686373233795166,3
0.0,0.0,0.0837852954864502,-0.026000797748565674,0.15808814764022827,-0.07857620716094971,0.21839088201522827,-0.12723314762115479,0.22759276628494263,-0.19391775131225586,0.12715831398963928,-0.2663397192955017,0.1927449107170105,-0.3206043839454651,0.19484394788742065,-0.2449778914451599,0.17398139834403992,-0.1773085594177246,0.07825708389282227,-0.31535807251930237,0.12378934025764465,-0.44944822788238525,0.15017062425613403,-0.5408875942230225,0.16481253504753113,-0.6284701228141785,0.01924341917037964,-0.32156333327293396,0.025050818920135498,-0.44937413930892944,0.0254763662815094,-0.5345796346664429,0.02723217010498047,-0.6121802031993866,-0.042680591344833374,-0.28981804847717285,-0.06802673637866974,-0.38304126262664795,-0.08334329724311829,-0.4461311399936676,-0.09483744204044342,-0.5040532946586609,3
0.0,0.0,0.08513534069061279,-0.028341174125671387,0.16032782196998596,-0.08267068862915039,0.2215062975883484,-0.1318109631538391,0.2304561734199524,-0.19870054721832275,0.13068467378616333,-0.27371424436569214,0.19442623853683472,-0.32806986570358276,0.19660285115242004,-0.2533468008041382,0.17678117752075195,-0.18513774871826172,0.07938739657402039,-0.3236440420150757,0.12351125478744507,-0.4604412913322449,0.15028470754623413,-0.5545113384723663,0.1664392352104187,-0.6442485153675079,0.018472880125045776,-0.3298092484474182,0.023948192596435547,-0.45880991220474243,0.024283796548843384,-0.5449343919754028,0.02660965919494629,-0.6236115992069244,-0.045422881841659546,-0.2971600592136383,-0.07113797962665558,-0.39078909158706665,-0.08667242527008057,-0.4543844759464264,-0.09780588746070862,-0.5127142667770386,3
0.0,0.0,0.08518478274345398,-0.030100345611572266,0.16023904085159302,-0.08605349063873291,0.22274723649024963,-0.1358165144920349,0.23350253701210022,-0.2041102647781372,0.1271713674068451,-0.28266441822052,0.19565287232398987,-0.3371855914592743,0.2016392946243286,-0.26187974214553833,0.18341079354286194,-0.1921566128730774,0.07676583528518677,-0.33257728815078735,0.12368133664131165,-0.4714578688144684,0.1513311266899109,-0.5682185888290405,0.16682159900665283,-0.6604818403720856,0.016483306884765625,-0.33754202723503113,0.01925337314605713,-0.4720487892627716,0.01777288317680359,-0.5612045526504517,0.018422096967697144,-0.641904354095459,-0.04676926136016846,-0.3025189936161041,-0.07521133124828339,-0.39967429637908936,-0.09229272603988647,-0.464605450630188,-0.10484208166599274,-0.5247736275196075,3
0.0,0.0,0.08677279949188232,-0.03160363435745239,0.16254982352256775,-0.08789879083633423,0.22526609897613525,-0.1369190812110901,0.2355567216873169,-0.2039024829864502,0.12919896841049194,-0.2855559289455414,0.1978701949119568,-0.33945295214653015,0.2022475302219391,-0.2596089243888855,0.1825087070465088,-0.18822705745697021,0.07713845372200012,-0.334829181432724,0.12339374423027039,-0.47616273164749146,0.1507055163383484,-0.574061781167984,0.1658942699432373,-0.6673954427242279,0.014949202537536621,-0.3384530544281006,0.017487049102783203,-0.4747394025325775,0.016170263290405273,-0.5656725466251373,0.017191648483276367,-0.6483108699321747,-0.0502748042345047,-0.3024415373802185,-0.07852530479431152,-0.40059420466423035,-0.09518177807331085,-0.4668436646461487,-0.10743989050388336,-0.5280334651470184,3
0.0,0.0,0.08943670988082886,-0.03262895345687866,0.1673894226551056,-0.09036260843276978,0.22998929023742676,-0.14119184017181396,0.23729225993156433,-0.21009314060211182,0.13050487637519836,-0.29123446345329285,0.20121115446090698,-0.34498274326324463,0.2041955292224884,-0.2612941265106201,0.1819629967212677,-0.1874358057975769,0.077883780002594,-0.3393143117427826,0.12465816736221313,-0.48481714725494385,0.1516202688217163,-0.5859006941318512,0.16546523571014404,-0.6825305223464966,0.0147152841091156,-0.3425096869468689,0.01915237307548523,-0.4813941717147827,0.018355101346969604,-0.5731940269470215,0.018670737743377686,-0.6573059260845184,-0.051017388701438904,-0.30648094415664673,-0.07864657044410706,-0.40795448422431946,-0.09528195858001709,-0.47493976354599,-0.10811135172843933,-0.5374886095523834,3
0.0,0.0,0.08943763375282288,-0.03174382448196411,0.16850054264068604,-0.09195452928543091,0.23140627145767212,-0.1444253921508789,0.23767012357711792,-0.21197104454040527,0.13155457377433777,-0.2923685610294342,0.2001313865184784,-0.3490274250507355,0.2055746614933014,-0.26953864097595215,0.18698778748512268,-0.19811713695526123,0.07872891426086426,-0.3422429859638214,0.12542518973350525,-0.48716410994529724,0.1531735062599182,-0.5886845886707306,0.1686677634716034,-0.6864121556282043,0.015566825866699219,-0.3459374010562897,0.01825195550918579,-0.48657310009002686,0.016986697912216187,-0.5795260965824127,0.01732766628265381,-0.6645870208740234,-0.04968826472759247,-0.30855071544647217,-0.07861016690731049,-0.40966424345970154,-0.09618262946605682,-0.4763120114803314,-0.10931898653507233,-0.539318710565567,3
0.0,0.0,0.08924135565757751,-0.03371596336364746,0.16761058568954468,-0.09098434448242188,0.2307376265525818,-0.14064264297485352,0.23604196310043335,-0.2069782018661499,0.12879934906959534,-0.2911090850830078,0.19924509525299072,-0.34534797072410583,0.20482349395751953,-0.264101505279541,0.18527483940124512,-0.19218754768371582,0.0765848159790039,-0.33958935737609863,0.12407556176185608,-0.4836094081401825,0.1521676480770111,-0.586290031671524,0.1673683524131775,-0.6852875649929047,0.01369023323059082,-0.3423692584037781,0.016676217317581177,-0.48301181197166443,0.015374720096588135,-0.5764836966991425,0.015635401010513306,-0.662053257226944,-0.05163605511188507,-0.3050323724746704,-0.08012212812900543,-0.40721604228019714,-0.09715154767036438,-0.4748707413673401,-0.10992603003978729,-0.5384579300880432,3
0.0,0.0,0.08905506134033203,-0.03314179182052612,0.16823768615722656,-0.09231865406036377,0.23262053728103638,-0.14227133989334106,0.23959004878997803,-0.21029043197631836,0.1289970874786377,-0.2912300229072571,0.19863182306289673,-0.3479715883731842,0.2036697268486023,-0.2677297592163086,0.18345990777015686,-0.1953437328338623,0.07623428106307983,-0.3397156894207001,0.12395551800727844,-0.48652732372283936,0.15161558985710144,-0.5905531346797943,0.1664542257785797,-0.689698189496994,0.013232707977294922,-0.34311214089393616,0.01691824197769165,-0.4832148253917694,0.015676021575927734,-0.5775220096111298,0.015941888093948364,-0.6634630262851715,-0.05246277153491974,-0.3066655397415161,-0.08199617266654968,-0.40849992632865906,-0.09958252310752869,-0.4763895273208618,-0.11262935400009155,-0.5401698350906372,3
0.0,0.0,0.07856741547584534,-0.046834588050842285,0.14696037769317627,-0.12271064519882202,0.11379045248031616,-0.1851169466972351,0.05119121074676514,-0.21643084287643433,0.11924225091934204,-0.34238022565841675,0.1669677495956421,-0.46948814392089844,0.19027388095855713,-0.5522745251655579,0.20494025945663452,-0.6219984889030457,0.04456743597984314,-0.3736555576324463,0.05763348937034607,-0.5336462259292603,0.060364753007888794,-0.6356771886348724,0.057289302349090576,-0.7179220020771027,-0.020752310752868652,-0.3593968152999878,-0.03124910593032837,-0.5014676749706268,-0.03930866718292236,-0.5919658839702606,-0.04576998949050903,-0.6726582050323486,-0.08299070596694946,-0.30516642332077026,-0.11720500886440277,-0.40149301290512085,-0.14157086610794067,-0.4674421548843384,-0.15926115214824677,-0.5333393812179565,4
0.0,0.0,0.07788616418838501,-0.04451233148574829,0.1469920575618744,-0.12243199348449707,0.1113017201423645,-0.18105894327163696,0.045116156339645386,-0.20335549116134644,0.12205693125724792,-0.3311135172843933,0.1698891520500183,-0.4564898610115051,0.19381362199783325,-0.5383356809616089,0.20852887630462646,-0.6082097589969635,0.04836586117744446,-0.36290425062179565,0.06087347865104675,-0.5198914408683777,0.06441155076026917,-0.620997816324234,0.0619739294052124,-0.7038291990756989,-0.01639142632484436,-0.34791481494903564,-0.026122570037841797,-0.48625826835632324,-0.0338977575302124,-0.5755387246608734,-0.040336281061172485,-0.6563977599143982,-0.07880926132202148,-0.29355937242507935,-0.11208556592464447,-0.38875114917755127,-0.13684436678886414,-0.4520224928855896,-0.15577051043510437,-0.5165829956531525,4
0.0,0.0,0.07879653573036194,-0.04474139213562012,0.14741379022598267,-0.12446814775466919,0.10652351379394531,-0.18530511856079102,0.03633397817611694,-0.20484471321105957,0.11976554989814758,-0.3368873596191406,0.1678745150566101,-0.46305882930755615,0.19255691766738892,-0.5470392405986786,0.2082960605621338,-0.6168707311153412,0.04557499289512634,-0.3691648840904236,0.058386921882629395,-0.529519110918045,0.06135222315788269,-0.631769061088562,0.058003783226013184,-0.714850127696991,-0.01933416724205017,-0.35447174310684204,-0.028288215398788452,-0.4955030679702759,-0.036393582820892334,-0.5866671800613403,-0.04376181960105896,-0.6687360405921936,-0.08207538723945618,-0.30028849840164185,-0.11700931191444397,-0.39689475297927856,-0.1423090100288391,-0.46106165647506714,-0.16185328364372253,-0.5259368121623993,4
0.0,0.0,0.08066001534461975,-0.041493892669677734,0.15076589584350586,-0.1149740219116211,0.11423373222351074,-0.17506098747253418,0.04758569598197937,-0.1997188925743103,0.12294185161590576,-0.32349735498428345,0.17159044742584229,-0.4482197165489197,0.1955358386039734,-0.5304739475250244,0.2105545997619629,-0.6001432836055756,0.050207436084747314,-0.3555840253829956,0.0634789764881134,-0.5123485326766968,0.0668780505657196,-0.6142790913581848,0.0646323561668396,-0.6968768835067749,-0.014179378747940063,-0.3418165445327759,-0.02292025089263916,-0.48251909017562866,-0.031629711389541626,-0.5715822875499725,-0.03892159461975098,-0.6499894857406616,-0.07645699381828308,-0.28877854347229004,-0.10940854251384735,-0.3851807117462158,-0.13337093591690063,-0.44922295212745667,-0.15156830847263336,-0.5131404399871826,4
0.0,0.0,0.07803937792778015,-0.04016953706741333,0.14665371179580688,-0.10899215936660767,0.11418741941452026,-0.169022798538208,0.052245110273361206,-0.20052677392959595,0.11997464299201965,-0.3254427909851074,0.1685936450958252,-0.4510048031806946,0.1936025619506836,-0.5334556996822357,0.2098751664161682,-0.6025442779064178,0.046023011207580566,-0.35691094398498535,0.05942457914352417,-0.5147143602371216,0.06252342462539673,-0.6168616414070129,0.059893250465393066,-0.6994548738002777,-0.0190809965133667,-0.34220004081726074,-0.029034912586212158,-0.48380929231643677,-0.038577377796173096,-0.5743556618690491,-0.04658573865890503,-0.6553099751472473,-0.08149704337120056,-0.2881608009338379,-0.11509118974208832,-0.38377344608306885,-0.1401926726102829,-0.4473806321620941,-0.15919531881809235,-0.5117732584476471,4
0.0,0.0,0.07655182480812073,-0.04177814722061157,0.1442638635635376,-0.11445671319961548,0.11060604453086853,-0.17490845918655396,0.046494901180267334,-0.20015043020248413,0.11922642588615417,-0.3222050070762634,0.16815561056137085,-0.4429577887058258,0.19315069913864136,-0.5239390730857849,0.2093421220779419,-0.5911729633808136,0.04692208766937256,-0.3542554974555969,0.06032177805900574,-0.5071968138217926,0.06289893388748169,-0.6089745163917542,0.059456855058670044,-0.6927446722984314,-0.016753703355789185,-0.33904093503952026,-0.027837634086608887,-0.476956307888031,-0.03953772783279419,-0.5651962459087372,-0.04895365238189697,-0.6457613706588745,-0.07823231816291809,-0.2843262553215027,-0.11440306901931763,-0.3754783272743225,-0.14197996258735657,-0.4369991421699524,-0.16291509568691254,-0.5002038180828094,4
0.0,0.0,0.07638037204742432,-0.04794621467590332,0.14411208033561707,-0.1259692907333374,0.11320680379867554,-0.18831002712249756,0.050793737173080444,-0.21250814199447632,0.11888813972473145,-0.33083003759384155,0.16910451650619507,-0.4573909342288971,0.19417834281921387,-0.5394164621829987,0.21034425497055054,-0.609044760465622,0.04520484805107117,-0.3632972836494446,0.060162901878356934,-0.5201826095581055,0.06329536437988281,-0.6229183971881866,0.060089945793151855,-0.7061519920825958,-0.019192010164260864,-0.3480156660079956,-0.033797621726989746,-0.4886503219604492,-0.04750746488571167,-0.5775628089904785,-0.05887812376022339,-0.6575073599815369,-0.0804966390132904,-0.29225730895996094,-0.11762557923793793,-0.38306206464767456,-0.14677323400974274,-0.444102942943573,-0.16951391100883484,-0.5062462687492371,4
0.0,0.0,0.07826676964759827,-0.04379153251647949,0.14674779772758484,-0.11942952871322632,0.11297982931137085,-0.18237966299057007,0.05039837956428528,-0.20842039585113525,0.12235766649246216,-0.3216072916984558,0.17216092348098755,-0.4490477442741394,0.19804054498672485,-0.5316550135612488,0.21500587463378906,-0.6029040217399597,0.0478377640247345,-0.3545572757720947,0.061593472957611084,-0.511406421661377,0.06344729661941528,-0.6144925653934479,0.0592367947101593,-0.6989298164844513,-0.01617017388343811,-0.3394979238510132,-0.033060938119888306,-0.47945743799209595,-0.0477868914604187,-0.5701052248477936,-0.05977553129196167,-0.652621328830719,-0.07736667990684509,-0.2837425470352173,-0.11422152817249298,-0.37667134404182434,-0.14353138208389282,-0.4377545714378357,-0.166463702917099,-0.4992843568325043,4
0.0,0.0,0.07414066791534424,-0.05187416076660156,0.1379948854446411,-0.13181662559509277,0.10943526029586792,-0.1974649429321289,0.04858320951461792,-0.2216256856918335,0.11301684379577637,-0.33107489347457886,0.16165196895599365,-0.458182692527771,0.18638163805007935,-0.5393126010894775,0.20264291763305664,-0.608683854341507,0.039437681436538696,-0.3609158396720886,0.052176713943481445,-0.517220139503479,0.052432119846343994,-0.6212076246738434,0.04768010973930359,-0.7073682248592377,-0.023624390363693237,-0.34273189306259155,-0.042138099670410156,-0.4836459755897522,-0.06110739707946777,-0.5720037221908569,-0.07511201500892639,-0.6538481414318085,-0.08319449424743652,-0.2837989330291748,-0.12494923174381256,-0.37363696098327637,-0.15830731391906738,-0.43276822566986084,-0.18295802175998688,-0.49396800994873047,4
0.0,0.0,0.07139238715171814,-0.04436361789703369,0.13673442602157593,-0.1174849271774292,0.1120041012763977,-0.17663854360580444,0.055143654346466064,-0.20833313465118408,0.11298865079879761,-0.3177330493927002,0.16043731570243835,-0.44089367985725403,0.1845366656780243,-0.5210459530353546,0.20037612318992615,-0.5898994207382202,0.04005289077758789,-0.34668320417404175,0.051126569509506226,-0.4999794661998749,0.05117759108543396,-0.6011868417263031,0.046182453632354736,-0.6846064031124115,-0.0224153995513916,-0.32855868339538574,-0.04150104522705078,-0.46477413177490234,-0.059473127126693726,-0.5505014061927795,-0.07271325588226318,-0.6309696137905121,-0.08106407523155212,-0.27107590436935425,-0.12137553095817566,-0.3567788600921631,-0.15397995710372925,-0.41451913118362427,-0.17886725068092346,-0.47641050815582275,4
0.0,0.0,0.06963086128234863,-0.044223248958587646,0.13275393843650818,-0.11857485771179199,0.11058366298675537,-0.17966413497924805,0.05555117130279541,-0.21281027793884277,0.10893833637237549,-0.31319427490234375,0.15513944625854492,-0.43306607007980347,0.17856824398040771,-0.5105157494544983,0.19454479217529297,-0.5766318738460541,0.03780120611190796,-0.34234917163848877,0.04764607548713684,-0.49268391728401184,0.04716533422470093,-0.5910506546497345,0.042412906885147095,-0.6716696321964264,-0.02343994379043579,-0.32504189014434814,-0.042167842388153076,-0.4594712257385254,-0.0597398579120636,-0.5429332554340363,-0.07258570194244385,-0.6200990080833435,-0.08123570680618286,-0.2688550353050232,-0.12233667075634003,-0.3528585433959961,-0.15415054559707642,-0.40863892436027527,-0.1778862178325653,-0.4682791233062744,4
0.0,0.0,0.07178318500518799,-0.041697144508361816,0.13589757680892944,-0.11886560916900635,0.10736897587776184,-0.18044114112854004,0.050957053899765015,-0.2108755111694336,0.1097474992275238,-0.3068484663963318,0.1562337577342987,-0.42113053798675537,0.17950579524040222,-0.4967069923877716,0.19438287615776062,-0.5610764622688293,0.04021903872489929,-0.3352215886116028,0.05015745759010315,-0.47972413897514343,0.05075865983963013,-0.575240284204483,0.04621332883834839,-0.6526981890201569,-0.018932223320007324,-0.3176172971725464,-0.03820565342903137,-0.4459308683872223,-0.055013805627822876,-0.5276749730110168,-0.06778481602668762,-0.6029314994812012,-0.07476586103439331,-0.26278114318847656,-0.11506687104701996,-0.343410849571228,-0.14678514003753662,-0.3987411856651306,-0.17170745134353638,-0.45769914984703064,4
0.0,0.0,0.07218992710113525,-0.03879815340042114,0.13340801000595093,-0.11543059349060059,0.10627567768096924,-0.17571485042572021,0.05314275622367859,-0.2077845335006714,0.10789111256599426,-0.2965494394302368,0.15333041548728943,-0.40751785039901733,0.176029771566391,-0.48075658082962036,0.1903877556324005,-0.5427018404006958,0.03847825527191162,-0.3252900242805481,0.050461769104003906,-0.46586886048316956,0.052004843950271606,-0.5585563778877258,0.048433274030685425,-0.6351306140422821,-0.021420300006866455,-0.3097977638244629,-0.04003360867500305,-0.43586665391921997,-0.055373191833496094,-0.515352725982666,-0.06651976704597473,-0.5888865292072296,-0.0777445137500763,-0.25719910860061646,-0.11739681661128998,-0.33637553453445435,-0.14727532863616943,-0.3898467719554901,-0.17026518285274506,-0.4473671317100525,4
0.0,0.0,0.07066136598587036,-0.04147613048553467,0.13327327370643616,-0.11973774433135986,0.10424023866653442,-0.1794477105140686,0.04774138331413269,-0.2039591670036316,0.10732337832450867,-0.2951622009277344,0.1501288115978241,-0.40429726243019104,0.17137524485588074,-0.4753018021583557,0.18504157662391663,-0.5348610877990723,0.040060967206954956,-0.3229365944862366,0.04946598410606384,-0.46001937985420227,0.05005139112472534,-0.5503650605678558,0.04508981108665466,-0.6239754855632782,-0.017626315355300903,-0.3074309825897217,-0.03655359148979187,-0.43032991886138916,-0.05210110545158386,-0.5078858137130737,-0.0641460120677948,-0.5796521604061127,-0.07246744632720947,-0.2557947635650635,-0.11166079342365265,-0.33359789848327637,-0.14074325561523438,-0.3856143057346344,-0.1633647382259369,-0.4413192868232727,4
0.0,0.0,0.07056662440299988,-0.039900124073028564,0.13148796558380127,-0.11583387851715088,0.1016266942024231,-0.17530959844589233,0.045058876276016235,-0.20221644639968872,0.10659626126289368,-0.2911931276321411,0.14922189712524414,-0.40013498067855835,0.16991114616394043,-0.4720480442047119,0.18323177099227905,-0.5335108935832977,0.039071351289749146,-0.3200758099555969,0.048738181591033936,-0.4588225483894348,0.04913526773452759,-0.5490410327911377,0.04472756385803223,-0.6226045489311218,-0.01863706111907959,-0.30429500341415405,-0.038759589195251465,-0.4269557595252991,-0.05464982986450195,-0.5033512711524963,-0.0662776529788971,-0.5741936266422272,-0.07318753004074097,-0.2517380118370056,-0.1124795526266098,-0.3281822204589844,-0.14160259068012238,-0.3794578015804291,-0.16399896144866943,-0.43510571122169495,4
0.0,0.0,0.0694107711315155,-0.03982412815093994,0.1311521828174591,-0.11690390110015869,0.10295292735099792,-0.17670315504074097,0.04726949334144592,-0.19911706447601318,0.10652318596839905,-0.29000699520111084,0.14964523911476135,-0.3972861170768738,0.17094066739082336,-0.46721500158309937,0.18437495827674866,-0.5261962413787842,0.040676891803741455,-0.31753259897232056,0.051245689392089844,-0.4523237347602844,0.052177488803863525,-0.5415330231189728,0.04757601022720337,-0.614213764667511,-0.016299396753311157,-0.301456093788147,-0.0348396897315979,-0.42231127619743347,-0.05011028051376343,-0.4991534948348999,-0.0615328848361969,-0.5700516700744629,-0.07073262333869934,-0.24960821866989136,-0.10874439775943756,-0.32572901248931885,-0.13806554675102234,-0.37737634778022766,-0.16098934412002563,-0.4330991804599762,4
0.0,0.0,0.07001575827598572,-0.03874737024307251,0.12911340594291687,-0.11273103952407837,0.10089188814163208,-0.17187589406967163,0.04697895050048828,-0.19792425632476807,0.1042395532131195,-0.28314995765686035,0.14699634909629822,-0.38949379324913025,0.16848501563072205,-0.45835041999816895,0.18212279677391052,-0.517035722732544,0.03857898712158203,-0.3105931282043457,0.04916146397590637,-0.44372302293777466,0.05031013488769531,-0.530829519033432,0.046236634254455566,-0.6022429168224335,-0.018053293228149414,-0.29553699493408203,-0.03910359740257263,-0.41185659170150757,-0.05313605070114136,-0.48726779222488403,-0.06305980682373047,-0.556233674287796,-0.07167419791221619,-0.24529558420181274,-0.11228896677494049,-0.32022982835769653,-0.141152024269104,-0.370729923248291,-0.1631505787372589,-0.4241364598274231,4
0.0,0.0,0.0685887336730957,-0.03488516807556152,0.12961572408676147,-0.10471659898757935,0.10722285509109497,-0.16497081518173218,0.05359718203544617,-0.1931893229484558,0.10512387752532959,-0.27951717376708984,0.14719843864440918,-0.3849041759967804,0.16888242959976196,-0.45383405685424805,0.18312543630599976,-0.5124447345733643,0.03978186845779419,-0.307733416557312,0.048963069915771484,-0.44149911403656006,0.049773216247558594,-0.5283657908439636,0.045511484146118164,-0.5990849733352661,-0.016997426748275757,-0.2923479676246643,-0.03694024682044983,-0.4105551838874817,-0.05176323652267456,-0.4860064387321472,-0.06254255771636963,-0.554811030626297,-0.07103469967842102,-0.24109101295471191,-0.11039938032627106,-0.31616610288619995,-0.1396704763174057,-0.3667348623275757,-0.1623324453830719,-0.4209103584289551,4
0.0,0.0,0.07056117057800293,-0.03771013021469116,0.13164237141609192,-0.11258846521377563,0.10180053114891052,-0.17322713136672974,0.04494103789329529,-0.19579589366912842,0.1048780083656311,-0.2864535450935364,0.1485576331615448,-0.3937930166721344,0.170821875333786,-0.46458113193511963,0.18499377369880676,-0.5253027975559235,0.03813469409942627,-0.3146037459373474,0.04909569025039673,-0.44937875866889954,0.05000922083854675,-0.5388116836547852,0.04532375931739807,-0.6126506924629211,-0.019420981407165527,-0.29940783977508545,-0.039017170667648315,-0.41951239109039307,-0.05363550782203674,-0.49575167894363403,-0.06463947892189026,-0.5657043159008026,-0.07442966103553772,-0.24781781435012817,-0.11403371393680573,-0.3244038224220276,-0.14335572719573975,-0.3755875527858734,-0.16649243235588074,-0.43018344044685364,4
0.0,0.0,0.07270801067352295,-0.03685790300369263,0.137069970369339,-0.10899090766906738,0.1145603358745575,-0.1718561053276062,0.05923199653625488,-0.20197266340255737,0.11248967051506042,-0.2969616651535034,0.15885254740715027,-0.4100932478904724,0.182233065366745,-0.4835931658744812,0.19697913527488708,-0.5458287000656128,0.04294675588607788,-0.3252147436141968,0.05390608310699463,-0.46774816513061523,0.05517438054084778,-0.5604349076747894,0.05133849382400513,-0.6370293200016022,-0.01768997311592102,-0.30915743112564087,-0.036775410175323486,-0.4368200898170471,-0.05157056450843811,-0.5181350111961365,-0.06256371736526489,-0.592162162065506,-0.07477185130119324,-0.25623029470443726,-0.11478741466999054,-0.33752724528312683,-0.1462434083223343,-0.3920028805732727,-0.17145444452762604,-0.449648916721344,4
0.0,0.0,0.07622838020324707,-0.03912854194641113,0.14405035972595215,-0.11351281404495239,0.12129479646682739,-0.17820560932159424,0.06460997462272644,-0.2127760648727417,0.12358230352401733,-0.3182200789451599,0.17491453886032104,-0.4341605603694916,0.20120733976364136,-0.5123793482780457,0.21805739402770996,-0.5782658755779266,0.05125805735588074,-0.3500378131866455,0.06736338138580322,-0.4975150227546692,0.07045137882232666,-0.5973202586174011,0.0680646300315857,-0.6816108822822571,-0.013046830892562866,-0.3352714776992798,-0.029166102409362793,-0.4709979295730591,-0.044449836015701294,-0.5562859773635864,-0.05554920434951782,-0.6348548829555511,-0.07494381070137024,-0.2814145088195801,-0.11442938446998596,-0.3688870966434479,-0.14544741809368134,-0.42757168412208557,-0.16921575367450714,-0.48932671546936035,4
0.0,0.0,0.07611370086669922,-0.04477953910827637,0.14594614505767822,-0.12837541103363037,0.11841002106666565,-0.1958550214767456,0.05538642406463623,-0.2248327136039734,0.12475422024726868,-0.3435434103012085,0.17656460404396057,-0.4678049087524414,0.2044370472431183,-0.5495698750019073,0.22342082858085632,-0.6185389161109924,0.04990401864051819,-0.37647879123687744,0.0657651424407959,-0.5337913036346436,0.06942084431648254,-0.6402367651462555,0.06659269332885742,-0.7280855476856232,-0.01656550168991089,-0.3600887060165405,-0.03213626146316528,-0.5041964650154114,-0.048546940088272095,-0.5947699546813965,-0.06109774112701416,-0.6778881549835205,-0.0804767906665802,-0.30249011516571045,-0.11969012022018433,-0.3983222246170044,-0.15110352635383606,-0.4609338641166687,-0.17553269863128662,-0.5264097452163696,4
0.0,0.0,0.07942986488342285,-0.03992825746536255,0.15462201833724976,-0.11873060464859009,0.12918758392333984,-0.18837231397628784,0.06204801797866821,-0.2168515920639038,0.1287960410118103,-0.34445130825042725,0.18383556604385376,-0.4738631248474121,0.21338754892349243,-0.5584511458873749,0.23405098915100098,-0.6305342018604279,0.05218824744224548,-0.3783921003341675,0.06848424673080444,-0.5407955050468445,0.07242172956466675,-0.6510674953460693,0.07014775276184082,-0.742187112569809,-0.015686392784118652,-0.3620239496231079,-0.032465457916259766,-0.5105139315128326,-0.04854846000671387,-0.6059625744819641,-0.06054407358169556,-0.6927618086338043,-0.08095699548721313,-0.3035465478897095,-0.12029407918453217,-0.4026998281478882,-0.15220052003860474,-0.4679689109325409,-0.1770847886800766,-0.535161554813385,4
0.0,0.0,0.07933428883552551,-0.050404369831085205,0.14989125728607178,-0.13426047563552856,0.11589428782463074,-0.20775532722473145,0.047002971172332764,-0.227500319480896,0.12404078245162964,-0.3521296977996826,0.17801254987716675,-0.48485857248306274,0.2076646089553833,-0.5698184967041016,0.22825706005096436,-0.6420000493526459,0.047546982765197754,-0.38699185848236084,0.06261387467384338,-0.5532567501068115,0.0655522346496582,-0.6630232036113739,0.06225287914276123,-0.7527930438518524,-0.01896151900291443,-0.3713264465332031,-0.03669166564941406,-0.5185243487358093,-0.052480995655059814,-0.6157910823822021,-0.06495484709739685,-0.7031828761100769,-0.08346185088157654,-0.31241506338119507,-0.12660522758960724,-0.4121399223804474,-0.15941289067268372,-0.47856828570365906,-0.18447625637054443,-0.544424295425415,4
0.0,0.0,0.08253484964370728,-0.041796743869781494,0.15801620483398438,-0.12364119291305542,0.1270095705986023,-0.1915842890739441,0.05580204725265503,-0.2185450792312622,0.13131269812583923,-0.35482484102249146,0.1880018711090088,-0.4882924556732178,0.2179182767868042,-0.5770983099937439,0.23831993341445923,-0.651212215423584,0.0509067177772522,-0.3887602686882019,0.06698569655418396,-0.5569912791252136,0.07035890221595764,-0.669486939907074,0.06778553128242493,-0.7616440653800964,-0.019765347242355347,-0.3707248568534851,-0.035646796226501465,-0.5237385034561157,-0.05265611410140991,-0.621587723493576,-0.06558817625045776,-0.7101162672042847,-0.08719983696937561,-0.3091309666633606,-0.12894009053707123,-0.40995022654533386,-0.16164065897464752,-0.4775405526161194,-0.18611161410808563,-0.5477301478385925,4
0.0,0.0,0.07784914970397949,-0.0450129508972168,0.15109717845916748,-0.12187027931213379,0.12582388520240784,-0.19103968143463135,0.06161463260650635,-0.21888238191604614,0.12857908010482788,-0.35887277126312256,0.18247342109680176,-0.4939253330230713,0.21216607093811035,-0.58348548412323,0.23337900638580322,-0.6578935384750366,0.05082768201828003,-0.39343196153640747,0.06377914547920227,-0.5641312003135681,0.06523257493972778,-0.6775604784488678,0.06200501322746277,-0.7701474130153656,-0.018286854028701782,-0.3755951523780823,-0.03805428743362427,-0.5281269252300262,-0.05626410245895386,-0.6271683573722839,-0.06876242160797119,-0.7156054973602295,-0.08517372608184814,-0.31375813484191895,-0.13128036260604858,-0.41525590419769287,-0.16630026698112488,-0.4829934239387512,-0.1916554570198059,-0.552003413438797,4
0.0,0.0,0.07881498336791992,-0.041209638118743896,0.15129220485687256,-0.11355650424957275,0.13458561897277832,-0.18221205472946167,0.07820853590965271,-0.21766769886016846,0.13459429144859314,-0.33790552616119385,0.18823784589767456,-0.4651869535446167,0.21608519554138184,-0.5470742583274841,0.23388302326202393,-0.6182068288326263,0.061907798051834106,-0.3738526701927185,0.07918918132781982,-0.5359563231468201,0.08283942937850952,-0.6447627246379852,0.07939264178276062,-0.7343156933784485,-0.004228383302688599,-0.35792791843414307,-0.021408945322036743,-0.5090593695640564,-0.039033591747283936,-0.6038872003555298,-0.05152800679206848,-0.6895801424980164,-0.06866121292114258,-0.3001958131790161,-0.1129591315984726,-0.39911144971847534,-0.1472395956516266,-0.466254323720932,-0.17214761674404144,-0.5351188778877258,4
0.0,0.0,0.07411858439445496,-0.03635674715042114,0.14618653059005737,-0.10489767789840698,0.12889623641967773,-0.17033177614212036,0.07627269625663757,-0.20753395557403564,0.12771809101104736,-0.30726158618927,0.176313579082489,-0.42356497049331665,0.20109903812408447,-0.49868613481521606,0.21783322095870972,-0.5648525357246399,0.06127649545669556,-0.3404613733291626,0.07666212320327759,-0.4882987141609192,0.0796719491481781,-0.5864101648330688,0.07617971301078796,-0.666542112827301,0.0006296038627624512,-0.3269962668418884,-0.015728354454040527,-0.46289965510368347,-0.030982226133346558,-0.5472784340381622,-0.04191321134567261,-0.6234100461006165,-0.05894362926483154,-0.27577459812164307,-0.096769779920578,-0.363189160823822,-0.1252642571926117,-0.42176657915115356,-0.14639750123023987,-0.48276254534721375,4
0.0,0.0,0.07121959328651428,-0.03368192911148071,0.1370168924331665,-0.10288625955581665,0.11871308088302612,-0.167330801486969,0.0665942132472992,-0.20202529430389404,0.11972510814666748,-0.28556644916534424,0.1670505702495575,-0.3958533704280853,0.1910516321659088,-0.4680703282356262,0.20701560378074646,-0.5313712060451508,0.05446654558181763,-0.3183087110519409,0.06906157732009888,-0.4569627046585083,0.0733901858329773,-0.5488414764404297,0.07198050618171692,-0.6252811849117279,-0.0042878687381744385,-0.30779099464416504,-0.020856767892837524,-0.432251513004303,-0.032184213399887085,-0.511917769908905,-0.04021638631820679,-0.5843044817447662,-0.06189298629760742,-0.26134300231933594,-0.09728419780731201,-0.34581995010375977,-0.12257291376590729,-0.40321823954582214,-0.14125168323516846,-0.46242207288742065,4
0.0,0.0,0.07331371307373047,-0.035317063331604004,0.1407356858253479,-0.10771781206130981,0.12109881639480591,-0.17252647876739502,0.06504681706428528,-0.19886749982833862,0.12167060375213623,-0.28356045484542847,0.16825449466705322,-0.3917868137359619,0.19228357076644897,-0.46257227659225464,0.20843231678009033,-0.5237424373626709,0.05716216564178467,-0.3152856230735779,0.07186779379844666,-0.4507628083229065,0.07700484991073608,-0.5413623750209808,0.07578921318054199,-0.6157761216163635,-0.0005648434162139893,-0.30488836765289307,-0.01566094160079956,-0.42618799209594727,-0.02477949857711792,-0.5043631792068481,-0.03135710954666138,-0.5745252668857574,-0.056734949350357056,-0.25905728340148926,-0.09147113561630249,-0.34207963943481445,-0.11592729389667511,-0.3983883857727051,-0.13427166640758514,-0.456422358751297,4
0.0,0.0,0.07345336675643921,-0.030843377113342285,0.13858133554458618,-0.10005617141723633,0.1134524941444397,-0.1674070954322815,0.06084790825843811,-0.19186002016067505,0.12260869145393372,-0.2849639058113098,0.16708406805992126,-0.3952205181121826,0.19079694151878357,-0.46566295623779297,0.20718792080879211,-0.5265316963195801,0.0564596951007843,-0.3181590437889099,0.07011747360229492,-0.4541308879852295,0.07319730520248413,-0.5428216457366943,0.0711725652217865,-0.6150154173374176,-0.003363370895385742,-0.30624842643737793,-0.01618996262550354,-0.4312601685523987,-0.028332173824310303,-0.5094110071659088,-0.037322431802749634,-0.5779072344303131,-0.062065690755844116,-0.2574889659881592,-0.09627231955528259,-0.3402467370033264,-0.12137337028980255,-0.3954882025718689,-0.14068250358104706,-0.45159220695495605,4
0.0,0.0,0.0742032527923584,-0.041284024715423584,0.14324858784675598,-0.11599284410476685,0.09836253523826599,-0.17555689811706543,0.029316306114196777,-0.18238937854766846,0.11787587404251099,-0.2984665632247925,0.16396638751029968,-0.4138738811016083,0.19162794947624207,-0.4861936569213867,0.21215012669563293,-0.5447246134281158,0.045973896980285645,-0.3279936909675598,0.05764034390449524,-0.46799176931381226,0.06420785188674927,-0.5588663518428802,0.06711256504058838,-0.6324072182178497,-0.015855371952056885,-0.3154252767562866,-0.028858453035354614,-0.4413967728614807,-0.03588533401489258,-0.5245179533958435,-0.04072718322277069,-0.5971994400024414,-0.07463273406028748,-0.26636677980422974,-0.10759022831916809,-0.3508912920951843,-0.13146230578422546,-0.40760520100593567,-0.15062594413757324,-0.46356678009033203,4
0.0,0.0,0.07640829682350159,-0.04247021675109863,0.14709022641181946,-0.12046325206756592,0.10132220387458801,-0.18717283010482788,0.03013741970062256,-0.19036579132080078,0.11504116654396057,-0.30438232421875,0.1617986261844635,-0.4186345636844635,0.1891627013683319,-0.49132388830184937,0.21006432175636292,-0.5524057447910309,0.044432610273361206,-0.3370128870010376,0.05834147334098816,-0.4764174520969391,0.06394302845001221,-0.5691532790660858,0.06467890739440918,-0.6436949968338013,-0.0166395902633667,-0.32504189014434814,-0.030168995261192322,-0.45110225677490234,-0.03979289531707764,-0.5356853604316711,-0.047184526920318604,-0.6070680916309357,-0.07687246799468994,-0.2750855088233948,-0.11061052978038788,-0.3594222068786621,-0.13458603620529175,-0.4174988567829132,-0.1537586897611618,-0.47268998622894287,4
0.0,0.0,0.07533594965934753,-0.0425724983215332,0.1465667486190796,-0.1180872917175293,0.10522174835205078,-0.18566465377807617,0.03789666295051575,-0.19369781017303467,0.11559748649597168,-0.30559784173965454,0.15891528129577637,-0.42141133546829224,0.18471598625183105,-0.4935492277145386,0.20465269684791565,-0.5519978404045105,0.04527062177658081,-0.33639049530029297,0.05462360382080078,-0.47789040207862854,0.05936729907989502,-0.5686444342136383,0.05950239300727844,-0.6405606269836426,-0.015598833560943604,-0.32295864820480347,-0.030234187841415405,-0.4477522373199463,-0.03919896483421326,-0.5311170816421509,-0.04567405581474304,-0.6017575263977051,-0.07583069801330566,-0.27249616384506226,-0.11124709248542786,-0.35862088203430176,-0.13563863933086395,-0.416024386882782,-0.15479277074337006,-0.47017455101013184,4
0.0,0.0,0.07512339949607849,-0.03823643922805786,0.14132708311080933,-0.11098724603652954,0.10679948329925537,-0.1765863299369812,0.048340022563934326,-0.1879168152809143,0.11496981978416443,-0.2922786474227905,0.15335407853126526,-0.405483603477478,0.175616055727005,-0.47455137968063354,0.19208434224128723,-0.532751590013504,0.04512143135070801,-0.32228904962539673,0.05337598919868469,-0.4619344472885132,0.05627933144569397,-0.5512403249740601,0.05510392785072327,-0.6236140131950378,-0.015638381242752075,-0.30827802419662476,-0.03360894322395325,-0.43455326557159424,-0.04597267508506775,-0.511978805065155,-0.05494275689125061,-0.5774408876895905,-0.07306015491485596,-0.25746285915374756,-0.10958370566368103,-0.34190088510513306,-0.13624130189418793,-0.3960905075073242,-0.15784361958503723,-0.44960537552833557,4
0.0,0.0,0.07334393262863159,-0.03966587781906128,0.13824880123138428,-0.10959571599960327,0.11810898780822754,-0.17288154363632202,0.06658557057380676,-0.20225703716278076,0.11313849687576294,-0.2857046127319336,0.15577733516693115,-0.397915244102478,0.1757482886314392,-0.46850913763046265,0.18883800506591797,-0.5307705402374268,0.04827672243118286,-0.31662940979003906,0.05775564908981323,-0.4583323299884796,0.05612608790397644,-0.5460950434207916,0.04888427257537842,-0.6193733811378479,-0.010219365358352661,-0.3057449460029602,-0.028397560119628906,-0.42889463901519775,-0.04283210635185242,-0.5057941675186157,-0.05436426401138306,-0.5760355591773987,-0.0671100914478302,-0.25955700874328613,-0.1037251353263855,-0.3429833650588989,-0.1280093938112259,-0.39850741624832153,-0.14569085836410522,-0.45516717433929443,4
0.0,0.0,0.07581865787506104,-0.03048950433731079,0.14008057117462158,-0.09846353530883789,0.12869399785995483,-0.16078460216522217,0.07974618673324585,-0.18416601419448853,0.1168128252029419,-0.2819606065750122,0.15972095727920532,-0.38889721035957336,0.1811313033103943,-0.4588344097137451,0.19414323568344116,-0.5201164782047272,0.05328446626663208,-0.31276148557662964,0.06256213784217834,-0.44783347845077515,0.06388148665428162,-0.5357554256916046,0.05998951196670532,-0.6068331003189087,-0.00511401891708374,-0.29997795820236206,-0.021867036819458008,-0.42441439628601074,-0.033589452505111694,-0.5036566853523254,-0.042613685131073,-0.5714071393013,-0.061553239822387695,-0.2518032193183899,-0.0968652069568634,-0.33490151166915894,-0.12216275930404663,-0.39031660556793213,-0.14208412170410156,-0.44344985485076904,4
0.0,0.0,0.07096853852272034,-0.028157830238342285,0.13777205348014832,-0.09229284524917603,0.13730624318122864,-0.16010212898254395,0.08654472231864929,-0.17988240718841553,0.11168602108955383,-0.2751340866088867,0.15228316187858582,-0.37968647480010986,0.17268255352973938,-0.44784092903137207,0.18454763293266296,-0.5091087222099304,0.05183422565460205,-0.30548185110092163,0.060933053493499756,-0.44054460525512695,0.05969655513763428,-0.5284366607666016,0.051391273736953735,-0.6010620296001434,-0.003514915704727173,-0.2932196259498596,-0.017860472202301025,-0.41542062163352966,-0.033204346895217896,-0.49592944979667664,-0.048056066036224365,-0.5663875341415405,-0.058420807123184204,-0.24699950218200684,-0.09677860140800476,-0.32763078808784485,-0.1247393786907196,-0.38240012526512146,-0.1477878987789154,-0.4360129237174988,4
0.0,0.0,0.07012876868247986,-0.0244409441947937,0.1365831196308136,-0.08461397886276245,0.14441165328025818,-0.15133553743362427,0.0964914858341217,-0.17461585998535156,0.11403492093086243,-0.2690810561180115,0.1532336175441742,-0.3729235827922821,0.17182525992393494,-0.4393315315246582,0.1821003258228302,-0.4993658661842346,0.05541631579399109,-0.30115705728530884,0.0641840398311615,-0.4345408082008362,0.06237044930458069,-0.5195091664791107,0.0533880889415741,-0.589069664478302,0.0009142458438873291,-0.2898525595664978,-0.013216793537139893,-0.4139785170555115,-0.029119223356246948,-0.4921436905860901,-0.04430302977561951,-0.5605713427066803,-0.0530511736869812,-0.24385905265808105,-0.09212344884872437,-0.3256158232688904,-0.12178599834442139,-0.3777576982975006,-0.14625537395477295,-0.4284108281135559,4
0.0,0.0,0.07258236408233643,-0.02468740940093994,0.13784825801849365,-0.08148658275604248,0.14663690328598022,-0.14513564109802246,0.10202288627624512,-0.17246919870376587,0.11317318677902222,-0.2614002823829651,0.15309429168701172,-0.3667455017566681,0.17273271083831787,-0.43434399366378784,0.18328571319580078,-0.49454426765441895,0.055134713649749756,-0.2915049195289612,0.06450468301773071,-0.42727312445640564,0.06440526247024536,-0.5131769776344299,0.05741989612579346,-0.5821482837200165,-0.0002651214599609375,-0.28009068965911865,-0.0133686363697052,-0.4104781150817871,-0.026381462812423706,-0.49163293838500977,-0.03918808698654175,-0.5596282184123993,-0.05467069149017334,-0.23624122142791748,-0.08983463048934937,-0.33002305030822754,-0.11710059642791748,-0.3893722891807556,-0.13987496495246887,-0.44516876339912415,4
0.0,0.0,0.07519698143005371,-0.018950223922729492,0.14509785175323486,-0.07521164417266846,0.16143137216567993,-0.14152979850769043,0.11742168664932251,-0.16222155094146729,0.12486851215362549,-0.2585883140563965,0.16324669122695923,-0.35920459032058716,0.18209105730056763,-0.42406293749809265,0.1927747130393982,-0.48343074321746826,0.06873369216918945,-0.2888970375061035,0.0773126482963562,-0.4246479570865631,0.07742166519165039,-0.5067383944988251,0.0701255202293396,-0.573230654001236,0.01620638370513916,-0.2796262502670288,0.00215226411819458,-0.40650394558906555,-0.011374443769454956,-0.4873647391796112,-0.02483883500099182,-0.5563653707504272,-0.035167187452316284,-0.23936086893081665,-0.0728115439414978,-0.3300987184047699,-0.10198187828063965,-0.3880053758621216,-0.12601661682128906,-0.443901002407074,4
0.0,0.0,0.07463687658309937,-0.017046034336090088,0.14645063877105713,-0.07187420129776001,0.16437476873397827,-0.13896125555038452,0.11885905265808105,-0.15753209590911865,0.12624698877334595,-0.25278836488723755,0.16573792695999146,-0.35164541006088257,0.1844528317451477,-0.41568630933761597,0.19515323638916016,-0.47382813692092896,0.07284694910049438,-0.2832790017127991,0.08328324556350708,-0.41545307636260986,0.08342278003692627,-0.49900752305984497,0.07570308446884155,-0.5651822686195374,0.021525323390960693,-0.274314284324646,0.010574162006378174,-0.40120095014572144,-0.0037764906883239746,-0.4807811975479126,-0.017903387546539307,-0.547544926404953,-0.030679047107696533,-0.23421525955200195,-0.06557765603065491,-0.3225184977054596,-0.09396860003471375,-0.3789884150028229,-0.11738842725753784,-0.43287965655326843,4
0.0,0.0,0.07516682147979736,-0.012259364128112793,0.14528220891952515,-0.06656086444854736,0.16530489921569824,-0.13050079345703125,0.12312352657318115,-0.1475895643234253,0.12623727321624756,-0.24388408660888672,0.16334319114685059,-0.33975088596343994,0.18174296617507935,-0.4023068845272064,0.19147270917892456,-0.45860394835472107,0.07355982065200806,-0.2752557396888733,0.08302325010299683,-0.408194363117218,0.08413028717041016,-0.48807400465011597,0.07667124271392822,-0.5521697402000427,0.024175941944122314,-0.26847392320632935,0.012164890766143799,-0.3936625123023987,-0.0010739564895629883,-0.4729284644126892,-0.014627516269683838,-0.5409751534461975,-0.025283336639404297,-0.2315354347229004,-0.06304663419723511,-0.31844499707221985,-0.09178078174591064,-0.3736947178840637,-0.11470600962638855,-0.42677247524261475,4
0.0,0.0,0.07722443342208862,-0.014177024364471436,0.14818841218948364,-0.06890594959259033,0.17086243629455566,-0.13740724325180054,0.12815380096435547,-0.15683788061141968,0.12834995985031128,-0.2459530234336853,0.1628096103668213,-0.34206652641296387,0.17909598350524902,-0.40317243337631226,0.18774932622909546,-0.45728445053100586,0.07845914363861084,-0.27618348598480225,0.08683347702026367,-0.4069483280181885,0.08640778064727783,-0.48616787791252136,0.07795751094818115,-0.5485161542892456,0.030827045440673828,-0.2690548300743103,0.01889359951019287,-0.39407217502593994,0.004932701587677002,-0.47195881605148315,-0.008623659610748291,-0.5374031662940979,-0.017830193042755127,-0.23104321956634521,-0.05630755424499512,-0.31636449694633484,-0.08477097749710083,-0.37348562479019165,-0.10658043622970581,-0.4275813698768616,4
0.0,0.0,0.0799781084060669,-0.011563479900360107,0.1514262557029724,-0.06878942251205444,0.17559397220611572,-0.13349014520645142,0.13528776168823242,-0.15128135681152344,0.13094329833984375,-0.2447337508201599,0.16942793130874634,-0.3392607569694519,0.18740427494049072,-0.4022364020347595,0.19568663835525513,-0.4565119743347168,0.08165121078491211,-0.27455776929855347,0.09336340427398682,-0.40553393959999084,0.09441995620727539,-0.4843778610229492,0.08583396673202515,-0.5464085936546326,0.03482609987258911,-0.2676401138305664,0.02714139223098755,-0.391772598028183,0.014743506908416748,-0.4697089195251465,0.0008895993232727051,-0.5350888669490814,-0.012459754943847656,-0.2310463786125183,-0.047693610191345215,-0.31524568796157837,-0.07412511110305786,-0.3736393451690674,-0.09532314538955688,-0.4286985993385315,4
0.0,0.0,0.07963967323303223,-0.014029443264007568,0.15060710906982422,-0.06814354658126831,0.17533516883850098,-0.12943989038467407,0.13673698902130127,-0.148912250995636,0.13136500120162964,-0.24317586421966553,0.1679980754852295,-0.33709466457366943,0.18499642610549927,-0.3992382287979126,0.1937267780303955,-0.4550262689590454,0.08335703611373901,-0.2721766233444214,0.09209096431732178,-0.4053221344947815,0.09240663051605225,-0.48568934202194214,0.0838506817817688,-0.5495564639568329,0.03743213415145874,-0.26369190216064453,0.026244521141052246,-0.3911278247833252,0.012371480464935303,-0.47027790546417236,-0.0014271736145019531,-0.5384246110916138,-0.008651971817016602,-0.225425124168396,-0.04766017198562622,-0.31300854682922363,-0.07629761099815369,-0.37252533435821533,-0.09825325012207031,-0.4294635057449341,4
0.0,0.0,0.0779275894165039,-0.010298192501068115,0.14772850275039673,-0.0651085376739502,0.17509251832962036,-0.12625420093536377,0.13465046882629395,-0.140051007270813,0.13173907995224,-0.23796063661575317,0.16929376125335693,-0.3327433168888092,0.18730086088180542,-0.3952423334121704,0.19636762142181396,-0.44985562562942505,0.0827019214630127,-0.26804280281066895,0.09425538778305054,-0.3973624110221863,0.09617507457733154,-0.4763292074203491,0.08844548463821411,-0.5390567481517792,0.0356745719909668,-0.2616754174232483,0.027582228183746338,-0.38544055819511414,0.015355467796325684,-0.4629574418067932,0.0015864372253417969,-0.5281564593315125,-0.01160818338394165,-0.2257266640663147,-0.047743022441864014,-0.3096502423286438,-0.07501471042633057,-0.3684098720550537,-0.09688445925712585,-0.42332690954208374,4
0.0,0.0,0.07694029808044434,-0.018465280532836914,0.1463238000869751,-0.07650023698806763,0.1624445915222168,-0.13887399435043335,0.11962664127349854,-0.15326130390167236,0.12896114587783813,-0.2556474208831787,0.16787397861480713,-0.3563685417175293,0.1865561604499817,-0.422730416059494,0.19627392292022705,-0.48043757677078247,0.07299941778182983,-0.2872532606124878,0.0828363299369812,-0.4214494824409485,0.08360850811004639,-0.5022389888763428,0.0764155387878418,-0.5659216344356537,0.019739091396331787,-0.2792174816131592,0.009544134140014648,-0.40499192476272583,-0.0032782554626464844,-0.4837602972984314,-0.01653754711151123,-0.5491794943809509,-0.032232850790023804,-0.23915928602218628,-0.07119834423065186,-0.32670608162879944,-0.09826064109802246,-0.3872542083263397,-0.11929255723953247,-0.44489946961402893,4
0.0,0.0,0.07546338438987732,-0.024580299854278564,0.13967421650886536,-0.08443194627761841,0.14458993077278137,-0.14517372846603394,0.09732124209403992,-0.1636059284210205,0.11762049794197083,-0.2662312388420105,0.15879729390144348,-0.37368619441986084,0.1797727644443512,-0.44270825386047363,0.19149991869926453,-0.5050701797008514,0.057775408029556274,-0.2975044846534729,0.06862953305244446,-0.4372023046016693,0.06972631812095642,-0.5233655869960785,0.06300631165504456,-0.5926021635532379,0.0014583766460418701,-0.2864569425582886,-0.010394096374511719,-0.4188005328178406,-0.02470114827156067,-0.5005434155464172,-0.03942200541496277,-0.5690997540950775,-0.052778661251068115,-0.24168133735656738,-0.08916127681732178,-0.3323194980621338,-0.11680075526237488,-0.39107635617256165,-0.1396256685256958,-0.44620442390441895,4
0.0,0.0,0.07033789157867432,-0.027873516082763672,0.13208436965942383,-0.09042936563491821,0.1335216760635376,-0.15251368284225464,0.08638030290603638,-0.1724441647529602,0.10852360725402832,-0.27218735218048096,0.15074527263641357,-0.3777691125869751,0.1720868945121765,-0.44630417227745056,0.1835726499557495,-0.5070623159408569,0.049619078636169434,-0.30172860622406006,0.05941605567932129,-0.4409094452857971,0.05954831838607788,-0.5287425518035889,0.0518726110458374,-0.6001562774181366,-0.006338566541671753,-0.2878766655921936,-0.020015358924865723,-0.4162062108516693,-0.034341961145401,-0.4969531297683716,-0.048074871301651,-0.5661679804325104,-0.06170514225959778,-0.24090099334716797,-0.1019325852394104,-0.3303484618663788,-0.13174325227737427,-0.3862919509410858,-0.15590935945510864,-0.44021663069725037,4
0.0,0.0,0.07664024829864502,-0.03027045726776123,0.14423313736915588,-0.10131126642227173,0.14494451880455017,-0.1711597442626953,0.09645840525627136,-0.19494664669036865,0.12171557545661926,-0.289900541305542,0.16454824805259705,-0.3955847918987274,0.18715938925743103,-0.46354109048843384,0.20018544793128967,-0.5235224366188049,0.061281561851501465,-0.31958580017089844,0.07065039873123169,-0.4556336998939514,0.07095286250114441,-0.5426194667816162,0.06383758783340454,-0.6125629842281342,0.003757268190383911,-0.3063777685165405,-0.009183228015899658,-0.4337722063064575,-0.021642595529556274,-0.5124736428260803,-0.034019261598587036,-0.5782035887241364,-0.05404677987098694,-0.2587156295776367,-0.09030148386955261,-0.34748750925064087,-0.11786827445030212,-0.4048407971858978,-0.14120203256607056,-0.458069384098053,4
0.0,0.0,0.07717007398605347,-0.037622153759002686,0.14335784316062927,-0.11257004737854004,0.12534984946250916,-0.17941004037857056,0.0731174647808075,-0.20237797498703003,0.11678734421730042,-0.29396677017211914,0.15926721692085266,-0.4034365713596344,0.1810579001903534,-0.4731699228286743,0.19453564286231995,-0.534363716840744,0.050716936588287354,-0.32563185691833496,0.060961902141571045,-0.4650103449821472,0.06147322058677673,-0.552451878786087,0.055459409952163696,-0.624621570110321,-0.009197264909744263,-0.31362384557724,-0.024511247873306274,-0.4388767182826996,-0.03760865330696106,-0.516737312078476,-0.04915285110473633,-0.5851655602455139,-0.06847333908081055,-0.26499462127685547,-0.10453996062278748,-0.3516579866409302,-0.12882892787456512,-0.40764206647872925,-0.14774024486541748,-0.4627416729927063,4
0.0,0.0,0.07665425539016724,-0.03806018829345703,0.1487065851688385,-0.11648905277252197,0.13549774885177612,-0.19023972749710083,0.07951635122299194,-0.2140384316444397,0.12337929010391235,-0.30045002698898315,0.16716653108596802,-0.4121478497982025,0.18823868036270142,-0.48443901538848877,0.20016473531723022,-0.5480683743953705,0.057718515396118164,-0.3317101001739502,0.06745362281799316,-0.47295159101486206,0.06876668334007263,-0.5631055533885956,0.06282126903533936,-0.6364997625350952,-0.0011179745197296143,-0.31928718090057373,-0.019078433513641357,-0.44637060165405273,-0.03185802698135376,-0.5262711942195892,-0.04303207993507385,-0.596491277217865,-0.05827927589416504,-0.2707618474960327,-0.09533408284187317,-0.3583814203739166,-0.1228676289319992,-0.4151424765586853,-0.1460837423801422,-0.47229400277137756,4
0.0,0.0,0.07635635137557983,-0.027077198028564453,0.14273017644882202,-0.09395718574523926,0.16815298795700073,-0.15248674154281616,0.13722780346870422,-0.17528122663497925,0.13248538970947266,-0.27326828241348267,0.16228193044662476,-0.3709493577480316,0.17902040481567383,-0.43061792850494385,0.18838244676589966,-0.4851430654525757,0.08595713973045349,-0.30111396312713623,0.09326106309890747,-0.4451022148132324,0.09392940998077393,-0.532178670167923,0.0851123034954071,-0.6025340855121613,0.038925230503082275,-0.29074352979660034,0.026197969913482666,-0.4287605285644531,0.013273656368255615,-0.5151685178279877,0.0006425380706787109,-0.5909304618835449,-0.009740114212036133,-0.24863791465759277,-0.050648659467697144,-0.35086557269096375,-0.07826477289199829,-0.4164530038833618,-0.09947708249092102,-0.47904959321022034,4
0.0,0.0,0.07223451137542725,-0.07560545206069946,0.11824014782905579,-0.1363687515258789,0.15071898698806763,-0.16535133123397827,0.1937485933303833,-0.16816121339797974,0.11526906490325928,-0.25842350721359253,0.11488068103790283,-0.4019041657447815,0.1039215624332428,-0.5059865415096283,0.09313014149665833,-0.590522438287735,0.11407729983329773,-0.2596598267555237,0.10681620240211487,-0.4253770112991333,0.09491491317749023,-0.5369105637073517,0.08007371425628662,-0.6274266839027405,0.10361704230308533,-0.2495049238204956,0.1038828194141388,-0.41086962819099426,0.09587332606315613,-0.51287442445755,0.08341899514198303,-0.5951158702373505,0.09346705675125122,-0.23342519998550415,0.10164818167686462,-0.35234174132347107,0.10414820909500122,-0.43516674637794495,0.10191857814788818,-0.5041837096214294,4
0.0,0.0,-0.029012054204940796,-0.08313030004501343,-0.021441251039505005,-0.14910835027694702,-0.00849074125289917,-0.18540269136428833,-0.0005307793617248535,-0.21791452169418335,0.021102160215377808,-0.2895054817199707,0.02964860200881958,-0.3995705246925354,0.025922954082489014,-0.4654647707939148,0.016464978456497192,-0.5163862407207489,0.057451337575912476,-0.2935321629047394,0.07414695620536804,-0.445869505405426,0.0779869556427002,-0.5427444279193878,0.07664597034454346,-0.6181267499923706,0.09658211469650269,-0.26397061347961426,0.12267807126045227,-0.4000859260559082,0.13086846470832825,-0.4933444857597351,0.13074445724487305,-0.5681776106357574,0.13967889547348022,-0.2084769606590271,0.18284577131271362,-0.2839733362197876,0.2011549472808838,-0.34078025817871094,0.21064859628677368,-0.39000827074050903,4
0.0,0.0,-0.025059282779693604,-0.130814790725708,-0.0013358592987060547,-0.2142431139945984,0.03871700167655945,-0.25142496824264526,0.07686057686805725,-0.2611287832260132,0.03297734260559082,-0.2999963164329529,0.02208554744720459,-0.4300306737422943,0.005887031555175781,-0.5134749114513397,-0.01103508472442627,-0.5763559937477112,0.08398392796516418,-0.29707247018814087,0.09929957985877991,-0.45496028661727905,0.10397803783416748,-0.5606421828269958,0.1062360405921936,-0.6403969526290894,0.13186019659042358,-0.2638182044029236,0.16932016611099243,-0.4038030803203583,0.18845412135124207,-0.5007453560829163,0.20107370615005493,-0.5771105885505676,0.17597085237503052,-0.20870262384414673,0.23445677757263184,-0.2869187593460083,0.27026301622390747,-0.33925315737724304,0.29838114976882935,-0.3850073218345642,4
0.0,0.0,-0.035396575927734375,-0.13112038373947144,-0.014780670404434204,-0.22197413444519043,0.02840501070022583,-0.2677609920501709,0.0686650276184082,-0.28826677799224854,0.019989877939224243,-0.30276018381118774,-0.0011569857597351074,-0.43156054615974426,-0.018625110387802124,-0.5145183205604553,-0.03237512707710266,-0.5752667486667633,0.07517451047897339,-0.30066055059432983,0.09102284908294678,-0.45367786288261414,0.09734347462654114,-0.5546345114707947,0.10298988223075867,-0.6312050223350525,0.12473183870315552,-0.266925573348999,0.1639592945575714,-0.39922013878822327,0.18662229180335999,-0.48915407061576843,0.20424216985702515,-0.5612155497074127,0.1677856743335724,-0.2108115553855896,0.23172533512115479,-0.28648078441619873,0.272022545337677,-0.33340805768966675,0.3050289750099182,-0.3749597370624542,4
0.0,0.0,-0.04553540050983429,-0.12236130237579346,-0.03404173254966736,-0.20851314067840576,0.003244251012802124,-0.2596791386604309,0.03446638584136963,-0.29200470447540283,0.006935745477676392,-0.31083935499191284,-0.017852097749710083,-0.43331676721572876,-0.037897974252700806,-0.5148054361343384,-0.05217732489109039,-0.5734648108482361,0.06153818964958191,-0.3070697784423828,0.07726344466209412,-0.4606519341468811,0.08226281404495239,-0.5576353967189789,0.08817943930625916,-0.6306782066822052,0.11189892888069153,-0.2732536196708679,0.15123048424720764,-0.40536442399024963,0.17164069414138794,-0.49301397800445557,0.18961003422737122,-0.5616455078125,0.15622535347938538,-0.2169804573059082,0.21930178999900818,-0.2893674373626709,0.25921186804771423,-0.3337544798851013,0.2935231029987335,-0.3733021318912506,4
0.0,0.0,-0.0410081148147583,-0.12493312358856201,-0.02751004695892334,-0.21669870615005493,0.01088288426399231,-0.268576443195343,0.045625120401382446,-0.2992182970046997,0.01241651177406311,-0.3145664930343628,-0.011941581964492798,-0.4353398084640503,-0.033129990100860596,-0.513759434223175,-0.04959939420223236,-0.5711245834827423,0.06300875544548035,-0.3095531463623047,0.07921141386032104,-0.4623261094093323,0.0846664309501648,-0.5590758919715881,0.09056425094604492,-0.6303718388080597,0.11070027947425842,-0.27431613206863403,0.1538863182067871,-0.405519038438797,0.17537528276443481,-0.4905538558959961,0.19332093000411987,-0.5578334033489227,0.15379440784454346,-0.2161962389945984,0.21994563937187195,-0.29041415452957153,0.2607264220714569,-0.3345819115638733,0.29527583718299866,-0.3740514814853668,4
0.0,0.0,-0.039481163024902344,-0.12304961681365967,-0.027495384216308594,-0.21362990140914917,0.010967254638671875,-0.2622096538543701,0.04483562707901001,-0.2900125980377197,0.00941312313079834,-0.29896390438079834,-0.015248626470565796,-0.42192262411117554,-0.0348639190196991,-0.5032380819320679,-0.049682945013046265,-0.5634387135505676,0.060713887214660645,-0.2991151809692383,0.07529300451278687,-0.4518689811229706,0.08118143677711487,-0.5497234165668488,0.08676749467849731,-0.6223962306976318,0.10923033952713013,-0.2688295841217041,0.14921057224273682,-0.40075933933258057,0.16998276114463806,-0.48664313554763794,0.18754753470420837,-0.5545001327991486,0.15296003222465515,-0.2162609100341797,0.2151598334312439,-0.28815680742263794,0.25356584787368774,-0.3339359164237976,0.2869584560394287,-0.3760668933391571,4
0.0,0.0,-0.04201361536979675,-0.11575722694396973,-0.03151223063468933,-0.2031514048576355,0.0022991597652435303,-0.26143747568130493,0.02723902463912964,-0.3051297664642334,0.01017850637435913,-0.29772859811782837,-0.015550971031188965,-0.41710400581359863,-0.03386673331260681,-0.49604561924934387,-0.045596688985824585,-0.5539936721324921,0.06057301163673401,-0.2949391007423401,0.07304307818412781,-0.4411308169364929,0.07874736189842224,-0.5338276028633118,0.08622324466705322,-0.6022624969482422,0.10754293203353882,-0.2643052339553833,0.14561840891838074,-0.38888245820999146,0.1658993363380432,-0.4716426730155945,0.18394708633422852,-0.5369056463241577,0.14925551414489746,-0.21216076612472534,0.20879662036895752,-0.2822515368461609,0.24658697843551636,-0.3258923292160034,0.27894091606140137,-0.36563801765441895,4
0.0,0.0,-0.0422157347202301,-0.11147820949554443,-0.031852513551712036,-0.1987810730934143,0.0011890232563018799,-0.25875717401504517,0.03061729669570923,-0.2971760630607605,0.01181703805923462,-0.28224772214889526,-0.011672109365463257,-0.4051862955093384,-0.02956557273864746,-0.483993262052536,-0.041598379611968994,-0.5407421886920929,0.06216895580291748,-0.2802278399467468,0.07340127229690552,-0.42784780263900757,0.07832542061805725,-0.5191149711608887,0.08472764492034912,-0.5845001041889191,0.10681837797164917,-0.2507730722427368,0.1427193284034729,-0.3789912462234497,0.1621703803539276,-0.4612710475921631,0.17911896109580994,-0.5237330198287964,0.1448974609375,-0.20102232694625854,0.202921062707901,-0.27476876974105835,0.240055114030838,-0.3205220699310303,0.27132663130760193,-0.3619420528411865,4
0.0,0.0,-0.04168421030044556,-0.10984975099563599,-0.031006813049316406,-0.19540828466415405,0.0007660984992980957,-0.24908053874969482,0.032220155000686646,-0.27893465757369995,0.009563624858856201,-0.28020578622817993,-0.01395997405052185,-0.39573153853416443,-0.030260741710662842,-0.4712643325328827,-0.040415167808532715,-0.5266815423965454,0.059715449810028076,-0.28025639057159424,0.0691923201084137,-0.41904115676879883,0.07334768772125244,-0.5080241858959198,0.07832503318786621,-0.571916937828064,0.10523635149002075,-0.2523966431617737,0.14028498530387878,-0.3718704581260681,0.1581721305847168,-0.45285212993621826,0.1724201738834381,-0.5138855278491974,0.1443457305431366,-0.2038678526878357,0.20027709007263184,-0.27468645572662354,0.23516982793807983,-0.3201707601547241,0.2629449963569641,-0.36001527309417725,4
0.0,0.0,-0.040072858333587646,-0.10331588983535767,-0.03160932660102844,-0.18093830347061157,-0.001660168170928955,-0.2329120635986328,0.02725401520729065,-0.2618252635002136,0.00701555609703064,-0.25979501008987427,-0.015320032835006714,-0.36959969997406006,-0.030835777521133423,-0.44018200039863586,-0.041361063718795776,-0.4928627908229828,0.05383762717247009,-0.2603914141654968,0.06457564234733582,-0.3963373899459839,0.06916579604148865,-0.48310357332229614,0.07440781593322754,-0.5450350940227509,0.09755310416221619,-0.23275238275527954,0.1342490315437317,-0.34898948669433594,0.15291133522987366,-0.4291592836380005,0.16774925589561462,-0.4891664683818817,0.1364755928516388,-0.18428444862365723,0.19315293431282043,-0.2545745372772217,0.22831293940544128,-0.29965806007385254,0.25606200098991394,-0.33982187509536743,4
0.0,0.0,-0.038132548332214355,-0.10858744382858276,-0.024715065956115723,-0.19415205717086792,0.005046099424362183,-0.25452935695648193,0.03254970908164978,-0.291736900806427,0.007227420806884766,-0.2778780460357666,-0.015359938144683838,-0.38959217071533203,-0.0318770706653595,-0.4615630507469177,-0.04297491908073425,-0.5145728588104248,0.05351763963699341,-0.27705758810043335,0.06389150023460388,-0.415396124124527,0.07015284895896912,-0.5048577785491943,0.07773801684379578,-0.5689655840396881,0.09831291437149048,-0.24813807010650635,0.13462787866592407,-0.3696581721305847,0.1535457968711853,-0.45083266496658325,0.16912543773651123,-0.5123333632946014,0.13966894149780273,-0.19899404048919678,0.19622021913528442,-0.27194511890411377,0.23203420639038086,-0.31749671697616577,0.2609516978263855,-0.3580293655395508,4
0.0,0.0,-0.03652244806289673,-0.10935693979263306,-0.025844544172286987,-0.19085359573364258,-0.0005759894847869873,-0.25274723768234253,0.021915197372436523,-0.2930123209953308,0.0025105178356170654,-0.2737714648246765,-0.016189366579055786,-0.391204297542572,-0.032097816467285156,-0.4667077958583832,-0.04263833165168762,-0.5235046744346619,0.05024513602256775,-0.27709001302719116,0.059216856956481934,-0.4237816333770752,0.06538119912147522,-0.5175366699695587,0.07308056950569153,-0.5847945213317871,0.09754648804664612,-0.2528274655342102,0.13121414184570312,-0.3812819719314575,0.14970463514328003,-0.4669853448867798,0.16556376218795776,-0.5307595431804657,0.1416853666305542,-0.20790928602218628,0.19840821623802185,-0.28579413890838623,0.23530161380767822,-0.33071768283843994,0.26485252380371094,-0.36970430612564087,4
0.0,0.0,-0.041994526982307434,-0.10868752002716064,-0.03387656807899475,-0.18823593854904175,-0.008388817310333252,-0.24873137474060059,0.01731017231941223,-0.28582799434661865,0.0012426972389221191,-0.28468793630599976,-0.02211618423461914,-0.40207377076148987,-0.04054373502731323,-0.48052680492401123,-0.050786107778549194,-0.5370683968067169,0.05164611339569092,-0.28903836011886597,0.055642396211624146,-0.44004324078559875,0.05783739686012268,-0.5355110764503479,0.06457981467247009,-0.6019533574581146,0.09942469000816345,-0.26444804668426514,0.13448995351791382,-0.39712977409362793,0.14937829971313477,-0.4847872853279114,0.16277408599853516,-0.5484498143196106,0.14116692543029785,-0.21680206060409546,0.19971197843551636,-0.30114680528640747,0.23635917901992798,-0.34809017181396484,0.26573580503463745,-0.38800936937332153,4
0.0,0.0,-0.04039676487445831,-0.11725753545761108,-0.027986496686935425,-0.2039305567741394,0.0060575902462005615,-0.25932663679122925,0.03957635164260864,-0.29109376668930054,0.011392086744308472,-0.2907342314720154,-0.014169543981552124,-0.4111427962779999,-0.03300072252750397,-0.4923560321331024,-0.04569825530052185,-0.5520734190940857,0.06099233031272888,-0.2963762879371643,0.06666842103004456,-0.4495745003223419,0.06976324319839478,-0.5477951765060425,0.07452434301376343,-0.6177109777927399,0.10741063952445984,-0.2716081738471985,0.14151176810264587,-0.4034985303878784,0.15989011526107788,-0.4930071234703064,0.17390066385269165,-0.5600944459438324,0.14954107999801636,-0.2232877016067505,0.21105989813804626,-0.3049842119216919,0.24821093678474426,-0.3514033555984497,0.2766079008579254,-0.3913832902908325,4
0.0,0.0,-0.030891358852386475,-0.13599491119384766,-0.01219874620437622,-0.22789734601974487,0.024524539709091187,-0.28517287969589233,0.06015560030937195,-0.31968528032302856,0.014684975147247314,-0.30569738149642944,-0.007506757974624634,-0.4310305714607239,-0.02588784694671631,-0.513094574213028,-0.04019320011138916,-0.5747973024845123,0.06541234254837036,-0.30506056547164917,0.07970446348190308,-0.46570515632629395,0.08626717329025269,-0.5674284994602203,0.09162312746047974,-0.6401160955429077,0.11473602056503296,-0.2743430733680725,0.15531834959983826,-0.4130434989929199,0.17654266953468323,-0.5037601590156555,0.19242021441459656,-0.5731433033943176,0.16022491455078125,-0.22002547979354858,0.22244715690612793,-0.3072853088378906,0.26040562987327576,-0.356889545917511,0.29119816422462463,-0.4011186957359314,4
0.0,0.0,-0.034230560064315796,-0.13246434926986694,-0.0149918794631958,-0.23018097877502441,0.02447599172592163,-0.2885483503341675,0.064673513174057,-0.31928348541259766,0.018067210912704468,-0.31287145614624023,-0.007321089506149292,-0.4326637387275696,-0.027743637561798096,-0.5124935805797577,-0.04434339702129364,-0.5725444257259369,0.0710442066192627,-0.3113478422164917,0.0848621129989624,-0.4656582474708557,0.08988615870475769,-0.5634154975414276,0.09432011842727661,-0.6350216865539551,0.12029406428337097,-0.27855628728866577,0.15793365240097046,-0.412509560585022,0.17765185236930847,-0.5016704201698303,0.19296428561210632,-0.5720379054546356,0.1647472083568573,-0.22346043586730957,0.225243479013443,-0.3023948073387146,0.26278308033943176,-0.35050004720687866,0.2929746210575104,-0.3950323164463043,4
0.0,0.0,-0.025115251541137695,-0.1476181149482727,0.0019167661666870117,-0.24782556295394897,0.04434704780578613,-0.3061257600784302,0.08728516101837158,-0.3363150358200073,0.022164344787597656,-0.3165013790130615,-0.0012023448944091797,-0.436059832572937,-0.020926237106323242,-0.5163837969303131,-0.03836318850517273,-0.5776772499084473,0.07599371671676636,-0.3155069351196289,0.09164935350418091,-0.4743487238883972,0.0983407199382782,-0.5745201706886292,0.10225319862365723,-0.6467993259429932,0.1279035210609436,-0.2822462320327759,0.1677435338497162,-0.4202280640602112,0.18757662177085876,-0.5114465653896332,0.2006041407585144,-0.5838317275047302,0.17486518621444702,-0.22555947303771973,0.23737120628356934,-0.30970025062561035,0.2739711403846741,-0.36154812574386597,0.3012789487838745,-0.4092457592487335,4
0.0,0.0,-0.028249680995941162,-0.14395999908447266,-0.002266108989715576,-0.24536287784576416,0.037447959184646606,-0.30810898542404175,0.07341617345809937,-0.34806662797927856,0.024959415197372437,-0.3312004804611206,0.0002143383026123047,-0.4612010717391968,-0.019782468676567078,-0.5451537370681763,-0.03552229702472687,-0.6079831123352051,0.08072325587272644,-0.3313520550727844,0.09596085548400879,-0.4976798892021179,0.10052648186683655,-0.6033602952957153,0.10347619652748108,-0.6824542284011841,0.1323261260986328,-0.29788100719451904,0.17433702945709229,-0.44343188405036926,0.19563546776771545,-0.5402882099151611,0.2106975018978119,-0.6199440360069275,0.17799854278564453,-0.23928606510162354,0.24147474765777588,-0.3294036388397217,0.2800385355949402,-0.38402071595191956,0.3104938864707947,-0.43408438563346863,4
0.0,0.0,-0.026161104440689087,-0.15371060371398926,0.004267632961273193,-0.25419360399246216,0.055513620376586914,-0.30115580558776855,0.10530954599380493,-0.32305198907852173,0.024210214614868164,-0.33189278841018677,-0.0011841654777526855,-0.4660530686378479,-0.022069036960601807,-0.5529502928256989,-0.03898708522319794,-0.6172318160533905,0.08075112104415894,-0.33381760120391846,0.09673583507537842,-0.5010552704334259,0.10214504599571228,-0.6092832088470459,0.10485386848449707,-0.6888126730918884,0.13405245542526245,-0.30246442556381226,0.1744895875453949,-0.44908514618873596,0.1948416829109192,-0.5484735667705536,0.20787525177001953,-0.6279444992542267,0.18429553508758545,-0.24733483791351318,0.25166893005371094,-0.3356579542160034,0.2917400002479553,-0.3898663818836212,0.3219839930534363,-0.4387180805206299,4
0.0,0.0,-0.027990683913230896,-0.14807480573654175,0.0009130239486694336,-0.2555930018424988,0.048799216747283936,-0.308738648891449,0.09566870331764221,-0.3307890295982361,0.029121488332748413,-0.34032493829727173,0.0022559165954589844,-0.47808244824409485,-0.019571244716644287,-0.5686480402946472,-0.03851290047168732,-0.6359999775886536,0.08512747287750244,-0.341937780380249,0.10148042440414429,-0.5172032713890076,0.10724294185638428,-0.6290971636772156,0.10933014750480652,-0.7121015191078186,0.13838845491409302,-0.3105124235153198,0.1795821487903595,-0.46350982785224915,0.20156201720237732,-0.5644141137599945,0.21570798754692078,-0.6441902220249176,0.1893269121646881,-0.2548401951789856,0.2583634555339813,-0.3467991352081299,0.29945239424705505,-0.4028255343437195,0.3305986225605011,-0.4519113302230835,4
0.0,0.0,-0.028649434447288513,-0.15477073192596436,-0.0019891560077667236,-0.26496565341949463,0.044276803731918335,-0.3156474232673645,0.08765032887458801,-0.33628612756729126,0.02648255228996277,-0.3491792678833008,0.000606238842010498,-0.48771005868911743,-0.020392850041389465,-0.5799412429332733,-0.03897272050380707,-0.6496243476867676,0.08470964431762695,-0.34961438179016113,0.10622620582580566,-0.525924414396286,0.11447766423225403,-0.6385772228240967,0.11833471059799194,-0.7206918001174927,0.13852199912071228,-0.3151097297668457,0.18283015489578247,-0.46887725591659546,0.20745670795440674,-0.5717370808124542,0.2242783010005951,-0.6535166203975677,0.187993586063385,-0.2548295855522156,0.2589961290359497,-0.3499302864074707,0.3030329942703247,-0.407004177570343,0.33744025230407715,-0.4569057822227478,4
0.0,0.0,-0.010002046823501587,-0.15594595670700073,0.02345922589302063,-0.26217126846313477,0.06840553879737854,-0.31578683853149414,0.11046531796455383,-0.3419643044471741,0.03931659460067749,-0.3350999355316162,0.021696388721466064,-0.47593599557876587,0.0014545917510986328,-0.5661817491054535,-0.020516738295555115,-0.6370378732681274,0.08909887075424194,-0.3391738533973694,0.11586081981658936,-0.5167512595653534,0.12700557708740234,-0.6316013932228088,0.13048800826072693,-0.7173627316951752,0.14073067903518677,-0.30916792154312134,0.18811535835266113,-0.46700531244277954,0.21449416875839233,-0.5712667405605316,0.22992724180221558,-0.6543045938014984,0.19523316621780396,-0.2538250684738159,0.2639133334159851,-0.3483993411064148,0.305555522441864,-0.4091537892818451,0.33601999282836914,-0.46252161264419556,4
0.0,0.0,0.02385011315345764,-0.1096341609954834,0.06178396940231323,-0.20706617832183838,0.11093541979789734,-0.24103856086730957,0.15227797627449036,-0.2551003694534302,0.03163212537765503,-0.3385394215583801,0.09483161568641663,-0.466109037399292,0.12001389265060425,-0.5075992345809937,0.1179027259349823,-0.5443083941936493,0.04119798541069031,-0.3203703761100769,0.14342206716537476,-0.40037065744400024,0.16855809092521667,-0.33583298325538635,0.15001928806304932,-0.28711581230163574,0.06318658590316772,-0.27142179012298584,0.16941729187965393,-0.318607896566391,0.1819920539855957,-0.2532047629356384,0.15726134181022644,-0.21457844972610474,0.08976712822914124,-0.20344078540802002,0.1790156364440918,-0.21197861433029175,0.18542414903640747,-0.16538786888122559,0.16033220291137695,-0.13578957319259644,4
0.0,0.0,0.08035150170326233,-0.030987143516540527,0.1442725658416748,-0.12465494871139526,0.16695135831832886,-0.20329362154006958,0.12440502643585205,-0.21601402759552002,0.12447342276573181,-0.2991853952407837,0.14277386665344238,-0.3939388394355774,0.1555943489074707,-0.44839099049568176,0.16211503744125366,-0.4947783350944519,0.07959848642349243,-0.3305068612098694,0.07886683940887451,-0.4749668836593628,0.07844477891921997,-0.5605612099170685,0.06951126456260681,-0.6301925182342529,0.033981889486312866,-0.3253023624420166,0.017665952444076538,-0.4685826897621155,0.002588987350463867,-0.5572730898857117,-0.013630837202072144,-0.6323949098587036,-0.015050649642944336,-0.2890857458114624,-0.061110109090805054,-0.3979867696762085,-0.09102874994277954,-0.4667592942714691,-0.11560797691345215,-0.529948890209198,4
0.0,0.0,0.08156025409698486,-0.03494071960449219,0.15757188200950623,-0.1199730634689331,0.14569851756095886,-0.19950705766677856,0.08745214343070984,-0.20919132232666016,0.13338831067085266,-0.3038947582244873,0.1750635802745819,-0.4040337800979614,0.19794777035713196,-0.46293365955352783,0.21201381087303162,-0.5154746174812317,0.07174232602119446,-0.3415911793708801,0.08573666214942932,-0.4795520007610321,0.08912152051925659,-0.5643593072891235,0.08452025055885315,-0.6316578984260559,0.013786733150482178,-0.3379237651824951,0.004477888345718384,-0.46868452429771423,-0.005750924348831177,-0.5491319000720978,-0.016040325164794922,-0.6160915791988373,-0.04693877696990967,-0.29863280057907104,-0.08393904566764832,-0.3947911858558655,-0.11086365580558777,-0.4550018906593323,-0.13342009484767914,-0.511225163936615,4
0.0,0.0,0.0802813470363617,-0.04805201292037964,0.14949950575828552,-0.14172416925430298,0.12434092164039612,-0.21376454830169678,0.0642712414264679,-0.22738033533096313,0.11809661984443665,-0.32116132974624634,0.16053268313407898,-0.42946475744247437,0.18412157893180847,-0.49562928080558777,0.19886431097984314,-0.551910787820816,0.052606940269470215,-0.35484033823013306,0.06348997354507446,-0.496401846408844,0.0660945475101471,-0.5857203602790833,0.060372889041900635,-0.6587826013565063,-0.0064175426959991455,-0.34498149156570435,-0.02088436484336853,-0.4721475839614868,-0.03434109687805176,-0.5529265403747559,-0.047705888748168945,-0.6248288452625275,-0.06600919365882874,-0.297701895236969,-0.1057916134595871,-0.383022278547287,-0.13426849246025085,-0.43975502252578735,-0.15866537392139435,-0.49694234132766724,4
0.0,0.0,0.07967951893806458,-0.05149108171463013,0.1493891179561615,-0.15220558643341064,0.11486229300498962,-0.22135043144226074,0.0523088276386261,-0.2366003394126892,0.1120837926864624,-0.33557599782943726,0.1546148955821991,-0.4494836926460266,0.1766534149646759,-0.5203964114189148,0.18976595997810364,-0.5808487236499786,0.0422290563583374,-0.3662557601928711,0.04996827244758606,-0.5077006220817566,0.050005704164505005,-0.5989774465560913,0.04317304491996765,-0.6725391447544098,-0.01867690682411194,-0.35243314504623413,-0.037014782428741455,-0.4816778600215912,-0.05220407247543335,-0.5621418356895447,-0.06592926383018494,-0.6339045166969299,-0.07812678813934326,-0.3003779649734497,-0.12110041081905365,-0.38502612709999084,-0.15312370657920837,-0.44021910429000854,-0.1803060621023178,-0.49747779965400696,4
0.0,0.0,0.07987159490585327,-0.05084711313247681,0.14934799075126648,-0.14615195989608765,0.10995087027549744,-0.2117849588394165,0.04465377330780029,-0.22209161520004272,0.1135847270488739,-0.3295000195503235,0.15914538502693176,-0.4456297755241394,0.182085782289505,-0.5190199613571167,0.19586911797523499,-0.581321656703949,0.04425820708274841,-0.3606635332107544,0.053758859634399414,-0.5065750479698181,0.05234852433204651,-0.6015838980674744,0.04346466064453125,-0.6783668994903564,-0.015680581331253052,-0.3474806547164917,-0.03352153301239014,-0.47894975543022156,-0.0503329336643219,-0.5615983307361603,-0.06637188792228699,-0.6350460946559906,-0.07446816563606262,-0.29606330394744873,-0.11750935018062592,-0.38242653012275696,-0.14834873378276825,-0.4379682242870331,-0.17437733709812164,-0.49403029680252075,4
0.0,0.0,0.07619932293891907,-0.049426257610321045,0.14540544152259827,-0.1388695240020752,0.11294278502464294,-0.20330935716629028,0.05023929476737976,-0.2201938033103943,0.11073943972587585,-0.32856786251068115,0.15426379442214966,-0.4444396495819092,0.1773030161857605,-0.5172727108001709,0.1913285255432129,-0.5793876647949219,0.041626960039138794,-0.35940682888031006,0.04944276809692383,-0.5061891078948975,0.04756486415863037,-0.6007704734802246,0.03861117362976074,-0.6775454878807068,-0.0185108482837677,-0.3453845977783203,-0.03766193985939026,-0.4775608479976654,-0.055523574352264404,-0.5596986413002014,-0.0717771053314209,-0.6338725090026855,-0.07753241062164307,-0.2931903600692749,-0.1197357326745987,-0.3783179223537445,-0.1505901962518692,-0.4331483244895935,-0.17614074051380157,-0.4896726608276367,4
0.0,0.0,0.07576721906661987,-0.049985289573669434,0.14479303359985352,-0.1400068998336792,0.11192569136619568,-0.20397835969924927,0.04874548316001892,-0.21530532836914062,0.11085259914398193,-0.3232502341270447,0.15393173694610596,-0.43823540210723877,0.17576849460601807,-0.5117276012897491,0.18883168697357178,-0.5739908218383789,0.04212510585784912,-0.3528982400894165,0.050303369760513306,-0.4985100030899048,0.04806259274482727,-0.5930151045322418,0.038580745458602905,-0.6703535616397858,-0.01692947745323181,-0.33826422691345215,-0.03620031476020813,-0.4691537618637085,-0.05385446548461914,-0.5511305034160614,-0.0702674388885498,-0.6248462498188019,-0.07457756996154785,-0.2862011790275574,-0.11603696644306183,-0.37158074975013733,-0.14587712287902832,-0.42712926864624023,-0.17069029808044434,-0.4844069480895996,4
0.0,0.0,0.07623475790023804,-0.049277305603027344,0.14159834384918213,-0.13743698596954346,0.10911038517951965,-0.1970374584197998,0.05056357383728027,-0.21031832695007324,0.10723316669464111,-0.3147888779640198,0.1465514898300171,-0.42820629477500916,0.16569054126739502,-0.4995437264442444,0.1767023801803589,-0.5606676936149597,0.03943842649459839,-0.34244394302368164,0.04488706588745117,-0.48332589864730835,0.04404839873313904,-0.5738398730754852,0.03739085793495178,-0.646344006061554,-0.01894533634185791,-0.32712769508361816,-0.04053664207458496,-0.4560016691684723,-0.05669963359832764,-0.5357316732406616,-0.07008004188537598,-0.6067874133586884,-0.07440128922462463,-0.27536141872406006,-0.11584553122520447,-0.3586428165435791,-0.1457795798778534,-0.41362082958221436,-0.17014436423778534,-0.470570832490921,4
0.0,0.0,0.07400625944137573,-0.04506772756576538,0.13581711053848267,-0.12609946727752686,0.11078161001205444,-0.1867862343788147,0.05680742859840393,-0.20996862649917603,0.10334786772727966,-0.3064507842063904,0.13781219720840454,-0.42039549350738525,0.14982080459594727,-0.4902680516242981,0.1526966094970703,-0.5494874119758606,0.03726950287818909,-0.3336314558982849,0.04160219430923462,-0.47548872232437134,0.03871026635169983,-0.5624200403690338,0.028961479663848877,-0.6309383809566498,-0.021409928798675537,-0.3186773657798767,-0.042115598917007446,-0.4475420117378235,-0.058689773082733154,-0.5250558853149414,-0.07423216104507446,-0.593542754650116,-0.07839074730873108,-0.2674252986907959,-0.11815166473388672,-0.3542516827583313,-0.14532025158405304,-0.40947669744491577,-0.16739097237586975,-0.46483445167541504,4
0.0,0.0,0.07195156812667847,-0.04379594326019287,0.13611310720443726,-0.12003302574157715,0.11438953876495361,-0.18113350868225098,0.06073036789894104,-0.2061082124710083,0.10516095161437988,-0.3060451149940491,0.13910722732543945,-0.41797441244125366,0.15093183517456055,-0.4881047010421753,0.15383344888687134,-0.5480736196041107,0.039756715297698975,-0.3316780924797058,0.045592039823532104,-0.4713056683540344,0.043542444705963135,-0.5589803159236908,0.03484317660331726,-0.6296355426311493,-0.018999069929122925,-0.31663984060287476,-0.037792861461639404,-0.44523730874061584,-0.05325913429260254,-0.5241517722606659,-0.06742241978645325,-0.593478262424469,-0.07719972729682922,-0.2664738893508911,-0.11474877595901489,-0.3554422855377197,-0.14064542949199677,-0.411022424697876,-0.16132789850234985,-0.4664961099624634,4
0.0,0.0,0.07169803977012634,-0.0447084903717041,0.1352325975894928,-0.12380409240722656,0.11384880542755127,-0.185080885887146,0.059045612812042236,-0.20878952741622925,0.10411679744720459,-0.30822092294692993,0.13367483019828796,-0.4226677715778351,0.14241722226142883,-0.49333396553993225,0.14281228184700012,-0.5535432398319244,0.039105743169784546,-0.3320310115814209,0.043115854263305664,-0.4725402891635895,0.04065123200416565,-0.5592893362045288,0.03232446312904358,-0.6279657185077667,-0.019272029399871826,-0.315883994102478,-0.03853771090507507,-0.44679075479507446,-0.053829461336135864,-0.5257135629653931,-0.06744605302810669,-0.5941084027290344,-0.0769244134426117,-0.26525288820266724,-0.11426129937171936,-0.35569196939468384,-0.1400027871131897,-0.411830335855484,-0.16037783026695251,-0.4675651788711548,4
0.0,0.0,0.07102882862091064,-0.04290717840194702,0.13440939784049988,-0.11623036861419678,0.11470308899879456,-0.17801737785339355,0.06289169192314148,-0.21167290210723877,0.10304495692253113,-0.306773841381073,0.13284680247306824,-0.4224412441253662,0.14183345437049866,-0.49454185366630554,0.14245513081550598,-0.5553706288337708,0.037951380014419556,-0.33020639419555664,0.04147973656654358,-0.47334209084510803,0.03876090049743652,-0.561378687620163,0.030719399452209473,-0.6303965747356415,-0.020573318004608154,-0.31380581855773926,-0.04066210985183716,-0.4465301036834717,-0.056666284799575806,-0.5272851586341858,-0.07050061225891113,-0.5970767736434937,-0.07811248302459717,-0.2632303833961487,-0.11541581153869629,-0.35388636589050293,-0.14122673869132996,-0.41114795207977295,-0.16120804846286774,-0.46819204092025757,4
0.0,0.0,0.06916308403015137,-0.042590320110321045,0.13231056928634644,-0.11371052265167236,0.11480933427810669,-0.17418450117111206,0.06416621804237366,-0.20779740810394287,0.10270056128501892,-0.3051002621650696,0.13232403993606567,-0.42111361026763916,0.14144092798233032,-0.4927402138710022,0.142642080783844,-0.553441733121872,0.03800317645072937,-0.3279983401298523,0.04116666316986084,-0.4720152020454407,0.038617610931396484,-0.5609389841556549,0.030569374561309814,-0.6303804516792297,-0.020267754793167114,-0.3111065626144409,-0.04117897152900696,-0.4443475008010864,-0.05688053369522095,-0.5252414047718048,-0.07020348310470581,-0.5948727130889893,-0.07759848237037659,-0.26059508323669434,-0.11531630158424377,-0.3526986837387085,-0.14146441221237183,-0.41067418456077576,-0.16174086928367615,-0.4682689309120178,4
0.0,0.0,0.06841093301773071,-0.04155385494232178,0.1290583312511444,-0.11148440837860107,0.11781206727027893,-0.172376811504364,0.0712435245513916,-0.20960462093353271,0.10182923078536987,-0.30003923177719116,0.13106834888458252,-0.4138637185096741,0.14065194129943848,-0.4845074415206909,0.1426042914390564,-0.54526087641716,0.03824055194854736,-0.3221985101699829,0.04064810276031494,-0.46393653750419617,0.03726235032081604,-0.549823522567749,0.0290224552154541,-0.6174241900444031,-0.01953655481338501,-0.3050079941749573,-0.03823241591453552,-0.43480610847473145,-0.053334444761276245,-0.5140895247459412,-0.06607657670974731,-0.5824112892150879,-0.07594501972198486,-0.25508981943130493,-0.11154955625534058,-0.3455936312675476,-0.13612233102321625,-0.40222352743148804,-0.1547517627477646,-0.45804643630981445,4
0.0,0.0,0.07105061411857605,-0.039351463317871094,0.13151118159294128,-0.11200910806655884,0.11476323008537292,-0.17362117767333984,0.06719467043876648,-0.2036219835281372,0.10213765501976013,-0.2883276343345642,0.13001787662506104,-0.3977980613708496,0.14028802514076233,-0.466616153717041,0.14336654543876648,-0.5252236723899841,0.039686501026153564,-0.31123173236846924,0.04208603501319885,-0.44516944885253906,0.03851038217544556,-0.5282640755176544,0.030819982290267944,-0.5930409133434296,-0.016161024570465088,-0.296276330947876,-0.035195380449295044,-0.4193372130393982,-0.048259437084198,-0.49460655450820923,-0.058600425720214844,-0.5578616559505463,-0.07114571332931519,-0.24950510263442993,-0.10581693053245544,-0.33677494525909424,-0.12949657440185547,-0.39184826612472534,-0.14756092429161072,-0.44462162256240845,4
0.0,0.0,0.07121661305427551,-0.03754067420959473,0.13330209255218506,-0.1084221601486206,0.11453384160995483,-0.17047381401062012,0.06681063771247864,-0.20365959405899048,0.10409191250801086,-0.2829607129096985,0.13194718956947327,-0.3916577696800232,0.14182248711585999,-0.45993149280548096,0.14442649483680725,-0.5183850228786469,0.04292228817939758,-0.3063288927078247,0.04584744572639465,-0.43899601697921753,0.043224215507507324,-0.5190202295780182,0.03585004806518555,-0.5808624625205994,-0.011745423078536987,-0.2927507758140564,-0.0297124981880188,-0.41407662630081177,-0.042190611362457275,-0.488045871257782,-0.05325442552566528,-0.5501312911510468,-0.06593546271324158,-0.24820011854171753,-0.09915336966514587,-0.3351120352745056,-0.12244120240211487,-0.3882296681404114,-0.1418498456478119,-0.4390708804130554,4
0.0,0.0,0.07101869583129883,-0.038578569889068604,0.13302475214004517,-0.11100727319717407,0.11360469460487366,-0.17243236303329468,0.06252118945121765,-0.2003987431526184,0.10193365812301636,-0.2883555293083191,0.12256643176078796,-0.3975786566734314,0.12814950942993164,-0.4651094675064087,0.12652289867401123,-0.5230721831321716,0.04001039266586304,-0.3106897473335266,0.04037296772003174,-0.44607067108154297,0.036363035440444946,-0.527745395898819,0.02746257185935974,-0.5909626483917236,-0.014981836080551147,-0.295751690864563,-0.03414139151573181,-0.4209496080875397,-0.04746294021606445,-0.49674367904663086,-0.059417933225631714,-0.5607824325561523,-0.0696725845336914,-0.24895089864730835,-0.10505041480064392,-0.33936309814453125,-0.12870369851589203,-0.3941133916378021,-0.14750897884368896,-0.4472774863243103,4
0.0,0.0,0.07369709014892578,-0.03749871253967285,0.13782361149787903,-0.1069411039352417,0.11590376496315002,-0.16687750816345215,0.06706792116165161,-0.19747394323349,0.10718876123428345,-0.29054534435272217,0.13177207112312317,-0.40269607305526733,0.13893690705299377,-0.47168245911598206,0.13924041390419006,-0.5303390026092529,0.044510871171951294,-0.3150973916053772,0.04753491282463074,-0.45242124795913696,0.044713228940963745,-0.5363220572471619,0.037274569272994995,-0.6018746197223663,-0.01229289174079895,-0.30159443616867065,-0.029323667287826538,-0.42979419231414795,-0.04304024577140808,-0.509468138217926,-0.05469098687171936,-0.5773082375526428,-0.06891393661499023,-0.2550812363624573,-0.10367777943611145,-0.3452877998352051,-0.1266656070947647,-0.4011799097061157,-0.14477333426475525,-0.4548530578613281,4
0.0,0.0,0.07357868552207947,-0.03903001546859741,0.13936331868171692,-0.11021542549133301,0.1226513683795929,-0.16723597049713135,0.07163777947425842,-0.1944679617881775,0.11264881491661072,-0.3026731610298157,0.14076706767082214,-0.41987344622612,0.14901402592658997,-0.49318021535873413,0.1501917541027069,-0.556503564119339,0.04758235812187195,-0.33087921142578125,0.05223643779754639,-0.4739472270011902,0.05084386467933655,-0.5622997879981995,0.04463508725166321,-0.6333963871002197,-0.011311471462249756,-0.3179861903190613,-0.02821853756904602,-0.45125913619995117,-0.04125458002090454,-0.5347009897232056,-0.05258944630622864,-0.6072340607643127,-0.0692065954208374,-0.26954585313796997,-0.10483381152153015,-0.3622860312461853,-0.1286231279373169,-0.4221118092536926,-0.14701512455940247,-0.480390727519989,4
0.0,0.0,0.07326650619506836,-0.03819239139556885,0.1432878077030182,-0.10489308834075928,0.1311357319355011,-0.16240525245666504,0.07789161801338196,-0.19683653116226196,0.11811450123786926,-0.3198605179786682,0.15048280358314514,-0.44747909903526306,0.16187623143196106,-0.5281073451042175,0.16602233052253723,-0.5969581305980682,0.048269063234329224,-0.34653210639953613,0.05572596192359924,-0.5009343326091766,0.05551701784133911,-0.5998886525630951,0.0506439208984375,-0.6796986162662506,-0.014541834592819214,-0.33044660091400146,-0.030828744173049927,-0.4732186198234558,-0.04266175627708435,-0.5659953653812408,-0.05208274722099304,-0.647525280714035,-0.07539942860603333,-0.2775793671607971,-0.10909134149551392,-0.3792386054992676,-0.1330033838748932,-0.4455416798591614,-0.15053991973400116,-0.5118913948535919,4
0.0,0.0,0.074626624584198,-0.03706717491149902,0.146315336227417,-0.1009112000465393,0.13080132007598877,-0.15593141317367554,0.07277083396911621,-0.18526852130889893,0.11806848645210266,-0.3165057301521301,0.15096604824066162,-0.44708025455474854,0.16334712505340576,-0.5296621322631836,0.16849422454833984,-0.6013036370277405,0.04708826541900635,-0.3432694673538208,0.05458995699882507,-0.4998812675476074,0.0548553466796875,-0.6016237437725067,0.05029296875,-0.6834124028682709,-0.016505390405654907,-0.3267199397087097,-0.03327059745788574,-0.47259753942489624,-0.045704931020736694,-0.5683926641941071,-0.05498158931732178,-0.6527620851993561,-0.07776769995689392,-0.2735564112663269,-0.11342179775238037,-0.3771362900733948,-0.13841845095157623,-0.4461320638656616,-0.15554413199424744,-0.515614926815033,4
0.0,0.0,0.07345166802406311,-0.03689718246459961,0.1441103219985962,-0.09904897212982178,0.12927377223968506,-0.15446394681930542,0.07282119989395142,-0.18763816356658936,0.12055408954620361,-0.3198632001876831,0.15349656343460083,-0.4522896409034729,0.166215181350708,-0.5359073579311371,0.1725764274597168,-0.608308881521225,0.04803645610809326,-0.34745460748672485,0.05383956432342529,-0.5067923665046692,0.05359154939651489,-0.609931081533432,0.050144851207733154,-0.6947213113307953,-0.016771942377090454,-0.33043283224105835,-0.0330997109413147,-0.4799216389656067,-0.045544058084487915,-0.578842431306839,-0.05391743779182434,-0.6678666174411774,-0.07884246110916138,-0.2760854959487915,-0.11589449644088745,-0.38081860542297363,-0.14170315861701965,-0.4506034553050995,-0.15902197360992432,-0.5221643447875977,4
0.0,0.0,0.0956592857837677,-0.046611666679382324,0.17709800601005554,-0.13561689853668213,0.24245613813400269,-0.1970430612564087,0.30281704664230347,-0.21901601552963257,0.11187994480133057,-0.32563939690589905,0.14458313584327698,-0.44409748911857605,0.15695732831954956,-0.5181143581867218,0.16255781054496765,-0.5796332061290741,0.04241478443145752,-0.34697988629341125,0.0476166307926178,-0.49459362030029297,0.04866471886634827,-0.5860897600650787,0.04491552710533142,-0.6572340130805969,-0.02095043659210205,-0.33092787861824036,-0.0340999960899353,-0.462352991104126,-0.04284185171127319,-0.5422277450561523,-0.049442291259765625,-0.61082524061203,-0.07920897006988525,-0.28363150358200073,-0.11667542159557343,-0.36625850200653076,-0.13926459848880768,-0.4226970076560974,-0.1549784243106842,-0.4788033068180084,5
0.0,0.0,0.09211266040802002,-0.04714524745941162,0.17242035269737244,-0.13999605178833008,0.24065688252449036,-0.20386004447937012,0.302164763212204,-0.2239258885383606,0.10543826222419739,-0.33125001192092896,0.1373865008354187,-0.4472918212413788,0.14937075972557068,-0.5199261903762817,0.15371987223625183,-0.5805982947349548,0.03762239217758179,-0.3520759642124176,0.04160115122795105,-0.4978921413421631,0.039902180433273315,-0.5863105952739716,0.032907575368881226,-0.6538737416267395,-0.024646848440170288,-0.3352969288825989,-0.038520753383636475,-0.4665182828903198,-0.049262017011642456,-0.5451765060424805,-0.057944804430007935,-0.6117889583110809,-0.08295826613903046,-0.2858958840370178,-0.12253151834011078,-0.3694629967212677,-0.14707356691360474,-0.4255679249763489,-0.16470469534397125,-0.48047447204589844,5
0.0,0.0,0.09242784976959229,-0.0468822717666626,0.17076417803764343,-0.1372172236442566,0.23690330982208252,-0.20453661680221558,0.2988269329071045,-0.22790628671646118,0.10699516534805298,-0.32948625087738037,0.13763505220413208,-0.44633615016937256,0.14887452125549316,-0.5202252864837646,0.1535046100616455,-0.580453097820282,0.038328349590301514,-0.3506729006767273,0.041264116764068604,-0.4958265423774719,0.04099041223526001,-0.5847481191158295,0.03639107942581177,-0.6545895338058472,-0.024158090353012085,-0.33460724353790283,-0.039482563734054565,-0.4644626975059509,-0.04860129952430725,-0.5431918799877167,-0.05543482303619385,-0.6102850139141083,-0.08143602311611176,-0.2866799831390381,-0.1203969419002533,-0.36920109391212463,-0.1429995596408844,-0.42546361684799194,-0.15876713395118713,-0.480269193649292,5
0.0,0.0,0.09219729900360107,-0.046254515647888184,0.171284019947052,-0.13614273071289062,0.23890310525894165,-0.20010310411453247,0.3005918264389038,-0.21891802549362183,0.1062059998512268,-0.3255031108856201,0.13823038339614868,-0.44060322642326355,0.15030121803283691,-0.5125554203987122,0.15519696474075317,-0.5711416900157928,0.038035064935684204,-0.3461265563964844,0.04232233762741089,-0.488605260848999,0.04305991530418396,-0.5753106772899628,0.039186060428619385,-0.642228752374649,-0.02392345666885376,-0.3303636908531189,-0.03841087222099304,-0.45623016357421875,-0.04642033576965332,-0.5322693288326263,-0.05195820331573486,-0.5969809591770172,-0.08098140358924866,-0.28357791900634766,-0.11874844133853912,-0.363526314496994,-0.14030081033706665,-0.41778475046157837,-0.1547277420759201,-0.47070804238319397,5
0.0,0.0,0.09386420249938965,-0.04283905029296875,0.17341101169586182,-0.13320106267929077,0.2424987554550171,-0.19983810186386108,0.30618661642074585,-0.2203957438468933,0.11132830381393433,-0.32794278860092163,0.14361298084259033,-0.44060713052749634,0.15602439641952515,-0.5122404992580414,0.16111379861831665,-0.5684683620929718,0.04359543323516846,-0.3493044376373291,0.048215776681900024,-0.4890243709087372,0.04823651909828186,-0.5730548799037933,0.043253034353256226,-0.6377134025096893,-0.01811283826828003,-0.33405613899230957,-0.031373560428619385,-0.45930689573287964,-0.03986373543739319,-0.5328043103218079,-0.046887487173080444,-0.5956374704837799,-0.07539090514183044,-0.2880406379699707,-0.11146990954875946,-0.3660862445831299,-0.13286447525024414,-0.4191109836101532,-0.14804241061210632,-0.47109103202819824,5
0.0,0.0,0.09154656529426575,-0.044317543506622314,0.16780996322631836,-0.1337255835533142,0.23678803443908691,-0.19801700115203857,0.29898136854171753,-0.21656018495559692,0.10403171181678772,-0.32395726442337036,0.13705235719680786,-0.43325114250183105,0.14973235130310059,-0.5033968091011047,0.15411800146102905,-0.557640790939331,0.03631308674812317,-0.3443646728992462,0.04155135154724121,-0.4849352240562439,0.04156702756881714,-0.5674227178096771,0.03674057126045227,-0.6305031478404999,-0.02361699938774109,-0.32936516404151917,-0.03710070252418518,-0.45062047243118286,-0.045447736978530884,-0.5230936706066132,-0.052523136138916016,-0.5851513147354126,-0.07908196747303009,-0.28302353620529175,-0.1135491281747818,-0.3575451970100403,-0.13587452471256256,-0.4087206721305847,-0.15224052965641022,-0.4588378667831421,5
0.0,0.0,0.08617672324180603,-0.04039919376373291,0.16258230805397034,-0.12280988693237305,0.22945132851600647,-0.18281733989715576,0.2892886698246002,-0.19767701625823975,0.10117769241333008,-0.30746638774871826,0.13318607211112976,-0.4135054349899292,0.1455661952495575,-0.4807162582874298,0.15128964185714722,-0.5342306196689606,0.03591969609260559,-0.32833561301231384,0.04005551338195801,-0.45934632420539856,0.03942441940307617,-0.5373027324676514,0.03507772088050842,-0.595874160528183,-0.022781819105148315,-0.31364864110946655,-0.035543859004974365,-0.4309222400188446,-0.044051408767700195,-0.4986768066883087,-0.050266921520233154,-0.5554223656654358,-0.07623478770256042,-0.2693398594856262,-0.11077487468719482,-0.34062767028808594,-0.13146135210990906,-0.3891630470752716,-0.14597450196743011,-0.4366070032119751,5
0.0,0.0,0.07998400926589966,-0.04177612066268921,0.1509574055671692,-0.12046229839324951,0.21460983157157898,-0.17710989713668823,0.2720431983470917,-0.19187402725219727,0.09215158224105835,-0.29590779542922974,0.12354642152786255,-0.39665311574935913,0.13622185587882996,-0.45956626534461975,0.14201247692108154,-0.5099475383758545,0.029939711093902588,-0.31484556198120117,0.03334134817123413,-0.43767422437667847,0.03179973363876343,-0.5095603466033936,0.025999724864959717,-0.5642360746860504,-0.025584161281585693,-0.30058327317237854,-0.03918251395225525,-0.4085119366645813,-0.047550708055496216,-0.4714164733886719,-0.054231464862823486,-0.5253019332885742,-0.07637618482112885,-0.2583686113357544,-0.11005224287509918,-0.3240993320941925,-0.1305234134197235,-0.36904215812683105,-0.14509476721286774,-0.4130585491657257,5
0.0,0.0,0.07593685388565063,-0.040891945362091064,0.14313557744026184,-0.11663275957107544,0.20424765348434448,-0.17041021585464478,0.2603606581687927,-0.18761307001113892,0.08785271644592285,-0.281937837600708,0.11685913801193237,-0.3784075081348419,0.12839394807815552,-0.43921083211898804,0.13367170095443726,-0.4899202585220337,0.02895095944404602,-0.3002791106700897,0.03113657236099243,-0.4189809560775757,0.029216408729553223,-0.49016807973384857,0.023747146129608154,-0.5463070273399353,-0.02450495958328247,-0.2863517999649048,-0.037771522998809814,-0.3903685212135315,-0.04715290665626526,-0.4523906111717224,-0.05436614155769348,-0.5067304968833923,-0.07301470637321472,-0.24505671858787537,-0.10701295733451843,-0.31087762117385864,-0.1283317357301712,-0.3545846939086914,-0.14449891448020935,-0.3980328440666199,5
0.0,0.0,0.07490697503089905,-0.039402008056640625,0.138656884431839,-0.11050128936767578,0.19459062814712524,-0.16026872396469116,0.24662399291992188,-0.17599910497665405,0.08434590697288513,-0.2675674557685852,0.1112896203994751,-0.35833269357681274,0.12279295921325684,-0.4158487319946289,0.12877506017684937,-0.4640929698944092,0.02860027551651001,-0.284466415643692,0.03002139925956726,-0.3975280523300171,0.02764791250228882,-0.4647347331047058,0.022029131650924683,-0.5171520113945007,-0.021947920322418213,-0.2700972855091095,-0.035424768924713135,-0.37116581201553345,-0.04522383213043213,-0.43103229999542236,-0.05285239219665527,-0.48299258947372437,-0.06766143441200256,-0.22941815853118896,-0.10214021801948547,-0.2931740880012512,-0.12385378777980804,-0.33663755655288696,-0.1404164731502533,-0.38032081723213196,5
0.0,0.0,0.07220938801765442,-0.03754621744155884,0.13771823048591614,-0.10268133878707886,0.1931784451007843,-0.14919441938400269,0.24363067746162415,-0.16628789901733398,0.0868583619594574,-0.2585524916648865,0.11426931619644165,-0.34724071621894836,0.1251358687877655,-0.40311378240585327,0.13035112619400024,-0.45068997144699097,0.03196921944618225,-0.2765166163444519,0.034943968057632446,-0.3854447305202484,0.03275632858276367,-0.450661838054657,0.026574641466140747,-0.5021513998508453,-0.018499791622161865,-0.26387274265289307,-0.03114303946495056,-0.3615584969520569,-0.04043769836425781,-0.41947630047798157,-0.04752880334854126,-0.4699912667274475,-0.06464970111846924,-0.22520875930786133,-0.09817889332771301,-0.2869066894054413,-0.11852259933948517,-0.32918545603752136,-0.13368549942970276,-0.3713134527206421,5
0.0,0.0,0.07513591647148132,-0.03991752862930298,0.14164257049560547,-0.1126255989074707,0.20162969827651978,-0.16111057996749878,0.254321813583374,-0.17516392469406128,0.08607834577560425,-0.26906901597976685,0.1149512231349945,-0.3640410304069519,0.1259879171848297,-0.4247835874557495,0.1305750608444214,-0.47496697306632996,0.02941882610321045,-0.28625133633613586,0.03092023730278015,-0.40285295248031616,0.027618736028671265,-0.47349709272384644,0.02003943920135498,-0.5273433327674866,-0.022289693355560303,-0.2719893753528595,-0.03597483038902283,-0.37591803073883057,-0.04609009623527527,-0.4388713836669922,-0.0544377863407135,-0.4915817677974701,-0.06968948245048523,-0.23179352283477783,-0.1045205146074295,-0.2969048023223877,-0.12536579370498657,-0.34159934520721436,-0.14071372151374817,-0.3849419951438904,5
0.0,0.0,0.0768105685710907,-0.045251667499542236,0.14848262071609497,-0.11990147829055786,0.21178513765335083,-0.17455273866653442,0.26990604400634766,-0.19658726453781128,0.08754736185073853,-0.2844492793083191,0.11878269910812378,-0.3857273757457733,0.13156658411026,-0.44970768690109253,0.1378595232963562,-0.5037924349308014,0.028363943099975586,-0.3011023998260498,0.03041696548461914,-0.4260407090187073,0.028877168893814087,-0.4997114837169647,0.023764699697494507,-0.5567596852779388,-0.02508491277694702,-0.28487643599510193,-0.03849032521247864,-0.39577043056488037,-0.048067063093185425,-0.4621540904045105,-0.05491623282432556,-0.5197917520999908,-0.07418559491634369,-0.24154460430145264,-0.109501913189888,-0.3120368421077728,-0.13120563328266144,-0.35898199677467346,-0.1473468691110611,-0.4056857228279114,5
0.0,0.0,0.07988789677619934,-0.04451000690460205,0.15486294031143188,-0.12267827987670898,0.2226698100566864,-0.18026220798492432,0.28572937846183777,-0.1995762586593628,0.09144535660743713,-0.29510611295700073,0.12705707550048828,-0.40527546405792236,0.14146709442138672,-0.47495099902153015,0.14893606305122375,-0.5323679447174072,0.027963072061538696,-0.3131881356239319,0.031778544187545776,-0.44655656814575195,0.03109881281852722,-0.528173953294754,0.02655699849128723,-0.590530663728714,-0.029049783945083618,-0.2968572676181793,-0.04143020510673523,-0.41439664363861084,-0.04997166991233826,-0.48776981234550476,-0.05614191293716431,-0.5501041412353516,-0.08070647716522217,-0.25227516889572144,-0.11511437594890594,-0.32658785581588745,-0.13607420027256012,-0.3775675892829895,-0.1512383669614792,-0.427892804145813,5
0.0,0.0,0.08270090818405151,-0.04738891124725342,0.16004595160484314,-0.12950384616851807,0.23094868659973145,-0.18887031078338623,0.296735942363739,-0.21163684129714966,0.09194448590278625,-0.30997586250305176,0.12832757830619812,-0.423981249332428,0.14245229959487915,-0.4972742199897766,0.14918220043182373,-0.5576097667217255,0.026620477437973022,-0.32818904519081116,0.029886960983276367,-0.4678025543689728,0.028761059045791626,-0.552512913942337,0.024125337600708008,-0.6174120306968689,-0.031737178564071655,-0.3100365102291107,-0.044814497232437134,-0.4340241551399231,-0.054053664207458496,-0.5091099143028259,-0.060690343379974365,-0.5725279748439789,-0.08382989466190338,-0.26198625564575195,-0.11992667615413666,-0.33995431661605835,-0.14209479093551636,-0.3929997682571411,-0.15854719281196594,-0.44470247626304626,5
0.0,0.0,0.08307617902755737,-0.04976487159729004,0.16088223457336426,-0.13435709476470947,0.23453766107559204,-0.19463211297988892,0.30256301164627075,-0.21663528680801392,0.09201166033744812,-0.3158838152885437,0.12939628958702087,-0.4329456686973572,0.14422014355659485,-0.5077095627784729,0.15202274918556213,-0.5690606534481049,0.025426089763641357,-0.3338560163974762,0.028055906295776367,-0.47809940576553345,0.02678203582763672,-0.5652553737163544,0.022579073905944824,-0.6321381330490112,-0.0337350070476532,-0.3145110011100769,-0.048320770263671875,-0.4417179226875305,-0.057692110538482666,-0.5187809467315674,-0.0636170506477356,-0.5843070447444916,-0.0866246223449707,-0.264603853225708,-0.1239890307188034,-0.34415024518966675,-0.14680881798267365,-0.3992805778980255,-0.16354434192180634,-0.45334410667419434,5
0.0,0.0,0.08402836322784424,-0.0503770112991333,0.1609293520450592,-0.1380416750907898,0.23401156067848206,-0.20056045055389404,0.30398616194725037,-0.22383862733840942,0.091337651014328,-0.3226090967655182,0.12849166989326477,-0.4418976306915283,0.14304545521736145,-0.518010139465332,0.1502738893032074,-0.580761045217514,0.02355945110321045,-0.3404364585876465,0.025860637426376343,-0.4868403673171997,0.024101465940475464,-0.5757898688316345,0.019106537103652954,-0.6441348493099213,-0.03692978620529175,-0.32033535838127136,-0.05146250128746033,-0.44890832901000977,-0.061082735657691956,-0.5274061262607574,-0.06733796000480652,-0.5950550436973572,-0.09108352661132812,-0.26946866512298584,-0.12877298891544342,-0.3492755591869354,-0.15136530995368958,-0.4042064845561981,-0.16766071319580078,-0.458823561668396,5
0.0,0.0,0.08466207981109619,-0.05008339881896973,0.16116666793823242,-0.13297462463378906,0.23416894674301147,-0.19395756721496582,0.3033638596534729,-0.217884361743927,0.09209403395652771,-0.3192228674888611,0.12842321395874023,-0.4377870559692383,0.14256444573402405,-0.5131446719169617,0.14951187372207642,-0.5753644406795502,0.02470192313194275,-0.337257444858551,0.026853322982788086,-0.4822797477245331,0.024789512157440186,-0.5701497495174408,0.01979672908782959,-0.6374857425689697,-0.03551766276359558,-0.3173653781414032,-0.049794912338256836,-0.4449608325958252,-0.05970264971256256,-0.5233550667762756,-0.06590734422206879,-0.5901988744735718,-0.0893726795911789,-0.26663511991500854,-0.12726394832134247,-0.34589970111846924,-0.1498548835515976,-0.40067580342292786,-0.16599643230438232,-0.45463821291923523,5
0.0,0.0,0.08079791069030762,-0.04633474349975586,0.15540152788162231,-0.12103569507598877,0.22182703018188477,-0.1773240566253662,0.28552985191345215,-0.19732564687728882,0.09060636162757874,-0.2994368374347687,0.1258498728275299,-0.4081592857837677,0.1398133635520935,-0.4770110845565796,0.14727360010147095,-0.5349086821079254,0.028640270233154297,-0.31860023736953735,0.03078600764274597,-0.45296239852905273,0.02811315655708313,-0.5332984328269958,0.022819995880126953,-0.5952595770359039,-0.027788549661636353,-0.30158376693725586,-0.04275244474411011,-0.4216991364955902,-0.05383840203285217,-0.4938148260116577,-0.06085658073425293,-0.5554664433002472,-0.0792434811592102,-0.25464731454849243,-0.11714141070842743,-0.32847028970718384,-0.14066064357757568,-0.3790775537490845,-0.1581321358680725,-0.4291367530822754,5
0.0,0.0,0.07725894451141357,-0.04273325204849243,0.1477169692516327,-0.11210238933563232,0.2085563838481903,-0.1646484136581421,0.2690424621105194,-0.18374502658843994,0.09252014756202698,-0.28496110439300537,0.12454625964164734,-0.3848673105239868,0.13686946034431458,-0.4479369819164276,0.143220454454422,-0.49992746114730835,0.03329735994338989,-0.3041342794895172,0.03594139218330383,-0.4297446012496948,0.03368818759918213,-0.5038685500621796,0.028790801763534546,-0.5613962709903717,-0.02079641819000244,-0.2887672185897827,-0.03378969430923462,-0.40081262588500977,-0.04347231984138489,-0.4682593047618866,-0.049120813608169556,-0.5271285474300385,-0.07043978571891785,-0.24458682537078857,-0.10677319765090942,-0.3146440088748932,-0.12874698638916016,-0.3628663122653961,-0.144751638174057,-0.41133198142051697,5
0.0,0.0,0.06930875778198242,-0.03155529499053955,0.12749257683753967,-0.08689767122268677,0.1741744577884674,-0.13137871026992798,0.22019240260124207,-0.15434950590133667,0.10078641772270203,-0.23896867036819458,0.12208274006843567,-0.32998988032341003,0.1294783651828766,-0.3886377811431885,0.1310487985610962,-0.4383498728275299,0.0553649365901947,-0.2599647045135498,0.05782902240753174,-0.3823120892047882,0.053602635860443115,-0.45634931325912476,0.04361811280250549,-0.5159064829349518,0.01094067096710205,-0.24943649768829346,-0.002814263105392456,-0.3641057014465332,-0.01774469017982483,-0.4372001886367798,-0.03142079710960388,-0.49991732835769653,-0.03247752785682678,-0.21390527486801147,-0.07421734929084778,-0.29444223642349243,-0.1015242338180542,-0.34627529978752136,-0.12354724109172821,-0.3958227336406708,5
0.0,0.0,0.05179488658905029,-0.029319167137145996,0.08917847275733948,-0.09438830614089966,0.11391511559486389,-0.14867174625396729,0.1330227255821228,-0.18753814697265625,0.10381191968917847,-0.2358737587928772,0.11228311061859131,-0.3309236764907837,0.11392739415168762,-0.3812852203845978,0.111946702003479,-0.42405426502227783,0.08789220452308655,-0.250670850276947,0.08819353580474854,-0.3736312985420227,0.08516234159469604,-0.4519360661506653,0.07358407974243164,-0.5132621228694916,0.06546938419342041,-0.24126994609832764,0.05226096510887146,-0.364147424697876,0.0381811261177063,-0.4366796016693115,0.022117018699645996,-0.4959472119808197,0.03851553797721863,-0.21131139993667603,-0.0019894540309906006,-0.2955004572868347,-0.02704712748527527,-0.3489854633808136,-0.049814313650131226,-0.39424288272857666,5
0.0,0.0,0.0488860160112381,-0.08320415019989014,0.0889223963022232,-0.14961612224578857,0.11183489859104156,-0.1968834400177002,0.12582100927829742,-0.24334007501602173,0.08935992419719696,-0.20884162187576294,0.10230089724063873,-0.30278170108795166,0.09977619349956512,-0.37015795707702637,0.0917230099439621,-0.43198835849761963,0.09973503649234772,-0.2161582112312317,0.12369443476200104,-0.3342362344264984,0.12581221759319305,-0.41811317205429077,0.11856304109096527,-0.4872102737426758,0.10489381849765778,-0.2068859338760376,0.13224266469478607,-0.32830727100372314,0.13284821808338165,-0.41232264041900635,0.1257179230451584,-0.48295047879219055,0.1092655211687088,-0.18423432111740112,0.11549387872219086,-0.27022242546081543,0.1136283427476883,-0.3341251611709595,0.10768674314022064,-0.3901519775390625,5
0.0,0.0,-0.01941242814064026,-0.07296246290206909,-0.0119820237159729,-0.14728468656539917,-0.022417306900024414,-0.20072180032730103,-0.048437267541885376,-0.22388547658920288,0.055193156003952026,-0.2350550889968872,0.054957956075668335,-0.3360661566257477,0.050306349992752075,-0.4052470922470093,0.042691200971603394,-0.45593389868736267,0.09182414412498474,-0.24305802583694458,0.12325465679168701,-0.36486345529556274,0.13578712940216064,-0.45056959986686707,0.13952022790908813,-0.517169862985611,0.12524184584617615,-0.2274322509765625,0.16457468271255493,-0.3399132788181305,0.1799657940864563,-0.41706380248069763,0.18588867783546448,-0.4816177189350128,0.15375319123268127,-0.19434607028961182,0.1918327510356903,-0.2605091631412506,0.21162036061286926,-0.3128386437892914,0.2208048403263092,-0.3568653464317322,5
0.0,0.0,-0.05842767655849457,-0.08819270133972168,-0.0878867506980896,-0.18503016233444214,-0.11194871366024017,-0.25801366567611694,-0.1481049656867981,-0.2913720905780792,0.008194804191589355,-0.2686024308204651,-0.0033186376094818115,-0.39473992586135864,-0.00805237889289856,-0.4736115336418152,-0.01031482219696045,-0.5350892841815948,0.06150779128074646,-0.26280099153518677,0.08830076456069946,-0.40183472633361816,0.10369125008583069,-0.492451548576355,0.11659148335456848,-0.5605591237545013,0.10408982634544373,-0.2328471541404724,0.14124363660812378,-0.35548633337020874,0.16372984647750854,-0.4356394112110138,0.17964604496955872,-0.4983229637145996,0.137761652469635,-0.18758004903793335,0.18687021732330322,-0.2672300338745117,0.21803796291351318,-0.31852293014526367,0.24249979853630066,-0.3640718460083008,5
0.0,0.0,-0.06350259482860565,-0.09561693668365479,-0.106646329164505,-0.20638436079025269,-0.1427825391292572,-0.295163631439209,-0.18511901795864105,-0.3367595672607422,-0.008611232042312622,-0.29560232162475586,-0.025274381041526794,-0.4409039318561554,-0.031175047159194946,-0.5295760631561279,-0.031954437494277954,-0.5993071496486664,0.05029997229576111,-0.29330191016197205,0.07613742351531982,-0.4477757215499878,0.09270572662353516,-0.5454002320766449,0.10759475827217102,-0.6180755198001862,0.0977182388305664,-0.26279371976852417,0.1352195143699646,-0.39668136835098267,0.1626446545124054,-0.4810047745704651,0.18355703353881836,-0.5471017360687256,0.13359570503234863,-0.21537601947784424,0.1850338876247406,-0.3005354404449463,0.2186621129512787,-0.35217180848121643,0.24727407097816467,-0.396841824054718,5
0.0,0.0,-0.06754571199417114,-0.09801024198532104,-0.11560793220996857,-0.21565216779708862,-0.1560409516096115,-0.30692753195762634,-0.20225195586681366,-0.34750106930732727,-0.013602793216705322,-0.3137234151363373,-0.03403981029987335,-0.4662569761276245,-0.04238566756248474,-0.5597001612186432,-0.04485553503036499,-0.6329167783260345,0.04691284894943237,-0.31320658326148987,0.07209378480911255,-0.4748130142688751,0.08944162726402283,-0.5770758986473083,0.10572642087936401,-0.6531813740730286,0.09585535526275635,-0.2829091548919678,0.13174834847450256,-0.42195141315460205,0.16032066941261292,-0.5109373927116394,0.18269839882850647,-0.5799933075904846,0.13341781497001648,-0.2340768575668335,0.18577048182487488,-0.3193073272705078,0.22067198157310486,-0.371523916721344,0.25070902705192566,-0.41567885875701904,5
0.0,0.0,-0.0672985315322876,-0.10385000705718994,-0.11726635694503784,-0.22301244735717773,-0.1606343537569046,-0.31648728251457214,-0.20811288058757782,-0.3624701201915741,-0.014438450336456299,-0.3235079348087311,-0.037319913506507874,-0.4751380980014801,-0.04775092005729675,-0.5680962800979614,-0.05253112316131592,-0.6438829898834229,0.04827779531478882,-0.32534343004226685,0.07347410917282104,-0.49058401584625244,0.09030300378799438,-0.5952871143817902,0.10505378246307373,-0.6754433810710907,0.09855937957763672,-0.294344425201416,0.13544219732284546,-0.436065137386322,0.16218030452728271,-0.5269727110862732,0.1813366711139679,-0.5991139709949493,0.13725197315216064,-0.2438133955001831,0.1916487216949463,-0.33300018310546875,0.22774922847747803,-0.38673561811447144,0.25765615701675415,-0.4338552951812744,5
0.0,0.0,-0.06861796975135803,-0.10726827383041382,-0.12109754979610443,-0.23453545570373535,-0.16553036868572235,-0.33051154017448425,-0.21403449773788452,-0.37629497051239014,-0.017334848642349243,-0.33924639225006104,-0.04174046218395233,-0.4952011704444885,-0.05301743745803833,-0.5910481810569763,-0.05825623869895935,-0.6683458685874939,0.04665842652320862,-0.3423530161380768,0.07021388411521912,-0.5078509747982025,0.08698853850364685,-0.6137288510799408,0.10216087102890015,-0.6939026117324829,0.09833449125289917,-0.31236177682876587,0.13366016745567322,-0.4547036588191986,0.16034021973609924,-0.5442922711372375,0.18035194277763367,-0.6147214770317078,0.13791051506996155,-0.26193100214004517,0.18995055556297302,-0.34724023938179016,0.22502586245536804,-0.4010723829269409,0.2550886571407318,-0.4467763900756836,5
0.0,0.0,-0.0699770599603653,-0.1087111234664917,-0.12247635424137115,-0.23477447032928467,-0.16723713278770447,-0.3320286273956299,-0.21574383974075317,-0.3802194595336914,-0.017342180013656616,-0.33585116267204285,-0.042570993304252625,-0.4952462911605835,-0.05416354537010193,-0.5934698283672333,-0.05951438844203949,-0.6717906296253204,0.04674831032752991,-0.33952054381370544,0.06969314813613892,-0.5107274651527405,0.08663570880889893,-0.6197234690189362,0.10286277532577515,-0.7009956538677216,0.09852230548858643,-0.31000661849975586,0.1337808072566986,-0.4567583203315735,0.16179606318473816,-0.5505383610725403,0.18376100063323975,-0.6240911185741425,0.13772046566009521,-0.2603801488876343,0.19193732738494873,-0.3481006324291229,0.22906821966171265,-0.4032573997974396,0.2611066699028015,-0.4513089656829834,5
0.0,0.0,-0.06748324632644653,-0.09845829010009766,-0.11532321572303772,-0.21204328536987305,-0.15566295385360718,-0.3031361401081085,-0.20185519754886627,-0.34760192036628723,-0.015626341104507446,-0.30709928274154663,-0.03941228985786438,-0.45832332968711853,-0.04746845364570618,-0.549006313085556,-0.046659618616104126,-0.6212948858737946,0.04667702317237854,-0.30712413787841797,0.07173958420753479,-0.4659883379936218,0.08871597051620483,-0.5667526125907898,0.10727041959762573,-0.6435929238796234,0.09617158770561218,-0.28150445222854614,0.13606837391853333,-0.4155915379524231,0.16217461228370667,-0.4974793493747711,0.18346050381660461,-0.5619160234928131,0.13457736372947693,-0.23847854137420654,0.1909259855747223,-0.3122919499874115,0.22776558995246887,-0.35891351103782654,0.258820503950119,-0.4006955325603485,5
0.0,0.0,-0.06273588538169861,-0.095162034034729,-0.1064150333404541,-0.20550137758255005,-0.14168457686901093,-0.2948867678642273,-0.18257614970207214,-0.34325069189071655,-0.006883770227432251,-0.29580727219581604,-0.026471436023712158,-0.4386788606643677,-0.034077852964401245,-0.5286004841327667,-0.03491264581680298,-0.601370245218277,0.05190044641494751,-0.29436981678009033,0.07689565420150757,-0.44703149795532227,0.09506282210350037,-0.5463263392448425,0.1127251386642456,-0.621637225151062,0.09836539626121521,-0.2642573118209839,0.1372847855091095,-0.3946295976638794,0.16435518860816956,-0.4789888858795166,0.18450871109962463,-0.5477398335933685,0.13405108451843262,-0.21619832515716553,0.19154426455497742,-0.2963905930519104,0.2273569405078888,-0.34781911969184875,0.2563904821872711,-0.3948698341846466,5
0.0,0.0,-0.06308567523956299,-0.08550477027893066,-0.10455401241779327,-0.18427956104278564,-0.1354019045829773,-0.262890100479126,-0.1722440868616104,-0.30039289593696594,-0.011255711317062378,-0.27845022082328796,-0.02729126811027527,-0.40352287888526917,-0.03382590413093567,-0.48281973600387573,-0.035618335008621216,-0.5462549328804016,0.04469451308250427,-0.27487713098526,0.06907787919044495,-0.41087180376052856,0.08488413691520691,-0.4991375505924225,0.09934711456298828,-0.5683722794055939,0.08993852138519287,-0.24598687887191772,0.124686598777771,-0.36643296480178833,0.149897962808609,-0.4441501498222351,0.16884049773216248,-0.5076395571231842,0.12599870562553406,-0.20105957984924316,0.17654594779014587,-0.27512165904045105,0.2094675600528717,-0.3225760757923126,0.23613134026527405,-0.3653416633605957,5
0.0,0.0,-0.058875590562820435,-0.08108514547348022,-0.09790453314781189,-0.17361384630203247,-0.1287209391593933,-0.24850013852119446,-0.16683219373226166,-0.284400075674057,-0.008664906024932861,-0.26413267850875854,-0.027618616819381714,-0.3840174078941345,-0.0357150137424469,-0.45776963233947754,-0.03894388675689697,-0.518127977848053,0.043594151735305786,-0.2613210678100586,0.06356236338615417,-0.39313310384750366,0.07658380270004272,-0.47917640209198,0.08909827470779419,-0.5463915765285492,0.08526104688644409,-0.23217618465423584,0.11797019839286804,-0.34790322184562683,0.14122885465621948,-0.42321187257766724,0.15873295068740845,-0.48486092686653137,0.11863070726394653,-0.18730831146240234,0.1672837734222412,-0.26008284091949463,0.19728869199752808,-0.3073093295097351,0.221369206905365,-0.35123658180236816,5
0.0,0.0,-0.0586162805557251,-0.07523959875106812,-0.098305344581604,-0.16244220733642578,-0.13108304142951965,-0.2335532307624817,-0.1676541268825531,-0.2698822021484375,-0.013304144144058228,-0.25213029980659485,-0.031564146280288696,-0.36761704087257385,-0.04096081852912903,-0.4390098452568054,-0.0452500581741333,-0.4964870512485504,0.037145137786865234,-0.2532952129840851,0.054448068141937256,-0.3796130418777466,0.06679528951644897,-0.46253901720046997,0.07860636711120605,-0.5269743502140045,0.07824766635894775,-0.2288578748703003,0.11002430319786072,-0.3389701545238495,0.13309800624847412,-0.4107264578342438,0.15069109201431274,-0.4704165458679199,0.11149400472640991,-0.18859964609146118,0.15796518325805664,-0.25714221596717834,0.1870872974395752,-0.30118751525878906,0.21099507808685303,-0.3418486714363098,5
0.0,0.0,-0.059033364057540894,-0.07300996780395508,-0.0979745090007782,-0.1578642725944519,-0.12993766367435455,-0.22691631317138672,-0.1670794039964676,-0.2622121572494507,-0.01348114013671875,-0.24885571002960205,-0.03255587816238403,-0.36152374744415283,-0.042122989892959595,-0.43085774779319763,-0.04683360457420349,-0.48744046688079834,0.03676965832710266,-0.24792596697807312,0.05263411998748779,-0.37218326330184937,0.06348314881324768,-0.4537779986858368,0.07353469729423523,-0.5177512466907501,0.07726669311523438,-0.22147643566131592,0.10779118537902832,-0.3305422067642212,0.1301545798778534,-0.4016100764274597,0.14642548561096191,-0.4610006809234619,0.10984843969345093,-0.17965030670166016,0.15574854612350464,-0.24917015433311462,0.18374007940292358,-0.2940441966056824,0.2056204080581665,-0.33588501811027527,5
0.0,0.0,-0.05872192978858948,-0.07166093587875366,-0.09669876098632812,-0.15428310632705688,-0.1282336562871933,-0.223388671875,-0.16521434485912323,-0.258537232875824,-0.015008091926574707,-0.2512289881706238,-0.034745633602142334,-0.3602030277252197,-0.04413244128227234,-0.4262048602104187,-0.048703134059906006,-0.4807949662208557,0.036347270011901855,-0.24935051798820496,0.05279570817947388,-0.36843442916870117,0.06356936693191528,-0.44545862078666687,0.07328039407730103,-0.5065372586250305,0.07702702283859253,-0.22091829776763916,0.10816347599029541,-0.32569849491119385,0.13013502955436707,-0.3955737352371216,0.14613190293312073,-0.45362570881843567,0.10910308361053467,-0.17756396532058716,0.15351814031600952,-0.24584057927131653,0.18056631088256836,-0.2900533974170685,0.2018733024597168,-0.331144779920578,5
0.0,0.0,-0.05852189660072327,-0.0774802565574646,-0.09559178352355957,-0.16358816623687744,-0.1255183070898056,-0.23142486810684204,-0.15944898128509521,-0.2677325904369354,-0.012788265943527222,-0.25156015157699585,-0.030943721532821655,-0.3645550012588501,-0.039829134941101074,-0.4331728518009186,-0.044497162103652954,-0.48998087644577026,0.038325875997543335,-0.25073742866516113,0.054120272397994995,-0.3730802536010742,0.06470254063606262,-0.4524267911911011,0.0743575394153595,-0.5154565870761871,0.07925373315811157,-0.22331929206848145,0.1092962920665741,-0.3319326639175415,0.13214993476867676,-0.4024009704589844,0.14949890971183777,-0.46219402551651,0.11169341206550598,-0.17974114418029785,0.15594026446342468,-0.25135499238967896,0.18364235758781433,-0.2971072196960449,0.20583567023277283,-0.33948278427124023,5
0.0,0.0,-0.05709710717201233,-0.07815814018249512,-0.09273537993431091,-0.16653257608413696,-0.12311136722564697,-0.236200213432312,-0.1597341150045395,-0.2714744210243225,-0.007967203855514526,-0.2556224465370178,-0.027671009302139282,-0.3683243691921234,-0.0372469425201416,-0.43723195791244507,-0.04190686345100403,-0.4932473599910736,0.042664021253585815,-0.25449061393737793,0.05875682830810547,-0.3782528340816498,0.07028090953826904,-0.45944833755493164,0.08083277940750122,-0.5224673748016357,0.08407354354858398,-0.22749114036560059,0.11458250880241394,-0.3369004726409912,0.1385183334350586,-0.4078122675418854,0.1563948690891266,-0.46494168043136597,0.11789441108703613,-0.184858500957489,0.1638258397579193,-0.257149875164032,0.19315561652183533,-0.3023006319999695,0.2159135639667511,-0.34240299463272095,5
0.0,0.0,-0.058819204568862915,-0.0870160460472107,-0.09317705035209656,-0.18308544158935547,-0.12287911772727966,-0.2566083073616028,-0.15833842754364014,-0.29544901847839355,-0.006860941648483276,-0.2715076208114624,-0.023574531078338623,-0.3915822505950928,-0.03202280402183533,-0.46604278683662415,-0.03624299168586731,-0.5260526239871979,0.047899991273880005,-0.26855242252349854,0.06657150387763977,-0.3977469205856323,0.07873192429542542,-0.4828246235847473,0.08961370587348938,-0.5495673418045044,0.0928906798362732,-0.23989272117614746,0.12547755241394043,-0.3560207188129425,0.14970269799232483,-0.4291808605194092,0.1677704155445099,-0.48889732360839844,0.12895655632019043,-0.19485503435134888,0.17609897255897522,-0.2701724171638489,0.20682600140571594,-0.31747183203697205,0.2310948669910431,-0.35949283838272095,5
0.0,0.0,-0.06447461247444153,-0.08725279569625854,-0.09920632839202881,-0.18792980909347534,-0.1278795450925827,-0.2630574703216553,-0.1641317456960678,-0.30142369866371155,-0.00789991021156311,-0.2774490714073181,-0.02600198984146118,-0.3980967402458191,-0.03415319323539734,-0.47367241978645325,-0.0373835563659668,-0.5335245132446289,0.04882708191871643,-0.2725161612033844,0.066378653049469,-0.3996764123439789,0.07775762677192688,-0.48299384117126465,0.08893349766731262,-0.5481522977352142,0.09416583180427551,-0.2425658106803894,0.1260545253753662,-0.3563588261604309,0.14988350868225098,-0.42802244424819946,0.16813021898269653,-0.48605871200561523,0.12957251071929932,-0.19604748487472534,0.1750779151916504,-0.26607340574264526,0.20447450876235962,-0.31267890334129333,0.22726839780807495,-0.3540462851524353,5
0.0,0.0,-0.06077054142951965,-0.09388822317123413,-0.10109233856201172,-0.19602757692337036,-0.13554230332374573,-0.2705655097961426,-0.1722557097673416,-0.3134824335575104,-0.007874071598052979,-0.27395015954971313,-0.025985002517700195,-0.4001704454421997,-0.03291139006614685,-0.4772549867630005,-0.034075766801834106,-0.5388669073581696,0.04799389839172363,-0.26859521865844727,0.06863284111022949,-0.39972496032714844,0.08254113793373108,-0.4850970506668091,0.09631511569023132,-0.5508575141429901,0.09123995900154114,-0.23681706190109253,0.1266908347606659,-0.35311731696128845,0.15170183777809143,-0.4233185350894928,0.17199411988258362,-0.48119980096817017,0.1237591803073883,-0.18773216009140015,0.17332956194877625,-0.25172460079193115,0.20448818802833557,-0.2966521978378296,0.23012152314186096,-0.33837345242500305,5
0.0,0.0,-0.056444406509399414,-0.09157425165176392,-0.09309536218643188,-0.19492018222808838,-0.12413358688354492,-0.271537721157074,-0.1571468710899353,-0.3156749904155731,-0.002796471118927002,-0.28545087575912476,-0.01954442262649536,-0.40956568717956543,-0.0250701904296875,-0.4868551194667816,-0.025283634662628174,-0.548712968826294,0.05010220408439636,-0.2771368622779846,0.0730661153793335,-0.40452253818511963,0.08962154388427734,-0.4868675470352173,0.1040945053100586,-0.551324188709259,0.09158718585968018,-0.2422923445701599,0.12886828184127808,-0.35431331396102905,0.1566917896270752,-0.4233332872390747,0.1781235933303833,-0.4794119894504547,0.12329894304275513,-0.19118797779083252,0.1731257438659668,-0.2568053603172302,0.2047562599182129,-0.2995689809322357,0.230438232421875,-0.3371981978416443,5
0.0,0.0,-0.05739131569862366,-0.0929650068283081,-0.09358683228492737,-0.19188249111175537,-0.12391617894172668,-0.27316319942474365,-0.15603384375572205,-0.32446810603141785,-0.0010315179824829102,-0.26893651485443115,-0.014270395040512085,-0.4024668037891388,-0.016897618770599365,-0.48194363713264465,-0.013693690299987793,-0.5442203879356384,0.053224772214889526,-0.2597038745880127,0.07826265692710876,-0.3964986205101013,0.09719923138618469,-0.482970654964447,0.11465570330619812,-0.5477558672428131,0.09459248185157776,-0.22729623317718506,0.1331920325756073,-0.3427763879299164,0.16191932559013367,-0.4135884642601013,0.18411853909492493,-0.46877026557922363,0.12497743964195251,-0.18019592761993408,0.17743656039237976,-0.2438044548034668,0.21012821793556213,-0.28613364696502686,0.23691114783287048,-0.32337599992752075,5
0.0,0.0,-0.05565539002418518,-0.09160351753234863,-0.09103047847747803,-0.19430500268936157,-0.11962082982063293,-0.2775925397872925,-0.1516665518283844,-0.3313806653022766,0.003549903631210327,-0.2800305187702179,-0.005050867795944214,-0.40664732456207275,-0.005493372678756714,-0.4837961494922638,-0.0011375248432159424,-0.545775830745697,0.0579504668712616,-0.26921284198760986,0.08811178803443909,-0.39884352684020996,0.10944065451622009,-0.48097506165504456,0.12776288390159607,-0.5441521406173706,0.09975376725196838,-0.23202550411224365,0.1414351761341095,-0.34387892484664917,0.17145869135856628,-0.41221827268600464,0.19494089484214783,-0.46723926067352295,0.13062718510627747,-0.1800556182861328,0.18253359198570251,-0.24250012636184692,0.21580496430397034,-0.2829069495201111,0.2434726059436798,-0.318356990814209,5
0.0,0.0,-0.05129685997962952,-0.090634286403656,-0.0862894058227539,-0.19176942110061646,-0.11749765276908875,-0.26650089025497437,-0.1512467861175537,-0.30969077348709106,0.004599243402481079,-0.2840366065502167,-0.009276747703552246,-0.40427398681640625,-0.012736290693283081,-0.47857826948165894,-0.011187702417373657,-0.538312554359436,0.05852976441383362,-0.27626100182533264,0.08568650484085083,-0.40221598744392395,0.10396832227706909,-0.48262670636177063,0.11954033374786377,-0.5455532073974609,0.10092300176620483,-0.24142801761627197,0.14304065704345703,-0.3506791889667511,0.1712983250617981,-0.4173664152622223,0.19312727451324463,-0.4709573984146118,0.13280415534973145,-0.18853801488876343,0.1847347617149353,-0.25019341707229614,0.21711450815200806,-0.2916855216026306,0.24284875392913818,-0.328458696603775,5
0.0,0.0,-0.06407392024993896,-0.08859753608703613,-0.10087478160858154,-0.19079869985580444,-0.12886089086532593,-0.26465436816215515,-0.16499686241149902,-0.29932159185409546,0.0002308189868927002,-0.27705588936805725,-0.01680275797843933,-0.39843830466270447,-0.023449301719665527,-0.47563183307647705,-0.024179965257644653,-0.5363788902759552,0.0571555495262146,-0.2710644602775574,0.08058726787567139,-0.3998052775859833,0.09587022662162781,-0.485142320394516,0.11220073699951172,-0.5512887239456177,0.10163918137550354,-0.23938825726509094,0.13912969827651978,-0.3534271717071533,0.16388070583343506,-0.42553940415382385,0.18390244245529175,-0.48280972242355347,0.13580429553985596,-0.19086796045303345,0.18540728092193604,-0.2554125189781189,0.21659183502197266,-0.300169438123703,0.24169504642486572,-0.3405136466026306,5
0.0,0.0,-0.05819791555404663,-0.09633654356002808,-0.09518876671791077,-0.20372825860977173,-0.12486469745635986,-0.27846476435661316,-0.1597156971693039,-0.3131881654262543,-0.0002993345260620117,-0.29281190037727356,-0.016309410333633423,-0.4147615432739258,-0.024018853902816772,-0.4903976321220398,-0.028224468231201172,-0.5488313138484955,0.055468589067459106,-0.2889270484447479,0.07703778147697449,-0.42176541686058044,0.09112107753753662,-0.5065570622682571,0.1033637523651123,-0.5700389742851257,0.10137251019477844,-0.2572401463985443,0.13816490769386292,-0.37676841020584106,0.16244205832481384,-0.44927698373794556,0.18033912777900696,-0.5069391131401062,0.13812187314033508,-0.2057529091835022,0.18876847624778748,-0.27984675765037537,0.22014960646629333,-0.3294168710708618,0.24463674426078796,-0.37369853258132935,5
0.0,0.0,-0.057498395442962646,-0.09240412712097168,-0.09568050503730774,-0.19649392366409302,-0.13049083948135376,-0.2699756920337677,-0.16887864470481873,-0.3053736984729767,-0.004229873418807983,-0.2912512421607971,-0.02405223250389099,-0.4105122983455658,-0.033516883850097656,-0.48460251092910767,-0.03822028636932373,-0.5427679419517517,0.050743430852890015,-0.2905616760253906,0.06794807314872742,-0.4224938154220581,0.08105498552322388,-0.5063608586788177,0.09351956844329834,-0.5696393847465515,0.09627246856689453,-0.26108723878860474,0.13168254494667053,-0.37904825806617737,0.15472593903541565,-0.45065683126449585,0.17219588160514832,-0.5088531374931335,0.13282987475395203,-0.21111690998077393,0.18204990029335022,-0.28244519233703613,0.2134646475315094,-0.3301975429058075,0.23848941922187805,-0.37351083755493164,5
0.0,0.0,-0.06223338842391968,-0.08419573307037354,-0.10379642248153687,-0.17543554306030273,-0.1368008852005005,-0.2503491938114166,-0.1732599437236786,-0.28673601150512695,-0.00978785753250122,-0.27356699109077454,-0.03334927558898926,-0.39275261759757996,-0.0445806086063385,-0.4656338691711426,-0.05003899335861206,-0.5230656564235687,0.04568028450012207,-0.2732132077217102,0.0592159628868103,-0.4075198173522949,0.06997823715209961,-0.49392154812812805,0.08183562755584717,-0.5574238896369934,0.09093374013900757,-0.24559864401817322,0.1216340959072113,-0.36399370431900024,0.14319956302642822,-0.44138216972351074,0.15882325172424316,-0.4991082549095154,0.12805679440498352,-0.20129358768463135,0.1756603717803955,-0.2745746970176697,0.20509308576583862,-0.32395902276039124,0.2284308671951294,-0.36649930477142334,5
0.0,0.0,-0.05994799733161926,-0.08455920219421387,-0.10107564926147461,-0.17864453792572021,-0.13519124686717987,-0.2511100769042969,-0.17228859663009644,-0.286232590675354,-0.0107688307762146,-0.2704707086086273,-0.03349226713180542,-0.3882424831390381,-0.04456821084022522,-0.4621763229370117,-0.05033037066459656,-0.5204630792140961,0.04305672645568848,-0.27040383219718933,0.05796900391578674,-0.4019733667373657,0.06883758306503296,-0.48857173323631287,0.07932636141777039,-0.5542328357696533,0.08864688873291016,-0.24425473809242249,0.1203061044216156,-0.3633263111114502,0.14321324229240417,-0.43907004594802856,0.15995755791664124,-0.4988385736942291,0.1270269751548767,-0.20092415809631348,0.17558255791664124,-0.2775864005088806,0.20576682686805725,-0.32725754380226135,0.22929421067237854,-0.37083056569099426,5
0.0,0.0,-0.059968918561935425,-0.08146393299102783,-0.10180169343948364,-0.17376357316970825,-0.13578364253044128,-0.24516579508781433,-0.1740863174200058,-0.2796057462692261,-0.011203795671463013,-0.2687908113002777,-0.03401517868041992,-0.38564160466194153,-0.045674800872802734,-0.458079993724823,-0.05218514800071716,-0.5159737467765808,0.042489439249038696,-0.27060046792030334,0.05606308579444885,-0.40081942081451416,0.06634566187858582,-0.485406830906868,0.07602965831756592,-0.550506591796875,0.0874272882938385,-0.24470683932304382,0.11773902177810669,-0.3605004847049713,0.1392294466495514,-0.4339204430580139,0.15505686402320862,-0.4933815747499466,0.12474063038825989,-0.19983810186386108,0.17216834425926208,-0.27252858877182007,0.20188751816749573,-0.32184159755706787,0.2249845564365387,-0.366233229637146,5
0.0,0.0,-0.06170409917831421,-0.08049607276916504,-0.10214254260063171,-0.1701982021331787,-0.13512717187404633,-0.24281033873558044,-0.17257748544216156,-0.2778778076171875,-0.01108860969543457,-0.26409533619880676,-0.03468888998031616,-0.3810167610645294,-0.04621601104736328,-0.4532734751701355,-0.05231142044067383,-0.5107629597187042,0.0429060161113739,-0.2636762857437134,0.056745171546936035,-0.3951714336872101,0.06660062074661255,-0.4818240851163864,0.07671317458152771,-0.547535628080368,0.08775156736373901,-0.2368825376033783,0.11775130033493042,-0.35448479652404785,0.13901400566101074,-0.4307801425457001,0.15427106618881226,-0.48988328874111176,0.12528696656227112,-0.19379764795303345,0.17386335134506226,-0.2696637809276581,0.20311278104782104,-0.3191443681716919,0.22544974088668823,-0.36256304383277893,5
0.0,0.0,-0.06126511096954346,-0.08039867877960205,-0.101647287607193,-0.1697467565536499,-0.1347227543592453,-0.24154677987098694,-0.1734538972377777,-0.2786371111869812,-0.012408405542373657,-0.26431602239608765,-0.03545784950256348,-0.3809792995452881,-0.04770416021347046,-0.4535582661628723,-0.05471813678741455,-0.5129947364330292,0.041300565004348755,-0.26597875356674194,0.05477935075759888,-0.3967136740684509,0.0647614598274231,-0.4838249385356903,0.07453048229217529,-0.5519164800643921,0.0861540138721466,-0.2402043342590332,0.11584797501564026,-0.3565179109573364,0.13702628016471863,-0.4327023923397064,0.1523621678352356,-0.49400559067726135,0.12339001893997192,-0.19751954078674316,0.17210936546325684,-0.2731294631958008,0.20203882455825806,-0.3227807581424713,0.22523683309555054,-0.36779478192329407,5
0.0,0.0,-0.06193247437477112,-0.07901012897491455,-0.10308322310447693,-0.16839110851287842,-0.1364692747592926,-0.2423783838748932,-0.17478109896183014,-0.2786983549594879,-0.013707190752029419,-0.2668836712837219,-0.03749549388885498,-0.38623684644699097,-0.050098955631256104,-0.4585679769515991,-0.05751633644104004,-0.5163631439208984,0.04052489995956421,-0.26799577474594116,0.05394744873046875,-0.4013545513153076,0.0639437735080719,-0.48981742560863495,0.07409963011741638,-0.5573284029960632,0.08598831295967102,-0.2419019341468811,0.11543899774551392,-0.3600175976753235,0.13679710030555725,-0.4381926655769348,0.15223681926727295,-0.49908748269081116,0.12431001663208008,-0.1989859938621521,0.1723620891571045,-0.27423548698425293,0.20197349786758423,-0.3245665431022644,0.22502416372299194,-0.36944469809532166,5
0.0,0.0,-0.06686067581176758,-0.07935082912445068,-0.10878634452819824,-0.17108678817749023,-0.1418028324842453,-0.24836769700050354,-0.18209628760814667,-0.2860734462738037,-0.016573816537857056,-0.27238205075263977,-0.039447903633117676,-0.3925333321094513,-0.05102565884590149,-0.4668755531311035,-0.0564800500869751,-0.5262087285518646,0.03890866041183472,-0.272977739572525,0.05081072449684143,-0.4063657522201538,0.06015023589134216,-0.4941303879022598,0.07080021500587463,-0.5608449280261993,0.08507832884788513,-0.2461593747138977,0.11552691459655762,-0.3633987009525299,0.13746657967567444,-0.4407421946525574,0.15395376086235046,-0.5016264319419861,0.1240198016166687,-0.2021195888519287,0.17374852299690247,-0.27667587995529175,0.20382824540138245,-0.3260883092880249,0.2273823320865631,-0.3712458312511444,5
0.0,0.0,-0.07203489542007446,-0.08455562591552734,-0.11931276321411133,-0.19175750017166138,-0.15610508620738983,-0.2766590714454651,-0.1992759108543396,-0.3122822642326355,-0.024811595678329468,-0.3019585609436035,-0.05141642689704895,-0.43893229961395264,-0.06295648217201233,-0.5215572565793991,-0.06904247403144836,-0.586799830198288,0.0361669659614563,-0.30142584443092346,0.04795193672180176,-0.4504348039627075,0.056587159633636475,-0.5442367494106293,0.06432041525840759,-0.6133768856525421,0.08638039231300354,-0.27011579275131226,0.11652219295501709,-0.3999500870704651,0.13896578550338745,-0.48607337474823,0.1554945707321167,-0.5536843240261078,0.1267106533050537,-0.2196231484413147,0.17696434259414673,-0.30509501695632935,0.20855951309204102,-0.36066964268684387,0.2337750792503357,-0.40920183062553406,5
0.0,0.0,-0.07378476858139038,-0.09349596500396729,-0.12299095094203949,-0.20737701654434204,-0.1611158400774002,-0.29096823930740356,-0.20538263022899628,-0.3286947011947632,-0.027589231729507446,-0.31988847255706787,-0.05357903242111206,-0.45898157358169556,-0.06639021635055542,-0.5442242622375488,-0.07377883791923523,-0.6112518906593323,0.03570336103439331,-0.32017219066619873,0.04943639039993286,-0.4722534418106079,0.058434486389160156,-0.5687096118927002,0.06571921706199646,-0.6420742571353912,0.08871525526046753,-0.2894861102104187,0.12035784125328064,-0.42426443099975586,0.14293158054351807,-0.5110016763210297,0.1587337851524353,-0.5815986692905426,0.13144418597221375,-0.23756736516952515,0.18343859910964966,-0.3206263780593872,0.21584337949752808,-0.375876247882843,0.24048751592636108,-0.42636609077453613,5
0.0,0.0,-0.07043740153312683,-0.10254842042922974,-0.12107925117015839,-0.22407585382461548,-0.16159455478191376,-0.3092876672744751,-0.20713745057582855,-0.34624549746513367,-0.022135108709335327,-0.33977580070495605,-0.05202654004096985,-0.4808650612831116,-0.06853091716766357,-0.5672152638435364,-0.0790451169013977,-0.635392040014267,0.04051294922828674,-0.34389495849609375,0.05124253034591675,-0.49958932399749756,0.05931916832923889,-0.6022035777568817,0.06689533591270447,-0.6810392141342163,0.09407246112823486,-0.31562626361846924,0.12546369433403015,-0.45428377389907837,0.1470426321029663,-0.5445550084114075,0.16198721528053284,-0.6159281730651855,0.1384502351284027,-0.26392728090286255,0.19146910309791565,-0.347432017326355,0.224907785654068,-0.4053999185562134,0.25125887989997864,-0.4558081328868866,5
0.0,0.0,-0.07665416598320007,-0.10194098949432373,-0.1295720636844635,-0.2208532691001892,-0.17000128328800201,-0.30969464778900146,-0.21649645268917084,-0.35364067554473877,-0.03123202919960022,-0.3435544967651367,-0.06420964002609253,-0.4896370768547058,-0.08257061243057251,-0.5779838562011719,-0.0949154794216156,-0.6476804912090302,0.032715797424316406,-0.34771913290023804,0.04036453366279602,-0.5100947618484497,0.04609289765357971,-0.6143417954444885,0.05210888385772705,-0.6945793330669403,0.08725923299789429,-0.31825900077819824,0.11696809530258179,-0.4627256989479065,0.13855686783790588,-0.5562043786048889,0.15357384085655212,-0.6307281851768494,0.13198861479759216,-0.26634806394577026,0.18446120619773865,-0.35552334785461426,0.21737214922904968,-0.4148944914340973,0.24406352639198303,-0.46710747480392456,5
0.0,0.0,-0.07648521661758423,-0.09590888023376465,-0.12928345799446106,-0.21198320388793945,-0.16989348828792572,-0.30287665128707886,-0.21713821589946747,-0.34937888383865356,-0.03259187936782837,-0.33863508701324463,-0.06643077731132507,-0.48693329095840454,-0.08569252490997314,-0.5747832357883453,-0.09824460744857788,-0.6454223990440369,0.0328194797039032,-0.3442656993865967,0.038567304611206055,-0.5072052478790283,0.04487895965576172,-0.6128916144371033,0.05309629440307617,-0.6947163343429565,0.08751723170280457,-0.3158453106880188,0.11391827464103699,-0.45905816555023193,0.13511502742767334,-0.5527158975601196,0.15078362822532654,-0.6272778511047363,0.13164275884628296,-0.2660396099090576,0.18327108025550842,-0.3542136549949646,0.21601685881614685,-0.41313275694847107,0.24344900250434875,-0.46553951501846313,5
0.0,0.0,-0.07642209529876709,-0.09554266929626465,-0.13007239997386932,-0.21068382263183594,-0.17120519280433655,-0.2992488741874695,-0.21680811047554016,-0.34610968828201294,-0.03434097766876221,-0.33788061141967773,-0.06899496912956238,-0.4826121926307678,-0.08861035108566284,-0.569762647151947,-0.10159558057785034,-0.6391960978507996,0.030033528804779053,-0.3447098731994629,0.03643244504928589,-0.5064837336540222,0.04280513525009155,-0.6111830472946167,0.0503617525100708,-0.6919732689857483,0.0842389464378357,-0.31677526235580444,0.11223903298377991,-0.4579434394836426,0.1335548758506775,-0.5506175756454468,0.14922267198562622,-0.6256093382835388,0.1285300850868225,-0.2663925290107727,0.1812029480934143,-0.3514367938041687,0.2144237756729126,-0.4094821512699127,0.24228954315185547,-0.4617025852203369,5
0.0,0.0,-0.07516857981681824,-0.0936579704284668,-0.1297745555639267,-0.21223366260528564,-0.17246676981449127,-0.30352818965911865,-0.2206449657678604,-0.3462172746658325,-0.03314003348350525,-0.3324092626571655,-0.06731772422790527,-0.4802645444869995,-0.08739596605300903,-0.5701341032981873,-0.10110670328140259,-0.6401941180229187,0.03088286519050598,-0.3387557864189148,0.03821820020675659,-0.5040834546089172,0.0441628098487854,-0.6113641560077667,0.05119195580482483,-0.6926546692848206,0.08595412969589233,-0.31237882375717163,0.1137624979019165,-0.4572102427482605,0.13407692313194275,-0.5517789125442505,0.1484784185886383,-0.6265460848808289,0.13163632154464722,-0.26344138383865356,0.18495360016822815,-0.3499240279197693,0.21816769242286682,-0.4089461863040924,0.24474188685417175,-0.4614031910896301,5
0.0,0.0,-0.07550334930419922,-0.09576678276062012,-0.12916772067546844,-0.21226364374160767,-0.16817224025726318,-0.30201995372772217,-0.21612787246704102,-0.34290504455566406,-0.030290305614471436,-0.335610568523407,-0.061155885457992554,-0.4825831651687622,-0.0804690420627594,-0.5694050490856171,-0.09444668889045715,-0.638254851102829,0.03576773405075073,-0.34015220403671265,0.044581592082977295,-0.5026060938835144,0.05073046684265137,-0.6079212427139282,0.05739694833755493,-0.6899898946285248,0.09145277738571167,-0.31238436698913574,0.11858025193214417,-0.4577118754386902,0.13927456736564636,-0.5521195530891418,0.15421494841575623,-0.6276780664920807,0.13674485683441162,-0.26183897256851196,0.18854808807373047,-0.3494606614112854,0.22150331735610962,-0.409395307302475,0.2487579584121704,-0.4624776840209961,5
0.0,0.0,-0.07713481783866882,-0.09348428249359131,-0.13057003915309906,-0.20798099040985107,-0.16973674297332764,-0.2956196665763855,-0.21740207076072693,-0.332973837852478,-0.03406941890716553,-0.32973819971084595,-0.06349888443946838,-0.47479987144470215,-0.08318790793418884,-0.5604046881198883,-0.09760406613349915,-0.6267001330852509,0.03250107169151306,-0.3336624503135681,0.041762322187423706,-0.49652981758117676,0.04744541645050049,-0.6014034152030945,0.0538334846496582,-0.6818767488002777,0.08846589922904968,-0.3059990406036377,0.11579257249832153,-0.4502626657485962,0.13613852858543396,-0.545222282409668,0.15073487162590027,-0.6205698847770691,0.1335510015487671,-0.256460964679718,0.1865079700946808,-0.3437495827674866,0.22017201781272888,-0.4026506841182709,0.24746552109718323,-0.45499253273010254,5
0.0,0.0,-0.06917133927345276,-0.10180044174194336,-0.11596809327602386,-0.2212986946105957,-0.1527806967496872,-0.30860936641693115,-0.19777566194534302,-0.3441874384880066,-0.02241337299346924,-0.33759117126464844,-0.05187228322029114,-0.4824177920818329,-0.07145211100578308,-0.5679452419281006,-0.08568373322486877,-0.6325009167194366,0.043451398611068726,-0.33901965618133545,0.05183309316635132,-0.5019366443157196,0.05857580900192261,-0.6075711846351624,0.06605851650238037,-0.6883528828620911,0.0990079939365387,-0.3109816908836365,0.1268754005432129,-0.4560356140136719,0.14641401171684265,-0.552442729473114,0.1593320071697235,-0.6282897293567657,0.14465203881263733,-0.26160627603530884,0.19958952069282532,-0.3483348488807678,0.23364707827568054,-0.40866702795028687,0.25934430956840515,-0.4621866047382355,5
0.0,0.0,0.05931591987609863,-0.08632844686508179,0.09344649314880371,-0.17271411418914795,0.12142747640609741,-0.2211226224899292,0.14574316143989563,-0.2707352638244629,0.03709790110588074,-0.3265986442565918,0.0554451048374176,-0.45307475328445435,0.0634714663028717,-0.5404011011123657,0.06529667973518372,-0.6116776466369629,0.03498592972755432,-0.3399307131767273,0.04557371139526367,-0.44274240732192993,0.07144725322723389,-0.45301613211631775,0.08761242032051086,-0.4506480097770691,0.0378287136554718,-0.3423088788986206,0.042053163051605225,-0.46799716353416443,0.05701795220375061,-0.5287638306617737,0.06345608830451965,-0.5782850384712219,0.0537436306476593,-0.33778589963912964,0.05481308698654175,-0.459367573261261,0.05917707085609436,-0.5396624207496643,0.05647069215774536,-0.6052072048187256,5
0.0,0.0,0.07809174060821533,-0.0402262806892395,0.12387663125991821,-0.12651628255844116,0.1553073525428772,-0.18100571632385254,0.19099479913711548,-0.20212799310684204,0.1091240644454956,-0.29615235328674316,0.1227617859840393,-0.3899017870426178,0.12753826379776,-0.4434114694595337,0.12581175565719604,-0.48916974663734436,0.07540294528007507,-0.32725727558135986,0.07953113317489624,-0.4708096981048584,0.07760351896286011,-0.5535900890827179,0.0667685866355896,-0.620283454656601,0.03823882341384888,-0.3308985233306885,0.027932941913604736,-0.4721069037914276,0.015515506267547607,-0.5534438490867615,-0.0006652176380157471,-0.6253003776073456,-0.004342198371887207,-0.3076021075248718,-0.03695720434188843,-0.42170119285583496,-0.05872750282287598,-0.49161314964294434,-0.07978636026382446,-0.5538419187068939,5
0.0,0.0,0.09019193053245544,-0.03588759899139404,0.1674506962299347,-0.12352997064590454,0.22799238562583923,-0.18419647216796875,0.277243047952652,-0.20584607124328613,0.1323830783367157,-0.3057708144187927,0.17688050866127014,-0.39982232451438904,0.19358226656913757,-0.46136510372161865,0.1990421712398529,-0.5135796368122101,0.07332733273506165,-0.3387768268585205,0.08674272894859314,-0.4685433506965637,0.08778387308120728,-0.5430826842784882,0.07996556162834167,-0.5999410152435303,0.016540080308914185,-0.3368104100227356,0.011492371559143066,-0.455316960811615,0.004597216844558716,-0.5224528312683105,-0.003778129816055298,-0.5801615715026855,-0.040722042322158813,-0.3049291968345642,-0.07445240020751953,-0.3884742259979248,-0.09547537565231323,-0.4433355927467346,-0.11114254593849182,-0.4955461621284485,5
0.0,0.0,0.09143063426017761,-0.044358253479003906,0.16705262660980225,-0.13825207948684692,0.22855335474014282,-0.20270073413848877,0.2795194983482361,-0.22660762071609497,0.12214478850364685,-0.31769073009490967,0.16422289609909058,-0.4182049036026001,0.17937326431274414,-0.4837394952774048,0.18338149785995483,-0.5374258458614349,0.05959388613700867,-0.34620338678359985,0.06856107711791992,-0.4776332378387451,0.06660276651382446,-0.5524004101753235,0.05666455626487732,-0.6088955402374268,0.0004843473434448242,-0.3404088616371155,-0.008000612258911133,-0.4563228487968445,-0.016691267490386963,-0.5229354500770569,-0.02728140354156494,-0.5793103575706482,-0.05844473838806152,-0.3041517734527588,-0.0927937924861908,-0.38091379404067993,-0.11479222774505615,-0.43231087923049927,-0.1328045129776001,-0.48057878017425537,5
0.0,0.0,0.09098553657531738,-0.05011934041976929,0.16682285070419312,-0.1460171937942505,0.23182564973831177,-0.21278250217437744,0.28757113218307495,-0.2384229302406311,0.10914802551269531,-0.32605689764022827,0.14961868524551392,-0.4417271018028259,0.16437745094299316,-0.5170431137084961,0.16855019330978394,-0.5787728428840637,0.040629565715789795,-0.3477880358695984,0.046649813652038574,-0.4943807125091553,0.04444760084152222,-0.5794983208179474,0.03520071506500244,-0.646216630935669,-0.022211283445358276,-0.33402109146118164,-0.03636571764945984,-0.4615245461463928,-0.04562324285507202,-0.5395600199699402,-0.05453914403915405,-0.6074034571647644,-0.08210134506225586,-0.2885923385620117,-0.12011086940765381,-0.3750755786895752,-0.1427636444568634,-0.43221157789230347,-0.15959565341472626,-0.4885912537574768,5
0.0,0.0,0.08853235840797424,-0.05589526891708374,0.16369104385375977,-0.1496981382369995,0.23075103759765625,-0.2160753607749939,0.2911297082901001,-0.24085289239883423,0.09970259666442871,-0.32365095615386963,0.1334850788116455,-0.4486609101295471,0.1440715789794922,-0.5299460589885712,0.14643800258636475,-0.5984154641628265,0.02741903066635132,-0.3435882329940796,0.03034159541130066,-0.4956926107406616,0.02752101421356201,-0.5904833078384399,0.018182992935180664,-0.668021023273468,-0.0376642644405365,-0.3234439492225647,-0.05845433473587036,-0.4579801857471466,-0.07146936655044556,-0.5440870225429535,-0.08277902007102966,-0.6206384897232056,-0.09584000706672668,-0.2698337435722351,-0.13881997764110565,-0.3555248975753784,-0.1645965725183487,-0.4165481626987457,-0.18326710164546967,-0.47931787371635437,5
0.0,0.0,0.08867189288139343,-0.056349873542785645,0.16681689023971558,-0.14855116605758667,0.23662477731704712,-0.21433448791503906,0.29900485277175903,-0.23760271072387695,0.09937798976898193,-0.3276403546333313,0.13509464263916016,-0.45371192693710327,0.1467716097831726,-0.5361404418945312,0.15041828155517578,-0.6057727634906769,0.02673831582069397,-0.34573638439178467,0.028475552797317505,-0.49828824400901794,0.024093717336654663,-0.5927211344242096,0.013855397701263428,-0.6693666577339172,-0.03835776448249817,-0.3239494562149048,-0.061397552490234375,-0.4579816460609436,-0.07534444332122803,-0.5445872247219086,-0.08675700426101685,-0.6217623651027679,-0.09597700834274292,-0.2688344717025757,-0.14124265313148499,-0.3559710383415222,-0.16830234229564667,-0.41779428720474243,-0.18813323974609375,-0.4817407727241516,5
0.0,0.0,0.08606234192848206,-0.05602991580963135,0.1650288999080658,-0.14473366737365723,0.23447933793067932,-0.2083180546760559,0.2964586317539215,-0.2327260971069336,0.09638482332229614,-0.3231334686279297,0.13440486788749695,-0.4512555003166199,0.14676854014396667,-0.5360549688339233,0.15129634737968445,-0.6082084774971008,0.023126184940338135,-0.34073829650878906,0.025022506713867188,-0.4969460964202881,0.021830230951309204,-0.5948067903518677,0.01282694935798645,-0.6745145618915558,-0.04194432497024536,-0.31773728132247925,-0.06825527548789978,-0.45411860942840576,-0.08331459760665894,-0.543576568365097,-0.09489443898200989,-0.624004989862442,-0.09846541285514832,-0.2618074417114258,-0.1453755646944046,-0.34995752573013306,-0.17288623750209808,-0.4128767251968384,-0.19273658096790314,-0.4786996841430664,5
0.0,0.0,0.08549514412879944,-0.058014869689941406,0.16301336884498596,-0.14784789085388184,0.23225846886634827,-0.21000641584396362,0.2940678894519806,-0.23496085405349731,0.0941457450389862,-0.32696622610092163,0.1316911280155182,-0.45448851585388184,0.14532557129859924,-0.5381727516651154,0.15068641304969788,-0.6087978780269623,0.021497756242752075,-0.34545373916625977,0.02401241660118103,-0.5020564198493958,0.02296009659767151,-0.5995629727840424,0.014869093894958496,-0.6789251565933228,-0.043528735637664795,-0.32163816690444946,-0.07907089591026306,-0.4599330723285675,-0.10012999176979065,-0.5484338104724884,-0.11657246947288513,-0.628592848777771,-0.09870314598083496,-0.26355093717575073,-0.1500517874956131,-0.3505277633666992,-0.18049028515815735,-0.4119330942630768,-0.2028549313545227,-0.47691819071769714,5
0.0,0.0,0.08593833446502686,-0.057108938694000244,0.16479015350341797,-0.14648979902267456,0.23534351587295532,-0.20740467309951782,0.2979004383087158,-0.2314804196357727,0.09754106402397156,-0.3263428807258606,0.13546520471572876,-0.45332640409469604,0.149674654006958,-0.5368247628211975,0.15545082092285156,-0.6079548299312592,0.024237483739852905,-0.3450562357902527,0.026411354541778564,-0.5020173192024231,0.02514791488647461,-0.5995944440364838,0.017192840576171875,-0.6804311871528625,-0.0409235954284668,-0.32051312923431396,-0.07582968473434448,-0.45939189195632935,-0.0974740982055664,-0.5489136576652527,-0.11444917321205139,-0.6309504210948944,-0.09593915939331055,-0.2614670395851135,-0.1467929482460022,-0.34899985790252686,-0.17781706154346466,-0.41049492359161377,-0.20110148191452026,-0.47614890336990356,5
0.0,0.0,0.08523643016815186,-0.057051122188568115,0.16345101594924927,-0.1441483497619629,0.23354101181030273,-0.2046830654144287,0.2961782217025757,-0.22905945777893066,0.09699717164039612,-0.32362133264541626,0.1353551745414734,-0.4502336382865906,0.1497507095336914,-0.5336155295372009,0.1559961438179016,-0.605474054813385,0.024638831615447998,-0.3425716757774353,0.02766937017440796,-0.49780362844467163,0.026014506816864014,-0.5951941013336182,0.017827749252319336,-0.6768653392791748,-0.04052478075027466,-0.31932127475738525,-0.0729026198387146,-0.45665520429611206,-0.09305703639984131,-0.5459518134593964,-0.10879012942314148,-0.6278027892112732,-0.09640699625015259,-0.2621254324913025,-0.1477760672569275,-0.34981727600097656,-0.1779782623052597,-0.4113609492778778,-0.20020170509815216,-0.4764631390571594,5
0.0,0.0,0.08779188990592957,-0.05536001920700073,0.1672152876853943,-0.14234650135040283,0.2378321886062622,-0.20154571533203125,0.3002137541770935,-0.22349506616592407,0.10022047162055969,-0.32120370864868164,0.13839054107666016,-0.4468918442726135,0.15270233154296875,-0.5297743082046509,0.1588260531425476,-0.6003173589706421,0.02790197730064392,-0.3406580686569214,0.03108540177345276,-0.4968039393424988,0.029706835746765137,-0.5937499403953552,0.021788984537124634,-0.6726761162281036,-0.03695526719093323,-0.3172152042388916,-0.06915149092674255,-0.4550154209136963,-0.08882689476013184,-0.5445367693901062,-0.10399353504180908,-0.6255086362361908,-0.09232378005981445,-0.25960230827331543,-0.14326423406600952,-0.3453081250190735,-0.1738649159669876,-0.40669625997543335,-0.1962028294801712,-0.47162115573883057,5
0.0,0.0,0.08496695756912231,-0.05638158321380615,0.16042745113372803,-0.143792986869812,0.2288002371788025,-0.20304137468338013,0.291634738445282,-0.2254757285118103,0.09387350082397461,-0.32008516788482666,0.1310088038444519,-0.4452480375766754,0.14496207237243652,-0.528019905090332,0.15089529752731323,-0.599045068025589,0.02144482731819153,-0.3393212556838989,0.023394912481307983,-0.4948161840438843,0.021901994943618774,-0.5914416611194611,0.014323383569717407,-0.6711510419845581,-0.04309079051017761,-0.3155251741409302,-0.07600459456443787,-0.45194923877716064,-0.09522390365600586,-0.5408386290073395,-0.10996055603027344,-0.6219184696674347,-0.09749782085418701,-0.2576292157173157,-0.14894632995128632,-0.3439936637878418,-0.17953677475452423,-0.40531298518180847,-0.20237715542316437,-0.4706694781780243,5
0.0,0.0,0.08628952503204346,-0.055183470249176025,0.1638885736465454,-0.14256882667541504,0.2330266237258911,-0.20108437538146973,0.295515239238739,-0.22270292043685913,0.09906920790672302,-0.3192126154899597,0.13578391075134277,-0.44451457262039185,0.14879506826400757,-0.5271939039230347,0.15405893325805664,-0.5979146063327789,0.02649831771850586,-0.33789902925491333,0.02795073390007019,-0.492043137550354,0.025941073894500732,-0.5886099338531494,0.017939507961273193,-0.6679820418357849,-0.03804326057434082,-0.3143264651298523,-0.06954801082611084,-0.4484950006008148,-0.0883360505104065,-0.5360346138477325,-0.10253211855888367,-0.6163520812988281,-0.09254026412963867,-0.2574823498725891,-0.14260633289813995,-0.3428196310997009,-0.1726127713918686,-0.40309396386146545,-0.19452674686908722,-0.4675924777984619,5
0.0,0.0,0.08560386300086975,-0.055024921894073486,0.16350829601287842,-0.14051657915115356,0.23295247554779053,-0.19848066568374634,0.29464370012283325,-0.22057276964187622,0.1005464494228363,-0.3163939118385315,0.13584721088409424,-0.4415351450443268,0.14800620079040527,-0.5238934755325317,0.15257543325424194,-0.5944520831108093,0.028206706047058105,-0.33531320095062256,0.028990626335144043,-0.4896487295627594,0.026582002639770508,-0.5864520967006683,0.018030524253845215,-0.6659406423568726,-0.03652295470237732,-0.3118060827255249,-0.06785634160041809,-0.44542932510375977,-0.08668836951255798,-0.5321646332740784,-0.1010897159576416,-0.611644834280014,-0.09181857109069824,-0.2552909851074219,-0.14101839065551758,-0.33911412954330444,-0.17099511623382568,-0.3981338441371918,-0.19305190443992615,-0.4613252878189087,5
0.0,0.0,0.08384367823600769,-0.05170553922653198,0.1588641107082367,-0.1335729956626892,0.2248515784740448,-0.19120573997497559,0.28521856665611267,-0.21282505989074707,0.09519392251968384,-0.3057059645652771,0.13127103447914124,-0.4237412214279175,0.14448443055152893,-0.5014960169792175,0.1496305763721466,-0.5686786770820618,0.025747954845428467,-0.3239375352859497,0.026449859142303467,-0.47162702679634094,0.023645758628845215,-0.5630332231521606,0.014523088932037354,-0.6389713287353516,-0.035791873931884766,-0.30107200145721436,-0.06658187508583069,-0.4300282895565033,-0.08555623888969421,-0.5139649510383606,-0.10082831978797913,-0.5908241868019104,-0.08796694874763489,-0.24555641412734985,-0.13732761144638062,-0.32674169540405273,-0.16695189476013184,-0.3845478594303131,-0.18969517946243286,-0.4454910159111023,5
0.0,0.0,0.08282470703125,-0.05101734399795532,0.1559162139892578,-0.13339823484420776,0.22166067361831665,-0.18968844413757324,0.2791936993598938,-0.2093915343284607,0.0936119556427002,-0.3000577688217163,0.12817847728729248,-0.4167019724845886,0.1400933861732483,-0.4943181872367859,0.14444756507873535,-0.5607016980648041,0.02514389157295227,-0.318716824054718,0.025283992290496826,-0.46283864974975586,0.02185007929801941,-0.5529415905475616,0.012293308973312378,-0.6277399361133575,-0.036129117012023926,-0.29719144105911255,-0.06514829397201538,-0.4222811460494995,-0.08332526683807373,-0.5039864778518677,-0.09816676378250122,-0.5790002942085266,-0.0887724757194519,-0.24402737617492676,-0.1356535702943802,-0.3235965967178345,-0.16368839144706726,-0.3808194398880005,-0.18487821519374847,-0.440967321395874,5
0.0,0.0,0.08142095804214478,-0.05222153663635254,0.15399101376533508,-0.13474929332733154,0.22004619240760803,-0.190230131149292,0.2783815562725067,-0.20997101068496704,0.09085521101951599,-0.3026791214942932,0.124993234872818,-0.4193544387817383,0.13710471987724304,-0.49690335988998413,0.14164623618125916,-0.5626187026500702,0.021799087524414062,-0.320706844329834,0.021333515644073486,-0.46567845344543457,0.018120646476745605,-0.5549722015857697,0.009070336818695068,-0.6291897296905518,-0.03891286253929138,-0.29849106073379517,-0.06810370087623596,-0.4239498972892761,-0.08614906668663025,-0.5047627687454224,-0.10062631964683533,-0.5790831446647644,-0.09037089347839355,-0.24433231353759766,-0.13814790546894073,-0.32313215732574463,-0.1667790412902832,-0.37962067127227783,-0.18829242885112762,-0.4396531581878662,5
0.0,0.0,0.0824277400970459,-0.05234658718109131,0.1561376452445984,-0.1350865364074707,0.222426176071167,-0.19213342666625977,0.2825334668159485,-0.2136402726173401,0.0922049880027771,-0.30496394634246826,0.12694990634918213,-0.42305728793144226,0.13949066400527954,-0.501078724861145,0.14438432455062866,-0.5678267776966095,0.0226442813873291,-0.32273292541503906,0.02239888906478882,-0.46739089488983154,0.018855512142181396,-0.5568220913410187,0.009431689977645874,-0.6312986016273499,-0.03937309980392456,-0.3004029393196106,-0.06789425015449524,-0.4264085590839386,-0.08585438132286072,-0.5077138543128967,-0.10026490688323975,-0.5830342769622803,-0.09246939420700073,-0.24598056077957153,-0.1390286535024643,-0.3252851366996765,-0.16686514019966125,-0.3811914622783661,-0.18802137672901154,-0.44065678119659424,5
0.0,0.0,0.08514025807380676,-0.05332291126251221,0.16141954064369202,-0.13904255628585815,0.22898027300834656,-0.19878411293029785,0.29017236828804016,-0.2184264063835144,0.09495782852172852,-0.3140867352485657,0.13138869404792786,-0.431738018989563,0.14566531777381897,-0.5095512270927429,0.151687890291214,-0.5762632787227631,0.024914860725402832,-0.33173125982284546,0.026328325271606445,-0.47905710339546204,0.023415446281433105,-0.5706834197044373,0.014413505792617798,-0.6466214060783386,-0.037681132555007935,-0.30889010429382324,-0.06540796160697937,-0.43720871210098267,-0.08253428339958191,-0.520889550447464,-0.09655818343162537,-0.597165584564209,-0.09177795052528381,-0.2532427906990051,-0.13802579045295715,-0.33488672971725464,-0.16629210114479065,-0.3920750319957733,-0.18823978304862976,-0.4526544213294983,5
0.0,0.0,0.08403521776199341,-0.05432313680648804,0.15855765342712402,-0.1406712532043457,0.2247942090034485,-0.19828510284423828,0.2826972007751465,-0.21802765130996704,0.09422183036804199,-0.3085489869117737,0.13034367561340332,-0.4260040521621704,0.14354681968688965,-0.5030210018157959,0.1486254334449768,-0.5682015717029572,0.02482125163078308,-0.32706940174102783,0.026514530181884766,-0.47195547819137573,0.023563742637634277,-0.5609791874885559,0.014122217893600464,-0.6333886981010437,-0.036978572607040405,-0.3065381646156311,-0.06452035903930664,-0.4305635094642639,-0.08111017942428589,-0.5117513239383698,-0.09477394819259644,-0.5853697955608368,-0.09064388275146484,-0.25407373905181885,-0.1369110494852066,-0.33295905590057373,-0.16474050283432007,-0.3894861936569214,-0.18567529320716858,-0.44861578941345215,5
0.0,0.0,0.08370128273963928,-0.053941965103149414,0.15898004174232483,-0.13826286792755127,0.22595319151878357,-0.19441592693328857,0.2846408188343048,-0.21385693550109863,0.09505662322044373,-0.30886000394821167,0.13064512610435486,-0.4273644685745239,0.14296498894691467,-0.5058088898658752,0.14717373251914978,-0.5721365213394165,0.024505257606506348,-0.3263840079307556,0.024418503046035767,-0.47391366958618164,0.02082645893096924,-0.5645582675933838,0.011162728071212769,-0.6381470859050751,-0.0381050705909729,-0.3032912611961365,-0.06687101721763611,-0.42957136034965515,-0.0846344530582428,-0.5118429064750671,-0.09867146611213684,-0.5870519876480103,-0.0920778214931488,-0.2481139898300171,-0.13838724792003632,-0.3275759220123291,-0.16618585586547852,-0.38491785526275635,-0.18674243986606598,-0.446092426776886,5
0.0,0.0,0.08334457874298096,-0.05369699001312256,0.15882539749145508,-0.13975197076797485,0.2268056869506836,-0.19894951581954956,0.2864369750022888,-0.22043073177337646,0.0946696400642395,-0.31269383430480957,0.13180392980575562,-0.4347727298736572,0.14424294233322144,-0.5153524279594421,0.14870423078536987,-0.5835445821285248,0.023719996213912964,-0.3315344452857971,0.024218618869781494,-0.4814269542694092,0.020877212285995483,-0.5740793347358704,0.01145017147064209,-0.64982870221138,-0.038799822330474854,-0.30999279022216797,-0.06757014989852905,-0.43831729888916016,-0.08462792634963989,-0.5216068625450134,-0.09840774536132812,-0.5973668098449707,-0.09206637740135193,-0.25572383403778076,-0.13982625305652618,-0.33585619926452637,-0.16853700578212738,-0.3929285407066345,-0.19002428650856018,-0.45339691638946533,5
0.0,0.0,0.08584192395210266,-0.0540308952331543,0.16121336817741394,-0.14040082693099976,0.22788462042808533,-0.19896626472473145,0.28843382000923157,-0.22091549634933472,0.0948510468006134,-0.31320542097091675,0.1294998824596405,-0.43583744764328003,0.14167645573616028,-0.5175106525421143,0.14625975489616394,-0.5866548717021942,0.022589802742004395,-0.33004534244537354,0.020733743906021118,-0.48125848174095154,0.016467779874801636,-0.575522780418396,0.006765276193618774,-0.6531173884868622,-0.04064169526100159,-0.3059859275817871,-0.07051274180412292,-0.43686071038246155,-0.08961370587348938,-0.5217829346656799,-0.10473504662513733,-0.5991477966308594,-0.09406507015228271,-0.2500055432319641,-0.14205051958560944,-0.3322293758392334,-0.17137418687343597,-0.39099785685539246,-0.19330057501792908,-0.4536483585834503,5
0.0,0.0,0.08301877975463867,-0.05581188201904297,0.15702462196350098,-0.14291316270828247,0.22544527053833008,-0.2020968198776245,0.2872060537338257,-0.22337663173675537,0.09123575687408447,-0.31644171476364136,0.12643656134605408,-0.4400585889816284,0.13822895288467407,-0.5214843153953552,0.14261025190353394,-0.5899488031864166,0.018905341625213623,-0.3322417140007019,0.017797410488128662,-0.4833841919898987,0.013025641441345215,-0.5780104100704193,0.0027135610580444336,-0.655306339263916,-0.044252753257751465,-0.3074180483818054,-0.07275575399398804,-0.4381122887134552,-0.09219241142272949,-0.5224070250988007,-0.10817906260490417,-0.5984434187412262,-0.09776940941810608,-0.2502055764198303,-0.14501263201236725,-0.33181554079055786,-0.17462900280952454,-0.38920438289642334,-0.19727355241775513,-0.44975048303604126,5
0.0,0.0,0.08483701944351196,-0.055636048316955566,0.1600239872932434,-0.14264893531799316,0.22863370180130005,-0.20112860202789307,0.29063212871551514,-0.22176313400268555,0.09161004424095154,-0.3175618052482605,0.12710976600646973,-0.44027984142303467,0.13919979333877563,-0.5206847190856934,0.14347118139266968,-0.5890186131000519,0.02062395215034485,-0.333859384059906,0.020091891288757324,-0.4841887056827545,0.015486657619476318,-0.5775237679481506,0.004932880401611328,-0.6532299816608429,-0.04160511493682861,-0.30975693464279175,-0.07011699676513672,-0.4388539791107178,-0.08889719843864441,-0.5229281187057495,-0.10416519641876221,-0.5988860428333282,-0.09450411796569824,-0.2528970241546631,-0.14311198890209198,-0.33266615867614746,-0.1735059916973114,-0.38935524225234985,-0.19675879180431366,-0.4490872025489807,5
0.0,0.0,0.0843057930469513,-0.0574871301651001,0.1584947407245636,-0.14460736513137817,0.22642460465431213,-0.20236945152282715,0.28843584656715393,-0.22360044717788696,0.09080538153648376,-0.318708598613739,0.12473341822624207,-0.4410732388496399,0.13607671856880188,-0.5215703248977661,0.1397586166858673,-0.5897758901119232,0.018721669912338257,-0.3339087963104248,0.016381144523620605,-0.48413383960723877,0.012064963579177856,-0.577552318572998,0.0021971166133880615,-0.6537267863750458,-0.04453721642494202,-0.3079773783683777,-0.07377725839614868,-0.4376114308834076,-0.09298482537269592,-0.5214777588844299,-0.10852351784706116,-0.5978471636772156,-0.09769055247306824,-0.2498111128807068,-0.14540429413318634,-0.3310167193412781,-0.17502106726169586,-0.3885285556316376,-0.19769437611103058,-0.450075626373291,5
0.0,0.0,0.08191174268722534,-0.05730313062667847,0.1560196876525879,-0.14492690563201904,0.22309094667434692,-0.20317399501800537,0.2858371138572693,-0.22455424070358276,0.08597797155380249,-0.3201078772544861,0.12145137786865234,-0.4432915449142456,0.13293880224227905,-0.5237762331962585,0.13627880811691284,-0.5913346111774445,0.01367691159248352,-0.3341670632362366,0.011471182107925415,-0.48503321409225464,0.006544321775436401,-0.577835738658905,-0.00415310263633728,-0.6522833406925201,-0.04897141456604004,-0.30765557289123535,-0.07836180925369263,-0.43802523612976074,-0.09733399748802185,-0.5212180018424988,-0.1129223108291626,-0.5962376594543457,-0.1014258861541748,-0.2484511137008667,-0.15024319291114807,-0.329742431640625,-0.18054066598415375,-0.3868004381656647,-0.2042468637228012,-0.44740110635757446,5
0.0,0.0,0.08224615454673767,-0.05871802568435669,0.1557615101337433,-0.14853835105895996,0.22234299778938293,-0.20691347122192383,0.28379347920417786,-0.2288726568222046,0.08595845103263855,-0.3227992653846741,0.11943307518959045,-0.4456372857093811,0.13041269779205322,-0.5259230434894562,0.13371294736862183,-0.5931845009326935,0.013807415962219238,-0.3366859257221222,0.009807437658309937,-0.4878777265548706,0.004053831100463867,-0.5809299647808075,-0.007351309061050415,-0.6551609337329865,-0.04894965887069702,-0.3102138042449951,-0.07925757765769958,-0.44124042987823486,-0.09968474507331848,-0.5245125591754913,-0.11684973537921906,-0.5993606746196747,-0.10169705748558044,-0.25108951330184937,-0.15011461079120636,-0.33147865533828735,-0.18067215383052826,-0.3874581456184387,-0.20467950403690338,-0.44648414850234985,5
0.0,0.0,0.08415147662162781,-0.057111144065856934,0.15855956077575684,-0.14588773250579834,0.224972665309906,-0.20534396171569824,0.2862054705619812,-0.23010623455047607,0.08751201629638672,-0.3203880786895752,0.11977550387382507,-0.44387584924697876,0.1306086778640747,-0.5246841907501221,0.13403916358947754,-0.5930400490760803,0.015159130096435547,-0.3344855010509491,0.01024278998374939,-0.48550546169281006,0.0038372576236724854,-0.5786637663841248,-0.007831752300262451,-0.6529862582683563,-0.04783698916435242,-0.307304322719574,-0.0790797770023346,-0.4375115633010864,-0.10010355710983276,-0.5209530591964722,-0.11728884279727936,-0.5964604318141937,-0.10091027617454529,-0.24743932485580444,-0.15081524848937988,-0.32804393768310547,-0.18152518570423126,-0.38423052430152893,-0.20525522530078888,-0.44434094429016113,5
0.0,0.0,0.08498609066009521,-0.05992436408996582,0.15898191928863525,-0.15175402164459229,0.2260851263999939,-0.21310651302337646,0.2878879904747009,-0.23785191774368286,0.0851568877696991,-0.32897132635116577,0.11770904064178467,-0.4564141631126404,0.12847831845283508,-0.539309173822403,0.13131913542747498,-0.6092916429042816,0.0110892653465271,-0.34246498346328735,0.006101131439208984,-0.49659398198127747,-0.0005214512348175049,-0.5923109948635101,-0.012969911098480225,-0.6686407327651978,-0.05334347486495972,-0.31448912620544434,-0.08555418252944946,-0.4476134181022644,-0.10802297294139862,-0.5335865020751953,-0.12716005742549896,-0.6101278960704803,-0.10750921070575714,-0.25360697507858276,-0.157842755317688,-0.33684614300727844,-0.18946389853954315,-0.3947445750236511,-0.21437162160873413,-0.45514294505119324,5
0.0,0.0,0.0861571729183197,-0.060873448848724365,0.16040804982185364,-0.15239030122756958,0.22863546013832092,-0.21338438987731934,0.2917705476284027,-0.23948895931243896,0.0864054262638092,-0.33125630021095276,0.11895635724067688,-0.45873311161994934,0.13006305694580078,-0.5420299172401428,0.13371378183364868,-0.613371729850769,0.011667728424072266,-0.34494835138320923,0.006324887275695801,-0.49929916858673096,-0.000856250524520874,-0.5949281752109528,-0.013078838586807251,-0.6722232699394226,-0.05351072549819946,-0.3159273862838745,-0.08518022298812866,-0.45086538791656494,-0.10769394040107727,-0.5373778343200684,-0.12636910378932953,-0.6148842871189117,-0.10801401734352112,-0.25307518243789673,-0.15942607820034027,-0.3363855481147766,-0.19093093276023865,-0.3947596848011017,-0.21560215950012207,-0.4557599425315857,5
0.0,0.0,0.0864090621471405,-0.06225943565368652,0.1622217297554016,-0.1542530059814453,0.23169398307800293,-0.2155243158340454,0.295677125453949,-0.24134725332260132,0.08827373385429382,-0.33441829681396484,0.12179586291313171,-0.4615679681301117,0.13295990228652954,-0.5451292395591736,0.13628637790679932,-0.616759717464447,0.01322406530380249,-0.3486788868904114,0.008023560047149658,-0.5048246383666992,0.0005129575729370117,-0.6018924713134766,-0.012141138315200806,-0.6812784671783447,-0.052137523889541626,-0.3192075490951538,-0.08531105518341064,-0.4564736485481262,-0.10819411277770996,-0.543377161026001,-0.1269656866788864,-0.6219034790992737,-0.10642480850219727,-0.2551732659339905,-0.15986695885658264,-0.3398395776748657,-0.1927245557308197,-0.39892685413360596,-0.21846500039100647,-0.4613626003265381,5
0.0,0.0,0.08760854601860046,-0.06161463260650635,0.1638483703136444,-0.15452104806900024,0.23291930556297302,-0.21690356731414795,0.29603710770606995,-0.24311447143554688,0.08914628624916077,-0.33547306060791016,0.12294122576713562,-0.4654659926891327,0.13341057300567627,-0.5510174632072449,0.13600072264671326,-0.6235577166080475,0.01375877857208252,-0.34953081607818604,0.008201777935028076,-0.5084755420684814,0.0008884668350219727,-0.6067870557308197,-0.01203194260597229,-0.685755729675293,-0.051875799894332886,-0.32053565979003906,-0.08481013774871826,-0.4581301808357239,-0.10712715983390808,-0.5461954474449158,-0.1258091926574707,-0.6253447234630585,-0.10679182410240173,-0.2577885389328003,-0.15907567739486694,-0.3434690237045288,-0.19145724177360535,-0.40366828441619873,-0.21693789958953857,-0.46699023246765137,5
0.0,0.0,0.07031932473182678,-0.049361348152160645,0.11868554353713989,-0.13974612951278687,0.051481395959854126,-0.1895383596420288,-0.03466728329658508,-0.20976519584655762,0.054876089096069336,-0.3712310791015625,0.07805320620536804,-0.5205135345458984,0.0942738950252533,-0.6126463115215302,0.10494732856750488,-0.6938066780567169,-0.02662011981010437,-0.3804643154144287,-0.04156911373138428,-0.5556033551692963,-0.054800570011138916,-0.6678596436977386,-0.06766125559806824,-0.7619385123252869,-0.08695191144943237,-0.3342847228050232,-0.1353743076324463,-0.48813724517822266,-0.1609172224998474,-0.6033497154712677,-0.18429894745349884,-0.7013679146766663,-0.13326627016067505,-0.24638783931732178,-0.125291109085083,-0.3118922710418701,-0.0846344530582428,-0.2650776505470276,-0.051441967487335205,-0.20621907711029053,6
0.0,0.0,0.07077112793922424,-0.05092513561248779,0.12543553113937378,-0.13584232330322266,0.07139185070991516,-0.1935691237449646,-0.008575886487960815,-0.2167869210243225,0.06518372893333435,-0.37342995405197144,0.0958893895149231,-0.5146772265434265,0.1159239411354065,-0.602956086397171,0.12621992826461792,-0.6855226457118988,-0.009909123182296753,-0.3841511011123657,-0.01781371235847473,-0.55433189868927,-0.028860509395599365,-0.6650342345237732,-0.041465818881988525,-0.7613441944122314,-0.06736305356025696,-0.34279847145080566,-0.10765358805656433,-0.4867534637451172,-0.13083325326442719,-0.599098265171051,-0.15222454071044922,-0.6985704302787781,-0.11449337005615234,-0.254635214805603,-0.10319975018501282,-0.317146360874176,-0.06574812531471252,-0.2622441053390503,-0.03325691819190979,-0.19528090953826904,6
0.0,0.0,0.06897637248039246,-0.04541444778442383,0.12385725975036621,-0.1323995590209961,0.06780213117599487,-0.1870744824409485,-0.014349490404129028,-0.21442341804504395,0.060918211936950684,-0.36884933710098267,0.09533017873764038,-0.5098670721054077,0.11464634537696838,-0.6002490222454071,0.12448874115943909,-0.6845373511314392,-0.013587981462478638,-0.379128634929657,-0.019417941570281982,-0.549026221036911,-0.03046625852584839,-0.6583521068096161,-0.04230982065200806,-0.7537869811058044,-0.07127764821052551,-0.3365169167518616,-0.1097632348537445,-0.48147255182266235,-0.13419896364212036,-0.5954945385456085,-0.15630200505256653,-0.6963441967964172,-0.1192064881324768,-0.25117361545562744,-0.10268902778625488,-0.31106799840927124,-0.06256186962127686,-0.25041770935058594,-0.028070181608200073,-0.1800023317337036,6
0.0,0.0,0.06585907936096191,-0.055081307888031006,0.11558771133422852,-0.14676368236541748,0.05504313111305237,-0.203391432762146,-0.025686919689178467,-0.22932958602905273,0.060280948877334595,-0.37693291902542114,0.09299370646476746,-0.5168653726577759,0.11159554123878479,-0.6047796905040741,0.12132707238197327,-0.6860415637493134,-0.01627945899963379,-0.3901585340499878,-0.0231134295463562,-0.5611023306846619,-0.03170943260192871,-0.6690181493759155,-0.0415206253528595,-0.761053740978241,-0.0748814046382904,-0.35149550437927246,-0.11268666386604309,-0.4949304461479187,-0.13376286625862122,-0.6107176840305328,-0.15477660298347473,-0.7103430926799774,-0.12206998467445374,-0.26872164011001587,-0.10150507092475891,-0.3323139548301697,-0.06308707594871521,-0.2741326093673706,-0.033082783222198486,-0.20347154140472412,6
0.0,0.0,0.0674847662448883,-0.04755091667175293,0.11784535646438599,-0.13634228706359863,0.05333167314529419,-0.1919078230857849,-0.027100354433059692,-0.2235850691795349,0.06438687443733215,-0.37371212244033813,0.09626322984695435,-0.514123797416687,0.11359286308288574,-0.6032832264900208,0.1221015453338623,-0.6864549815654755,-0.014148414134979248,-0.38670992851257324,-0.022826731204986572,-0.5564176440238953,-0.03219199180603027,-0.662793755531311,-0.04207700490951538,-0.755189061164856,-0.07398569583892822,-0.3458936810493469,-0.11343434453010559,-0.4935786724090576,-0.1346650868654251,-0.6049736440181732,-0.15567903220653534,-0.7014353573322296,-0.12172558903694153,-0.26340997219085693,-0.10680484771728516,-0.32375484704971313,-0.06994360685348511,-0.26499778032302856,-0.0414520800113678,-0.19738584756851196,6
0.0,0.0,0.06538128852844238,-0.057753562927246094,0.10949549078941345,-0.14806395769119263,0.043512314558029175,-0.1946280598640442,-0.036838263273239136,-0.2152591347694397,0.054854899644851685,-0.36958110332489014,0.08632782101631165,-0.5085101127624512,0.10485222935676575,-0.5970727205276489,0.11465445160865784,-0.6780208647251129,-0.022343337535858154,-0.37827223539352417,-0.031476885080337524,-0.5478341579437256,-0.04120880365371704,-0.6537022590637207,-0.05227011442184448,-0.7461901307106018,-0.0802672803401947,-0.335659384727478,-0.12147507071495056,-0.4800235629081726,-0.1424352377653122,-0.5888524353504181,-0.1632685363292694,-0.6871887147426605,-0.12571175396442413,-0.2501744031906128,-0.11370882391929626,-0.323297917842865,-0.07624378800392151,-0.27178525924682617,-0.045732736587524414,-0.2088184952735901,6
0.0,0.0,0.06188875436782837,-0.049121975898742676,0.10961723327636719,-0.13643395900726318,0.055433183908462524,-0.18359160423278809,-0.016112178564071655,-0.21500957012176514,0.06736800074577332,-0.36001259088516235,0.09847167134284973,-0.49390703439712524,0.11568722128868103,-0.578796774148941,0.1257745921611786,-0.6566901206970215,-0.009100466966629028,-0.37352699041366577,-0.019748300313949585,-0.5346345007419586,-0.031074315309524536,-0.6359963119029999,-0.0409141480922699,-0.7234957814216614,-0.06887641549110413,-0.33491194248199463,-0.10834336280822754,-0.47217148542404175,-0.13159529864788055,-0.5822470784187317,-0.15360261499881744,-0.67552050948143,-0.11772611737251282,-0.2576777935028076,-0.09686031937599182,-0.29256540536880493,-0.0582522451877594,-0.2280229926109314,-0.028501302003860474,-0.15916216373443604,6
0.0,0.0,0.06433108448982239,-0.05234402418136597,0.11238604784011841,-0.1396542191505432,0.05385050177574158,-0.1900463104248047,-0.02008691430091858,-0.22008371353149414,0.07060909271240234,-0.36296552419662476,0.09949061274528503,-0.4992821514606476,0.11692017316818237,-0.5860345661640167,0.12678200006484985,-0.6658986210823059,-0.007233709096908569,-0.37580686807632446,-0.019758015871047974,-0.5404805541038513,-0.030343353748321533,-0.644207626581192,-0.04017287492752075,-0.7337190210819244,-0.06742733716964722,-0.33699703216552734,-0.10877355933189392,-0.4750983715057373,-0.12933647632598877,-0.586376816034317,-0.14978952705860138,-0.6806842982769012,-0.11639147996902466,-0.2580355405807495,-0.09242072701454163,-0.30625176429748535,-0.05412212014198303,-0.24537664651870728,-0.02673405408859253,-0.17720866203308105,6
0.0,0.0,0.06383350491523743,-0.05741167068481445,0.10911634564399719,-0.1515507698059082,0.046114325523376465,-0.1980985403060913,-0.031007885932922363,-0.22436237335205078,0.06538259983062744,-0.37326329946517944,0.09392690658569336,-0.5145145654678345,0.11103159189224243,-0.6030132174491882,0.12096339464187622,-0.684144139289856,-0.013531297445297241,-0.3847455382347107,-0.027276217937469482,-0.549794614315033,-0.039397984743118286,-0.6542494595050812,-0.05020114779472351,-0.7447351217269897,-0.07365119457244873,-0.34491968154907227,-0.11716465651988983,-0.4855637550354004,-0.1408253163099289,-0.5965854227542877,-0.16393005847930908,-0.6936681866645813,-0.12132391333580017,-0.2646252512931824,-0.10326842963695526,-0.31430697441101074,-0.06455644965171814,-0.2542928457260132,-0.03525573015213013,-0.18726515769958496,6
0.0,0.0,0.060814350843429565,-0.06272321939468384,0.09819492697715759,-0.1624271273612976,0.03374841809272766,-0.2072817087173462,-0.04004952311515808,-0.23622167110443115,0.050724953413009644,-0.3758109211921692,0.07423079013824463,-0.5144029855728149,0.09118539094924927,-0.6016044020652771,0.10052520036697388,-0.6800975203514099,-0.026233196258544922,-0.3851257562637329,-0.04284822940826416,-0.5497088134288788,-0.055521160364151,-0.6534799039363861,-0.06813398003578186,-0.7419357895851135,-0.08361172676086426,-0.3429057002067566,-0.12715651094913483,-0.4828415513038635,-0.15298283100128174,-0.5913369357585907,-0.1782618910074234,-0.6847030222415924,-0.12710431218147278,-0.2629735469818115,-0.11090043187141418,-0.3082808256149292,-0.0718899667263031,-0.2571498155593872,-0.04169750213623047,-0.2012133002281189,6
0.0,0.0,0.06074059009552002,-0.0518571138381958,0.09789532423019409,-0.14049232006072998,0.04785987734794617,-0.19336962699890137,-0.013433396816253662,-0.2366776466369629,0.061629921197891235,-0.3613895773887634,0.0866117775440216,-0.4918287992477417,0.10043200850486755,-0.5742024779319763,0.10669496655464172,-0.6483606994152069,-0.010142147541046143,-0.37318384647369385,-0.026039063930511475,-0.5314159393310547,-0.03909236192703247,-0.6291319131851196,-0.05110853910446167,-0.7105777859687805,-0.06678098440170288,-0.3362482190132141,-0.10553917288780212,-0.4697229266166687,-0.1272221803665161,-0.5710697770118713,-0.14863568544387817,-0.6557911932468414,-0.11132320761680603,-0.26175761222839355,-0.09065249562263489,-0.30464601516723633,-0.05415019392967224,-0.2469005584716797,-0.02686697244644165,-0.18257486820220947,6
0.0,0.0,0.05881798267364502,-0.05567723512649536,0.09792506694793701,-0.14146995544433594,0.05238908529281616,-0.1892107129096985,-0.007506698369979858,-0.22537821531295776,0.061464905738830566,-0.34725499153137207,0.08822053670883179,-0.4722120463848114,0.10422629117965698,-0.5500591993331909,0.1124262809753418,-0.6204885840415955,-0.00799107551574707,-0.3551705479621887,-0.02079179883003235,-0.5069566965103149,-0.03176209330558777,-0.6010457575321198,-0.04310491681098938,-0.6778160631656647,-0.06171998381614685,-0.3170265555381775,-0.09986168146133423,-0.4436854124069214,-0.12176001071929932,-0.542447954416275,-0.1444101482629776,-0.6233141720294952,-0.1037985235452652,-0.24449259042739868,-0.07834655046463013,-0.289847731590271,-0.04073822498321533,-0.23888671398162842,-0.013649046421051025,-0.17928153276443481,6
0.0,0.0,0.05897355079650879,-0.0468670129776001,0.10422196984291077,-0.1275019645690918,0.062485843896865845,-0.17963439226150513,0.004000872373580933,-0.21759772300720215,0.06886368989944458,-0.3278486132621765,0.09566888213157654,-0.44747424125671387,0.10935616493225098,-0.5225499868392944,0.11568644642829895,-0.5907762050628662,0.0008754134178161621,-0.33817362785339355,-0.007141083478927612,-0.48328283429145813,-0.01723232865333557,-0.5727750658988953,-0.028178870677947998,-0.6464063823223114,-0.05212897062301636,-0.30353379249572754,-0.08573883771896362,-0.42128586769104004,-0.1059269905090332,-0.5128093361854553,-0.1275138109922409,-0.5884193480014801,-0.09563714265823364,-0.23523294925689697,-0.06742796301841736,-0.2747156023979187,-0.030782490968704224,-0.22367417812347412,-0.0055349767208099365,-0.16723817586898804,6
0.0,0.0,0.059839993715286255,-0.041788697242736816,0.10336530208587646,-0.11403250694274902,0.07193514704704285,-0.16642820835113525,0.02236342430114746,-0.20698624849319458,0.07032716274261475,-0.3038575053215027,0.09501010179519653,-0.4161357283592224,0.10835298895835876,-0.4871542453765869,0.11434853076934814,-0.5503451824188232,0.007889360189437866,-0.31447213888168335,0.004305511713027954,-0.45309901237487793,-0.00172346830368042,-0.5362348556518555,-0.009855806827545166,-0.6018905937671661,-0.04268711805343628,-0.28284764289855957,-0.0717797577381134,-0.3982863426208496,-0.09039591252803802,-0.48406440019607544,-0.1101675033569336,-0.5523261427879333,-0.08483855426311493,-0.21996676921844482,-0.05654662847518921,-0.2662004232406616,-0.023932933807373047,-0.22227585315704346,-0.001999199390411377,-0.17061036825180054,6
0.0,0.0,0.05888137221336365,-0.042471349239349365,0.10065895318984985,-0.11113429069519043,0.07125017046928406,-0.16252875328063965,0.02547973394393921,-0.20529824495315552,0.06896317005157471,-0.2956045866012573,0.09168463945388794,-0.403279185295105,0.10245022177696228,-0.47274503111839294,0.1066737174987793,-0.5317624509334564,0.00931692123413086,-0.30521464347839355,0.0037439465522766113,-0.43594256043434143,-0.002604871988296509,-0.5156855881214142,-0.009893238544464111,-0.576110303401947,-0.039587169885635376,-0.273967444896698,-0.06903389096260071,-0.38283392786979675,-0.08674535155296326,-0.4654877185821533,-0.10536842048168182,-0.5283792912960052,-0.0811377763748169,-0.21282678842544556,-0.05516579747200012,-0.24837613105773926,-0.0210496187210083,-0.21233028173446655,0.00246468186378479,-0.1674286127090454,6
0.0,0.0,0.061179935932159424,-0.041153907775878906,0.10394874215126038,-0.10944414138793945,0.07702860236167908,-0.16231918334960938,0.028649330139160156,-0.2023930549621582,0.06674632430076599,-0.29564106464385986,0.0900353193283081,-0.40376561880111694,0.1013873815536499,-0.47169211506843567,0.10563898086547852,-0.530379980802536,0.008275657892227173,-0.30378538370132446,0.0027410387992858887,-0.4366403818130493,-0.00394091010093689,-0.5156255066394806,-0.011758506298065186,-0.5767244398593903,-0.039905160665512085,-0.2703668475151062,-0.06921432912349701,-0.38295069336891174,-0.0874670147895813,-0.4669589698314667,-0.10633602738380432,-0.5324067175388336,-0.08046603202819824,-0.20645302534103394,-0.056375086307525635,-0.25386500358581543,-0.02179059386253357,-0.22109454870224,0.00275227427482605,-0.1773301362991333,6
0.0,0.0,0.06004396080970764,-0.0407717227935791,0.10379442572593689,-0.10936939716339111,0.07679378986358643,-0.16170090436935425,0.02692621946334839,-0.1990412473678589,0.0665690004825592,-0.29312264919281006,0.09133470058441162,-0.4008980989456177,0.1022539734840393,-0.46853768825531006,0.10667809844017029,-0.5278636813163757,0.007978260517120361,-0.30095988512039185,0.003051161766052246,-0.4336870312690735,-0.003988057374954224,-0.5138269066810608,-0.012430280447006226,-0.5768506228923798,-0.03950387239456177,-0.2680274248123169,-0.0668829083442688,-0.37965473532676697,-0.08383327722549438,-0.4635698199272156,-0.10182932019233704,-0.5288692116737366,-0.07939743995666504,-0.20495522022247314,-0.0512656569480896,-0.2522171139717102,-0.017942965030670166,-0.21896564960479736,0.004847109317779541,-0.17533671855926514,6
0.0,0.0,0.06730672717094421,-0.045244455337524414,0.11270320415496826,-0.11440038681030273,0.09778934717178345,-0.16898512840270996,0.056426674127578735,-0.197393536567688,0.0798954963684082,-0.29264628887176514,0.10554715991020203,-0.39662325382232666,0.1171414852142334,-0.45948508381843567,0.12137103080749512,-0.5101466178894043,0.024808287620544434,-0.2994130849838257,0.019127249717712402,-0.4344751834869385,0.010106474161148071,-0.5152455866336823,-0.001827239990234375,-0.5730865299701691,-0.021976977586746216,-0.2686053514480591,-0.04095667600631714,-0.3703083395957947,-0.04437646269798279,-0.4406164288520813,-0.047282129526138306,-0.49323102831840515,-0.062129437923431396,-0.21051371097564697,-0.03514102101325989,-0.2564927935600281,0.001741260290145874,-0.26202917098999023,0.03299981355667114,-0.25986576080322266,6
0.0,0.0,0.10853603482246399,-0.08462649583816528,0.17326417565345764,-0.1664741039276123,0.21637794375419617,-0.21750682592391968,0.23427075147628784,-0.2273463010787964,0.09945440292358398,-0.2967132329940796,0.1398228108882904,-0.3891594409942627,0.14625835418701172,-0.4554131031036377,0.13937929272651672,-0.5168917179107666,0.07892623543739319,-0.29089295864105225,0.10486719012260437,-0.41230759024620056,0.11688089370727539,-0.5122605860233307,0.1178712248802185,-0.590864509344101,0.06401386857032776,-0.25448930263519287,0.16765308380126953,-0.30270034074783325,0.19943317770957947,-0.23307693004608154,0.19876888394355774,-0.18625694513320923,0.07686194777488708,-0.19383978843688965,0.17597803473472595,-0.25318044424057007,0.20115908980369568,-0.2030200958251953,0.19757196307182312,-0.1513018012046814,6
0.0,0.0,-0.020444929599761963,-0.08504170179367065,0.0047855377197265625,-0.16435027122497559,0.04228776693344116,-0.20884227752685547,0.07129642367362976,-0.2334766983985901,0.0157773494720459,-0.27491921186447144,0.015280574560165405,-0.3947935104370117,0.008601069450378418,-0.46946990489959717,0.0003044605255126953,-0.523358553647995,0.0678592324256897,-0.27989816665649414,0.09092763066291809,-0.41836613416671753,0.10327234864234924,-0.5082762837409973,0.10813599824905396,-0.5694164931774139,0.1187150776386261,-0.2489309310913086,0.17421987652778625,-0.29873788356781006,0.16983652114868164,-0.26619040966033936,0.154699444770813,-0.23226338624954224,0.16480231285095215,-0.19496482610702515,0.21448230743408203,-0.20524686574935913,0.2028997838497162,-0.17117935419082642,0.18306878209114075,-0.1343938708305359,6
0.0,0.0,-0.02613145112991333,-0.14006012678146362,0.006570249795913696,-0.24366122484207153,0.04378750920295715,-0.30031269788742065,0.08148196339607239,-0.3340528607368469,0.017470866441726685,-0.3354021906852722,0.012322664260864258,-0.4743165969848633,-0.0023655742406845093,-0.5588214993476868,-0.014824390411376953,-0.6202265024185181,0.07846599817276001,-0.33515918254852295,0.11574038863182068,-0.4924854040145874,0.12843245267868042,-0.5884778201580048,0.13539955019950867,-0.6596880853176117,0.13337960839271545,-0.30190831422805786,0.1885433793067932,-0.4110162854194641,0.20523762702941895,-0.47915732860565186,0.21631649136543274,-0.5349505543708801,0.1779993772506714,-0.23959004878997803,0.21491986513137817,-0.27674394845962524,0.20383882522583008,-0.2568790316581726,0.1924366056919098,-0.22651636600494385,6
0.0,0.0,-0.03250935673713684,-0.1323755979537964,-0.00941862165927887,-0.24346375465393066,0.027148783206939697,-0.29836928844451904,0.06447210907936096,-0.32513928413391113,0.008883863687515259,-0.34305763244628906,-0.0035173147916793823,-0.479876846075058,-0.015724360942840576,-0.5627121031284332,-0.02798222005367279,-0.6255539059638977,0.07501220703125,-0.34885406494140625,0.10986652970314026,-0.507023274898529,0.125765860080719,-0.6020793914794922,0.13694250583648682,-0.6734264194965363,0.13259485363960266,-0.315591037273407,0.1776605248451233,-0.43316251039505005,0.19706624746322632,-0.510608047246933,0.21250933408737183,-0.5714563429355621,0.17745041847229004,-0.24903440475463867,0.21347090601921082,-0.2840157747268677,0.20383483171463013,-0.2612600326538086,0.1950899362564087,-0.2250010371208191,6
0.0,0.0,-0.030179768800735474,-0.15074068307876587,-0.001453310251235962,-0.26667267084121704,0.0437888503074646,-0.32135891914367676,0.09404322504997253,-0.3490263819694519,0.011106222867965698,-0.3677433133125305,0.00020222365856170654,-0.5129919648170471,-0.016985595226287842,-0.5995016098022461,-0.033811748027801514,-0.6683952808380127,0.075571209192276,-0.3714103102684021,0.10800933837890625,-0.5410337746143341,0.12097930908203125,-0.6420831382274628,0.12645938992500305,-0.7190800309181213,0.13592448830604553,-0.3368859887123108,0.18905293941497803,-0.459600567817688,0.2089703381061554,-0.531449019908905,0.2202552855014801,-0.5931045711040497,0.188228577375412,-0.26938992738723755,0.23416152596473694,-0.32162654399871826,0.2248826026916504,-0.30166560411453247,0.21277186274528503,-0.2721940279006958,6
0.0,0.0,-0.02658519148826599,-0.15882611274719238,0.009213805198669434,-0.276370108127594,0.06067299842834473,-0.3243330121040344,0.11660078167915344,-0.3488929271697998,0.01672235131263733,-0.37338340282440186,0.0032259225845336914,-0.5216240882873535,-0.015261679887771606,-0.6067933738231659,-0.03467090427875519,-0.6769992113113403,0.08209210634231567,-0.3765227794647217,0.1016816794872284,-0.5536234378814697,0.10979178547859192,-0.6580014824867249,0.11402881145477295,-0.7400957942008972,0.14346706867218018,-0.34073638916015625,0.18955129384994507,-0.47447627782821655,0.20873937010765076,-0.5587314963340759,0.22277125716209412,-0.6301977038383484,0.19622737169265747,-0.2700265645980835,0.23258334398269653,-0.32442718744277954,0.2202831208705902,-0.29673951864242554,0.21207207441329956,-0.25551837682724,6
0.0,0.0,-0.024902403354644775,-0.14127683639526367,0.010584980249404907,-0.25728607177734375,0.059276312589645386,-0.3110728859901428,0.10492342710494995,-0.3467317223548889,0.01813441514968872,-0.36830800771713257,0.006050556898117065,-0.5156730115413666,-0.011862218379974365,-0.5991104245185852,-0.029366254806518555,-0.6645200550556183,0.08313336968421936,-0.3774569630622864,0.10510998964309692,-0.5486021041870117,0.11118367314338684,-0.6503181159496307,0.11449962854385376,-0.7274595201015472,0.14434421062469482,-0.3435623049736023,0.19708546996116638,-0.47908949851989746,0.2151469886302948,-0.5572658777236938,0.22711467742919922,-0.6204716861248016,0.19775599241256714,-0.2732076048851013,0.22968435287475586,-0.3122292160987854,0.21814262866973877,-0.2941932678222656,0.2094351053237915,-0.2623174786567688,6
0.0,0.0,-0.02411685883998871,-0.15486466884613037,0.012611627578735352,-0.2662496566772461,0.05279156565666199,-0.31964075565338135,0.09600961208343506,-0.35926687717437744,0.015263855457305908,-0.36600345373153687,0.0046326518058776855,-0.5133363008499146,-0.013320595026016235,-0.5968404412269592,-0.031090587377548218,-0.6653348803520203,0.07717937231063843,-0.3719346523284912,0.09699821472167969,-0.5509105920791626,0.10205891728401184,-0.6553870141506195,0.10401859879493713,-0.737886518239975,0.13820207118988037,-0.3396044969558716,0.19916245341300964,-0.47505372762680054,0.22139564156532288,-0.5562676191329956,0.23649108409881592,-0.6254205405712128,0.19122985005378723,-0.271811842918396,0.22465413808822632,-0.331601083278656,0.2107182741165161,-0.31219416856765747,0.19952261447906494,-0.2787123918533325,6
0.0,0.0,-0.02893427014350891,-0.15717363357543945,0.005080819129943848,-0.27259403467178345,0.04353970289230347,-0.3335114121437073,0.08305132389068604,-0.37949949502944946,0.00981968641281128,-0.3606564998626709,-0.0013391375541687012,-0.5105190873146057,-0.02041029930114746,-0.5956729352474213,-0.041147708892822266,-0.666403591632843,0.07129868865013123,-0.36462241411209106,0.08832871913909912,-0.5533900856971741,0.09252685308456421,-0.6651712954044342,0.09237739443778992,-0.7543138265609741,0.1330018937587738,-0.3333292603492737,0.19374528527259827,-0.4799923598766327,0.21777832508087158,-0.5663886070251465,0.23308879137039185,-0.6400880217552185,0.18734747171401978,-0.2671549916267395,0.22319310903549194,-0.34692174196243286,0.2101527452468872,-0.3353031873703003,0.1988312005996704,-0.3081037998199463,6
0.0,0.0,-0.03230211138725281,-0.15676426887512207,-0.0020978450775146484,-0.2739892601966858,0.03798601031303406,-0.33332300186157227,0.0810173749923706,-0.3756100535392761,0.0057017505168914795,-0.36355483531951904,-0.005632996559143066,-0.5162448883056641,-0.022208422422409058,-0.601308286190033,-0.039497584104537964,-0.6719476878643036,0.06942889094352722,-0.3684949278831482,0.08752834796905518,-0.5600038170814514,0.09456411004066467,-0.669397383928299,0.09830856323242188,-0.755844384431839,0.1310151219367981,-0.33722466230392456,0.19167280197143555,-0.48644179105758667,0.21452286839485168,-0.5727939903736115,0.23035264015197754,-0.6450780928134918,0.18418216705322266,-0.27146172523498535,0.21770578622817993,-0.353854238986969,0.20032423734664917,-0.33778828382492065,0.18683868646621704,-0.3025308847427368,6
0.0,0.0,-0.03401324152946472,-0.1497042179107666,-0.004263341426849365,-0.26129305362701416,0.03755384683609009,-0.326809287071228,0.07847809791564941,-0.37362903356552124,0.008331149816513062,-0.3625490069389343,-0.005819976329803467,-0.5202594995498657,-0.022960364818572998,-0.6030066311359406,-0.03799012303352356,-0.6756728291511536,0.07511606812477112,-0.36764049530029297,0.09440374374389648,-0.5650101006031036,0.10389578342437744,-0.6725353598594666,0.11078980565071106,-0.7586521208286285,0.13759535551071167,-0.33090049028396606,0.20048633217811584,-0.48503443598747253,0.2204764187335968,-0.5713849663734436,0.2382603883743286,-0.641549825668335,0.18695595860481262,-0.2619085907936096,0.21504080295562744,-0.3556346893310547,0.18759900331497192,-0.3367093801498413,0.1712299883365631,-0.29582446813583374,6
0.0,0.0,-0.03463384509086609,-0.14492326974868774,-0.009078621864318848,-0.26084429025650024,0.025419384241104126,-0.3325459361076355,0.05939379334449768,-0.3850666284561157,0.0032445788383483887,-0.37186652421951294,-0.011524319648742676,-0.528800368309021,-0.02716764807701111,-0.6096228659152985,-0.040534719824790955,-0.6800824403762817,0.06784623861312866,-0.3757302761077881,0.0882609486579895,-0.5709358155727386,0.09844696521759033,-0.6773166358470917,0.10558784008026123,-0.7633835077285767,0.12755998969078064,-0.3382408022880554,0.18789255619049072,-0.4917341470718384,0.20781949162483215,-0.5812053084373474,0.2274974286556244,-0.6510447263717651,0.17670604586601257,-0.2711002230644226,0.1994822919368744,-0.3599807620048523,0.17669662833213806,-0.3544570803642273,0.1651097536087036,-0.3283421993255615,6
0.0,0.0,-0.033890411257743835,-0.15779012441635132,-0.0033115744590759277,-0.2689681649208069,0.03366786241531372,-0.3373539447784424,0.07266238331794739,-0.386863112449646,0.007340669631958008,-0.37634676694869995,-0.006671547889709473,-0.5311011075973511,-0.022863298654556274,-0.6168117821216583,-0.036798447370529175,-0.6909169256687164,0.07080623507499695,-0.3761838674545288,0.0963861346244812,-0.5759766697883606,0.1091938316822052,-0.6860907077789307,0.11397379636764526,-0.7751221358776093,0.13338759541511536,-0.3387415409088135,0.19857120513916016,-0.49224531650543213,0.22142112255096436,-0.5860171914100647,0.24204257130622864,-0.6591485440731049,0.188021719455719,-0.2732400894165039,0.21297559142112732,-0.35935020446777344,0.18885543942451477,-0.34653788805007935,0.17656740546226501,-0.3183293342590332,6
0.0,0.0,-0.03292740881443024,-0.15828675031661987,0.0041689276695251465,-0.28350740671157837,0.05136078596115112,-0.3429561257362366,0.10316622257232666,-0.3785206079483032,0.011098414659500122,-0.3763001561164856,-0.004140138626098633,-0.5348730683326721,-0.018334776163101196,-0.6257592737674713,-0.03193756937980652,-0.702226996421814,0.07755348086357117,-0.37314826250076294,0.10399922728538513,-0.568573385477066,0.11687988042831421,-0.6828653514385223,0.12314251065254211,-0.7738061249256134,0.14074507355690002,-0.3358084559440613,0.2083015739917755,-0.4841884672641754,0.2317391037940979,-0.5779911577701569,0.24540692567825317,-0.6574475467205048,0.19078117609024048,-0.26611781120300293,0.21435955166816711,-0.3516538739204407,0.1855136752128601,-0.3334192633628845,0.16443446278572083,-0.29306381940841675,6
0.0,0.0,-0.03666885197162628,-0.15504246950149536,-0.0053137242794036865,-0.27796101570129395,0.03381776809692383,-0.345034122467041,0.07809820771217346,-0.38657742738723755,0.00848531723022461,-0.38045817613601685,-0.004471421241760254,-0.5383681654930115,-0.01781308650970459,-0.6245914399623871,-0.031382426619529724,-0.6970654129981995,0.07632589340209961,-0.3797241449356079,0.10004279017448425,-0.5726722180843353,0.11292287707328796,-0.6825859844684601,0.1196812093257904,-0.7697456777095795,0.13994136452674866,-0.3412165641784668,0.20111465454101562,-0.4907112717628479,0.22369623184204102,-0.582866758108139,0.2390269637107849,-0.6596395075321198,0.19195550680160522,-0.269656777381897,0.2183312177658081,-0.3530358672142029,0.19271010160446167,-0.33754557371139526,0.1731824278831482,-0.3009260892868042,6
0.0,0.0,-0.04021856188774109,-0.15577757358551025,-0.00884997844696045,-0.2802494168281555,0.03697440028190613,-0.3428545594215393,0.0854518711566925,-0.3808503746986389,0.003666013479232788,-0.37378281354904175,-0.011168956756591797,-0.5343691408634186,-0.026221364736557007,-0.625256210565567,-0.0400051474571228,-0.7012091875076294,0.07050967216491699,-0.3705436587333679,0.09507173299789429,-0.568278044462204,0.10695075988769531,-0.6819288432598114,0.11394047737121582,-0.7720962464809418,0.13433241844177246,-0.33309900760650635,0.1973634958267212,-0.48725640773773193,0.21818000078201294,-0.5803250670433044,0.23314476013183594,-0.6571195423603058,0.18507981300354004,-0.26582974195480347,0.20656728744506836,-0.35714155435562134,0.17578521370887756,-0.3399174213409424,0.15496331453323364,-0.2999889850616455,6
0.0,0.0,-0.027470216155052185,-0.16514188051223755,0.008841782808303833,-0.2889363169670105,0.054035454988479614,-0.347201406955719,0.10494077205657959,-0.3810347318649292,0.014245152473449707,-0.37441521883010864,-0.001161426305770874,-0.5298957228660583,-0.01678493618965149,-0.6187004446983337,-0.032669052481651306,-0.695073813199997,0.07884129881858826,-0.371035635471344,0.10649490356445312,-0.5660694241523743,0.11996495723724365,-0.6807222664356232,0.12550804018974304,-0.7724712491035461,0.1411626636981964,-0.3328040838241577,0.2113601267337799,-0.48030805587768555,0.23574793338775635,-0.5727249085903168,0.24946945905685425,-0.6532216966152191,0.19347286224365234,-0.2604791522026062,0.2224389612674713,-0.34918445348739624,0.19546955823898315,-0.32582998275756836,0.17570915818214417,-0.28325986862182617,6
0.0,0.0,-0.005158156156539917,-0.15062403678894043,0.026837646961212158,-0.29088884592056274,0.0766957700252533,-0.3653155565261841,0.1352214217185974,-0.40814685821533203,0.01093176007270813,-0.3551110625267029,0.02211335301399231,-0.5068153738975525,0.026826322078704834,-0.5975187122821808,0.023070454597473145,-0.6689489185810089,0.04648783802986145,-0.3438693881034851,0.07578229904174805,-0.5460584163665771,0.08990854024887085,-0.6554476618766785,0.09402793645858765,-0.7448598444461823,0.09530678391456604,-0.30082112550735474,0.17593511939048767,-0.4716123044490814,0.19752085208892822,-0.5826704204082489,0.20344135165214539,-0.6872565150260925,0.15478229522705078,-0.22179639339447021,0.23175647854804993,-0.29948222637176514,0.21306324005126953,-0.2711309790611267,0.18789905309677124,-0.23846733570098877,6
0.0,0.0,0.08603939414024353,-0.10795736312866211,0.12195608019828796,-0.2301526665687561,0.1643759310245514,-0.2875831127166748,0.19163766503334045,-0.30516284704208374,0.03421330451965332,-0.4381521940231323,0.042232781648635864,-0.5970233678817749,0.0386885404586792,-0.7054200768470764,0.02668529748916626,-0.7949939668178558,0.011389702558517456,-0.39572572708129883,0.07168734073638916,-0.5233564376831055,0.09871679544448853,-0.5563599765300751,0.10353070497512817,-0.5768578052520752,0.01390644907951355,-0.3160325288772583,0.13864389061927795,-0.3817790746688843,0.1646392047405243,-0.32949817180633545,0.14920467138290405,-0.2886431813240051,0.037828534841537476,-0.21615535020828247,0.15667492151260376,-0.27348196506500244,0.1893405318260193,-0.2549334764480591,0.18805575370788574,-0.23454254865646362,6
0.0,0.0,0.07539406418800354,-0.07209450006484985,0.12009727954864502,-0.16789448261260986,0.1398131549358368,-0.22400110960006714,0.11745908856391907,-0.26473677158355713,0.04177585244178772,-0.39352309703826904,0.047044605016708374,-0.5325230360031128,0.05156522989273071,-0.6165694296360016,0.0480477511882782,-0.6901747584342957,-0.020237058401107788,-0.37937867641448975,-0.04655623435974121,-0.556247740983963,-0.06974855065345764,-0.6661444008350372,-0.09554722905158997,-0.7550111711025238,-0.06964358687400818,-0.3156607151031494,-0.06814149022102356,-0.4352898895740509,-0.0642932653427124,-0.5410497784614563,-0.06705620884895325,-0.6304641962051392,-0.1011040061712265,-0.2174365520477295,-0.028320729732513428,-0.26050829887390137,0.046027809381484985,-0.24907612800598145,0.10245123505592346,-0.22341078519821167,6
0.0,0.0,0.06418243050575256,-0.05928891897201538,0.10706761479377747,-0.16516989469528198,0.09221982955932617,-0.23394238948822021,0.03734752535820007,-0.2634524703025818,0.04054495692253113,-0.4054085612297058,0.052957236766815186,-0.5462055206298828,0.060924381017684937,-0.6313201785087585,0.061337411403656006,-0.7078504264354706,-0.027688682079315186,-0.4014684557914734,-0.050471872091293335,-0.5836488008499146,-0.0681709349155426,-0.6967099606990814,-0.08726382255554199,-0.7909040749073029,-0.08280026912689209,-0.34810733795166016,-0.10805770754814148,-0.5042597949504852,-0.12933112680912018,-0.6322494447231293,-0.15352489054203033,-0.7386676073074341,-0.12726658582687378,-0.2564470171928406,-0.08245575428009033,-0.33462220430374146,-0.027354449033737183,-0.29667532444000244,0.011284738779067993,-0.2409062385559082,6
0.0,0.0,0.06427779793739319,-0.056380629539489746,0.10880744457244873,-0.16010141372680664,0.05510172247886658,-0.22612297534942627,-0.014124780893325806,-0.2623175382614136,0.049704402685165405,-0.4019697308540344,0.07058867812156677,-0.5506644248962402,0.08304592967033386,-0.6426962018013,0.0883769690990448,-0.7269364893436432,-0.030689001083374023,-0.41037702560424805,-0.04717165231704712,-0.5956740379333496,-0.06122535467147827,-0.7102920114994049,-0.07483154535293579,-0.8055973649024963,-0.09263324737548828,-0.36561065912246704,-0.13360077142715454,-0.5264058113098145,-0.15981005132198334,-0.6483838856220245,-0.18482555449008942,-0.7498742341995239,-0.14019863307476044,-0.2770824432373047,-0.11244609951972961,-0.3504881262779236,-0.07242622971534729,-0.2857997417449951,-0.04285439848899841,-0.20986998081207275,6
0.0,0.0,0.06523185968399048,-0.05238962173461914,0.1162373423576355,-0.153003990650177,0.06213626265525818,-0.2082589864730835,-0.010783404111862183,-0.23626655340194702,0.05599367618560791,-0.39558249711990356,0.08467739820480347,-0.5453500747680664,0.1003350019454956,-0.6378917396068573,0.10699540376663208,-0.7258385121822357,-0.02555975317955017,-0.4018360376358032,-0.03617972135543823,-0.5864800810813904,-0.04861387610435486,-0.7033260762691498,-0.06259462237358093,-0.8067222833633423,-0.08788609504699707,-0.3556187152862549,-0.12493479251861572,-0.5068240761756897,-0.1483372300863266,-0.6324594914913177,-0.1719176024198532,-0.7417357563972473,-0.13643406331539154,-0.2682841420173645,-0.10456722974777222,-0.3321068286895752,-0.06409052014350891,-0.2633294463157654,-0.035288840532302856,-0.18745243549346924,6
0.0,0.0,0.06791722774505615,-0.0530129075050354,0.11906301975250244,-0.1553134322166443,0.06092160940170288,-0.21050560474395752,-0.014522403478622437,-0.23580795526504517,0.06339848041534424,-0.39805150032043457,0.09292003512382507,-0.549784392118454,0.10841387510299683,-0.6447961926460266,0.11403733491897583,-0.7334389686584473,-0.019768506288528442,-0.40532833337783813,-0.03213962912559509,-0.5880473852157593,-0.0455036461353302,-0.7028117775917053,-0.05987119674682617,-0.8045227229595184,-0.08360600471496582,-0.3588793873786926,-0.12317466735839844,-0.5082513689994812,-0.14746274054050446,-0.6345745027065277,-0.17218944430351257,-0.7451417446136475,-0.13460326194763184,-0.2709570527076721,-0.10049128532409668,-0.3301358222961426,-0.05560404062271118,-0.2633845806121826,-0.023863106966018677,-0.19040489196777344,6
0.0,0.0,0.06671091914176941,-0.0498233437538147,0.11781668663024902,-0.15243661403656006,0.06255638599395752,-0.20782482624053955,-0.010896176099777222,-0.23546212911605835,0.06317633390426636,-0.39942485094070435,0.09287941455841064,-0.5481846034526825,0.10706064105033875,-0.644653707742691,0.11299073696136475,-0.733368456363678,-0.02061992883682251,-0.40999001264572144,-0.03554195165634155,-0.5902562439441681,-0.04995828866958618,-0.705304741859436,-0.06246355175971985,-0.8043584525585175,-0.08514371514320374,-0.3656883239746094,-0.12653836607933044,-0.5098199248313904,-0.15280263125896454,-0.6332850754261017,-0.17686156928539276,-0.7384904623031616,-0.13647793233394623,-0.2796490788459778,-0.10028168559074402,-0.31296080350875854,-0.05389124155044556,-0.23998332023620605,-0.018888205289840698,-0.1653914451599121,6
0.0,0.0,0.06681624054908752,-0.05088365077972412,0.11703500151634216,-0.15056055784225464,0.06155315041542053,-0.20568138360977173,-0.012441962957382202,-0.2337503433227539,0.06011506915092468,-0.397088885307312,0.0893644392490387,-0.5467891097068787,0.10266724228858948,-0.6409753859043121,0.10746774077415466,-0.7293806672096252,-0.02240300178527832,-0.40608447790145874,-0.0333312451839447,-0.586103230714798,-0.04596179723739624,-0.7000969350337982,-0.05829504132270813,-0.8026508390903473,-0.08651939034461975,-0.35977184772491455,-0.1267981231212616,-0.5085628032684326,-0.15284106135368347,-0.6311432123184204,-0.17787575721740723,-0.7405147850513458,-0.13702072203159332,-0.27084988355636597,-0.10516303777694702,-0.32080960273742676,-0.05978798866271973,-0.2538639307022095,-0.025832265615463257,-0.18408411741256714,6
0.0,0.0,0.06583154201507568,-0.058998703956604004,0.11467355489730835,-0.1584550142288208,0.05807068943977356,-0.21375048160552979,-0.018825262784957886,-0.2385692596435547,0.058073580265045166,-0.40359097719192505,0.08655926585197449,-0.5603013634681702,0.10080084204673767,-0.6562371551990509,0.10641777515411377,-0.7450090646743774,-0.02321639657020569,-0.4127848744392395,-0.031084388494491577,-0.5959419906139374,-0.041047126054763794,-0.7127755880355835,-0.050018250942230225,-0.8124317824840546,-0.08702978491783142,-0.36694586277008057,-0.13170218467712402,-0.5186100006103516,-0.16000831127166748,-0.646472156047821,-0.1850050538778305,-0.7534420490264893,-0.1383049488067627,-0.2767864465713501,-0.11010262370109558,-0.32065606117248535,-0.06628099083900452,-0.24825412034988403,-0.031066983938217163,-0.16905057430267334,6
0.0,0.0,0.06504914164543152,-0.05559438467025757,0.1143287718296051,-0.15284937620162964,0.05969539284706116,-0.20724225044250488,-0.016128480434417725,-0.23122352361679077,0.055334776639938354,-0.394928514957428,0.08014783263206482,-0.5533705353736877,0.09302672743797302,-0.6490562558174133,0.09767037630081177,-0.7382540702819824,-0.02564898133277893,-0.40378648042678833,-0.03225710988044739,-0.5874411463737488,-0.04204520583152771,-0.7028509676456451,-0.0519690215587616,-0.8010233342647552,-0.08997398614883423,-0.35926955938339233,-0.13304567337036133,-0.5101161599159241,-0.16380815207958221,-0.6364608705043793,-0.1916012018918991,-0.7421416640281677,-0.1422376036643982,-0.27186477184295654,-0.11312845349311829,-0.3208118677139282,-0.067400723695755,-0.2527211904525757,-0.031010746955871582,-0.1778814196586609,6
0.0,0.0,0.0660669207572937,-0.05603039264678955,0.11510232090950012,-0.15040689706802368,0.05913752317428589,-0.20336389541625977,-0.01719096302986145,-0.23193585872650146,0.057414889335632324,-0.3947446942329407,0.0829026997089386,-0.5511516332626343,0.09654825925827026,-0.647917777299881,0.10155895352363586,-0.7368228435516357,-0.02262100577354431,-0.40400493144989014,-0.029465198516845703,-0.5848262906074524,-0.03988853096961975,-0.6999555826187134,-0.05042579770088196,-0.797126054763794,-0.08629420399665833,-0.359161376953125,-0.13260477781295776,-0.5093017816543579,-0.16430418193340302,-0.6323333382606506,-0.1924261897802353,-0.734550803899765,-0.138066828250885,-0.27088016271591187,-0.10978010296821594,-0.31306856870651245,-0.0635673999786377,-0.24412328004837036,-0.026182979345321655,-0.16881132125854492,6
0.0,0.0,0.06687164306640625,-0.05752861499786377,0.11545780301094055,-0.15747439861297607,0.05510604381561279,-0.2103586196899414,-0.026064634323120117,-0.23488295078277588,0.056879281997680664,-0.39927756786346436,0.07888025045394897,-0.5553571283817291,0.0915159285068512,-0.6517898440361023,0.09643763303756714,-0.7416157424449921,-0.02516913414001465,-0.41066110134124756,-0.03336969017982483,-0.5891561806201935,-0.04370570182800293,-0.7043750882148743,-0.05367928743362427,-0.8023125231266022,-0.08966517448425293,-0.3669034242630005,-0.1343754529953003,-0.5131528973579407,-0.1651262491941452,-0.6387533247470856,-0.192704439163208,-0.7430955171585083,-0.14174595475196838,-0.2802068591117859,-0.11098706722259521,-0.31727296113967896,-0.06401568651199341,-0.2468530535697937,-0.027087301015853882,-0.1716148853302002,6
0.0,0.0,0.06564131379127502,-0.05880218744277954,0.11471572518348694,-0.15656203031539917,0.055476099252700806,-0.2089771032333374,-0.02495795488357544,-0.22995132207870483,0.05689573287963867,-0.40011709928512573,0.08005741238594055,-0.5577583014965057,0.09326571226119995,-0.6538715362548828,0.09739464521408081,-0.7426407039165497,-0.024330496788024902,-0.4083314538002014,-0.0326063334941864,-0.5892050564289093,-0.04287606477737427,-0.703527182340622,-0.0543113648891449,-0.8009549975395203,-0.08754876255989075,-0.36245715618133545,-0.132642924785614,-0.5135459899902344,-0.1624630242586136,-0.6392855644226074,-0.19033312797546387,-0.7452837824821472,-0.1384543925523758,-0.27338355779647827,-0.11274468898773193,-0.3245149850845337,-0.0676526427268982,-0.25899070501327515,-0.032408177852630615,-0.18612784147262573,6
0.0,0.0,0.06336286664009094,-0.05329024791717529,0.11417773365974426,-0.150334894657135,0.059555232524871826,-0.2056143879890442,-0.01507142186164856,-0.2317047119140625,0.0555567741394043,-0.39228492975234985,0.08035159111022949,-0.5485833287239075,0.09350273013114929,-0.643142819404602,0.09797856211662292,-0.7307202517986298,-0.026032686233520508,-0.4015546441078186,-0.03437039256095886,-0.5823605060577393,-0.045423030853271484,-0.6974696815013885,-0.056723445653915405,-0.7952646017074585,-0.08961200714111328,-0.35695743560791016,-0.13122449815273285,-0.5038931965827942,-0.16047237813472748,-0.6306507587432861,-0.18728330731391907,-0.736421674489975,-0.1405920684337616,-0.2708386778831482,-0.10683393478393555,-0.3111359477043152,-0.06075283885002136,-0.24002671241760254,-0.025132745504379272,-0.1637895107269287,6
0.0,0.0,0.06575411558151245,-0.0561903715133667,0.11365005373954773,-0.15289676189422607,0.05966484546661377,-0.2062150239944458,-0.01668277382850647,-0.233012855052948,0.05765765905380249,-0.3908035159111023,0.08177191019058228,-0.5454549193382263,0.095452219247818,-0.6421490013599396,0.10113990306854248,-0.7321028113365173,-0.022348672151565552,-0.4005337953567505,-0.031262338161468506,-0.5782341361045837,-0.04334843158721924,-0.6936427354812622,-0.05628529191017151,-0.7942469120025635,-0.0852748453617096,-0.3563808798789978,-0.12850108742713928,-0.5077628493309021,-0.15687677264213562,-0.6294798851013184,-0.18342101573944092,-0.7331990599632263,-0.13601955771446228,-0.26987993717193604,-0.11289140582084656,-0.3180916905403137,-0.06806769967079163,-0.2562275528907776,-0.03253600001335144,-0.18735593557357788,6
0.0,0.0,0.06535574793815613,-0.05155026912689209,0.11599868535995483,-0.14475619792938232,0.06104445457458496,-0.19930553436279297,-0.013352662324905396,-0.22756540775299072,0.06083139777183533,-0.3845347762107849,0.08437016606330872,-0.5376279950141907,0.09731501340866089,-0.6317933201789856,0.10282653570175171,-0.7196044027805328,-0.020310819149017334,-0.394775390625,-0.029209792613983154,-0.5735400319099426,-0.039748936891555786,-0.6869694590568542,-0.04988768696784973,-0.7833710610866547,-0.08373433351516724,-0.35085636377334595,-0.12585744261741638,-0.4979802668094635,-0.15440049767494202,-0.6239007115364075,-0.18050821125507355,-0.7283321917057037,-0.13501623272895813,-0.2657601833343506,-0.1033349335193634,-0.3088318705558777,-0.0577029287815094,-0.24336618185043335,-0.0233326256275177,-0.17173945903778076,6
0.0,0.0,0.06603989005088806,-0.057481467723846436,0.11701786518096924,-0.15325713157653809,0.06067708134651184,-0.2085810899734497,-0.013970762491226196,-0.23173105716705322,0.05986616015434265,-0.3939526081085205,0.08641672134399414,-0.548365592956543,0.09915155172348022,-0.6422327756881714,0.10419291257858276,-0.7289398312568665,-0.019967317581176758,-0.401574969291687,-0.027377933263778687,-0.5817913115024567,-0.038155198097229004,-0.6952559351921082,-0.046689391136169434,-0.7906710207462311,-0.08178088068962097,-0.35648733377456665,-0.12450291216373444,-0.5073416829109192,-0.15383216738700867,-0.6347706615924835,-0.1787945181131363,-0.7405706644058228,-0.13199111819267273,-0.2675994038581848,-0.10056871175765991,-0.3185667395591736,-0.05722016096115112,-0.24740540981292725,-0.022002190351486206,-0.16722416877746582,6
0.0,0.0,0.059396058320999146,-0.05302506685256958,0.10644778609275818,-0.14714497327804565,0.051992207765579224,-0.20116406679153442,-0.019678175449371338,-0.22976082563400269,0.05011287331581116,-0.3905358910560608,0.07398965954780579,-0.5420261025428772,0.08709314465522766,-0.6351428925991058,0.0915820300579071,-0.7221317291259766,-0.030733764171600342,-0.4000891447067261,-0.040490925312042236,-0.5795619189739227,-0.05290710926055908,-0.6924394369125366,-0.065497487783432,-0.7908288836479187,-0.09401613473892212,-0.35606980323791504,-0.13675457239151,-0.5006847381591797,-0.16631527245044708,-0.6263149082660675,-0.19392184913158417,-0.7327821850776672,-0.1456134021282196,-0.2694777846336365,-0.11619514226913452,-0.31080353260040283,-0.06971916556358337,-0.24294346570968628,-0.033907026052474976,-0.16957753896713257,6
0.0,0.0,0.06154558062553406,-0.05977475643157959,0.10789752006530762,-0.1538165807723999,0.05140295624732971,-0.20351475477218628,-0.023094654083251953,-0.22733402252197266,0.055452555418014526,-0.3919537663459778,0.08077138662338257,-0.5434402227401733,0.09441733360290527,-0.6375495195388794,0.10000753402709961,-0.724614679813385,-0.026084423065185547,-0.400143563747406,-0.03613638877868652,-0.5782124400138855,-0.047934889793395996,-0.69008469581604,-0.05895105004310608,-0.7857761085033417,-0.08929389715194702,-0.35512375831604004,-0.13240091502666473,-0.5019598603248596,-0.1618528515100479,-0.625962883234024,-0.18866023421287537,-0.7297217845916748,-0.13944998383522034,-0.26693809032440186,-0.1148519217967987,-0.3142735958099365,-0.07025521993637085,-0.24885427951812744,-0.03411662578582764,-0.17491602897644043,6
0.0,0.0,0.06347072124481201,-0.054390132427215576,0.11328676342964172,-0.14931738376617432,0.05863603949546814,-0.20358657836914062,-0.01877608895301819,-0.22963416576385498,0.06304240226745605,-0.38806092739105225,0.08928290009498596,-0.5400250554084778,0.10223087668418884,-0.6335918605327606,0.10672733187675476,-0.7208145558834076,-0.017442375421524048,-0.39974844455718994,-0.026557713747024536,-0.576998770236969,-0.04060479998588562,-0.6909441947937012,-0.05411696434020996,-0.787944108247757,-0.08076941967010498,-0.35638535022735596,-0.12178811430931091,-0.501798689365387,-0.15117405354976654,-0.626543402671814,-0.17854909598827362,-0.7303696572780609,-0.13230732083320618,-0.27042973041534424,-0.09881019592285156,-0.30772650241851807,-0.055138617753982544,-0.23486179113388062,-0.02181464433670044,-0.15624070167541504,6
0.0,0.0,0.06513997912406921,-0.054684996604919434,0.11358669400215149,-0.15217232704162598,0.05615425109863281,-0.20536953210830688,-0.020470768213272095,-0.2330235242843628,0.06222432851791382,-0.3837467432022095,0.08750846982002258,-0.5353338718414307,0.10052528977394104,-0.6282264888286591,0.10568484663963318,-0.7143319547176361,-0.018095403909683228,-0.3951858878135681,-0.02636873722076416,-0.5716650485992432,-0.03708678483963013,-0.6838604509830475,-0.04785740375518799,-0.7794248163700104,-0.08145499229431152,-0.3532392978668213,-0.12234748899936676,-0.4998037815093994,-0.14978045225143433,-0.6223709881305695,-0.17575620114803314,-0.72458416223526,-0.13328327238559723,-0.270907461643219,-0.0994928777217865,-0.30899739265441895,-0.05541321635246277,-0.23981201648712158,-0.023304075002670288,-0.16641777753829956,6
0.0,0.0,0.0613044798374176,-0.052630484104156494,0.1111229956150055,-0.14779502153396606,0.0569801926612854,-0.19854283332824707,-0.015842139720916748,-0.22533774375915527,0.0614265501499176,-0.38418126106262207,0.0878470242023468,-0.5333722233772278,0.10083451867103577,-0.6248224973678589,0.10660049319267273,-0.7108497619628906,-0.019428104162216187,-0.3971424102783203,-0.026622921228408813,-0.5711598694324493,-0.038196027278900146,-0.6841561496257782,-0.04823833703994751,-0.7812067866325378,-0.0837639570236206,-0.35639888048171997,-0.12285295128822327,-0.49958422780036926,-0.15089960396289825,-0.6246229410171509,-0.17647981643676758,-0.7290621399879456,-0.13683325052261353,-0.27410268783569336,-0.09894204139709473,-0.298800528049469,-0.05481633543968201,-0.21882140636444092,-0.021594315767288208,-0.13742542266845703,6
0.0,0.0,0.06441044807434082,-0.0544896125793457,0.11052471399307251,-0.14940154552459717,0.056005775928497314,-0.2024591565132141,-0.018184393644332886,-0.23279207944869995,0.059163838624954224,-0.3872210383415222,0.08558034896850586,-0.5363942980766296,0.09974101185798645,-0.629778265953064,0.10574349761009216,-0.7163237631320953,-0.02035316824913025,-0.3983810544013977,-0.028891801834106445,-0.5732125043869019,-0.04081326723098755,-0.6867861747741699,-0.053669244050979614,-0.7862251698970795,-0.08366388082504272,-0.3560643196105957,-0.12327080965042114,-0.5018326044082642,-0.1504179835319519,-0.6218548119068146,-0.1770332008600235,-0.7254346609115601,-0.13457079231739044,-0.2716679573059082,-0.10256999731063843,-0.3115575909614563,-0.05885279178619385,-0.2453715205192566,-0.026258230209350586,-0.17518293857574463,6
0.0,0.0,0.06438377499580383,-0.0534520149230957,0.1122092604637146,-0.1516869068145752,0.055109262466430664,-0.20553851127624512,-0.019884079694747925,-0.23201406002044678,0.061318427324295044,-0.382673442363739,0.08638378977775574,-0.5316287875175476,0.10057634115219116,-0.6235940754413605,0.10664570331573486,-0.7094233632087708,-0.018649786710739136,-0.3952069878578186,-0.02660873532295227,-0.5738432109355927,-0.0371474027633667,-0.6861437261104584,-0.04807233810424805,-0.7811946272850037,-0.08141374588012695,-0.3546994924545288,-0.12083208560943604,-0.5000316500663757,-0.14909254014492035,-0.6247280836105347,-0.17583389580249786,-0.728486031293869,-0.13289034366607666,-0.27310627698898315,-0.09898316860198975,-0.3119150996208191,-0.05496475100517273,-0.24332845211029053,-0.02270716428756714,-0.17099344730377197,6
0.0,0.0,0.06078174710273743,-0.054046452045440674,0.10605868697166443,-0.15160393714904785,0.0508236289024353,-0.20530128479003906,-0.0205363929271698,-0.23324692249298096,0.05364346504211426,-0.38759416341781616,0.07877311110496521,-0.5375254154205322,0.09256863594055176,-0.62794628739357,0.09815970063209534,-0.713056206703186,-0.02724394202232361,-0.39711207151412964,-0.03513750433921814,-0.5760255753993988,-0.04481428861618042,-0.6883401572704315,-0.05530041456222534,-0.7845177948474884,-0.0906941294670105,-0.3531493544578552,-0.13084805011749268,-0.4975658655166626,-0.15682663023471832,-0.6237179338932037,-0.18263791501522064,-0.7293225526809692,-0.14247514307498932,-0.26840364933013916,-0.10523179173469543,-0.315851092338562,-0.05986717343330383,-0.24770158529281616,-0.028244733810424805,-0.17356979846954346,6
0.0,0.0,0.06394773721694946,-0.04708749055862427,0.1178094744682312,-0.14053082466125488,0.06686985492706299,-0.19728463888168335,-0.007197320461273193,-0.22543197870254517,0.06458809971809387,-0.3810576796531677,0.09100949764251709,-0.5288031101226807,0.10571229457855225,-0.6191100776195526,0.11279839277267456,-0.704756498336792,-0.01665446162223816,-0.39482343196868896,-0.023008227348327637,-0.570298433303833,-0.03319874405860901,-0.6828385889530182,-0.04235324263572693,-0.7779249250888824,-0.0807313323020935,-0.3532288074493408,-0.11762881278991699,-0.4941413998603821,-0.1456691175699234,-0.6217263340950012,-0.17066732048988342,-0.7279220819473267,-0.13331612944602966,-0.2689635753631592,-0.09317091107368469,-0.29682713747024536,-0.04799249768257141,-0.21997135877609253,-0.013698965311050415,-0.14075171947479248,6
0.0,0.0,0.06312510371208191,-0.05256730318069458,0.11178433895111084,-0.14826107025146484,0.06058821082115173,-0.20340090990066528,-0.010188639163970947,-0.2323123812675476,0.05927860736846924,-0.3845454454421997,0.08631938695907593,-0.5328978300094604,0.10139307379722595,-0.6243990659713745,0.10785454511642456,-0.709976077079773,-0.021071434020996094,-0.3961104154586792,-0.028538376092910767,-0.5735630989074707,-0.037859976291656494,-0.6866280138492584,-0.04759204387664795,-0.7828362584114075,-0.08447426557540894,-0.3537334203720093,-0.12264314293861389,-0.4983826279640198,-0.14833945035934448,-0.6246707439422607,-0.1727581024169922,-0.7304374873638153,-0.1355399489402771,-0.26987630128860474,-0.10068213939666748,-0.3108943700790405,-0.05641263723373413,-0.24441343545913696,-0.023978471755981445,-0.17281979322433472,6
0.0,0.0,0.06265202164649963,-0.05394017696380615,0.11056569218635559,-0.1505659818649292,0.05375450849533081,-0.20133137702941895,-0.0205671489238739,-0.2252989411354065,0.06034654378890991,-0.38513392210006714,0.08824202418327332,-0.5327141284942627,0.10329103469848633,-0.6240692734718323,0.10900020599365234,-0.7099919617176056,-0.021162301301956177,-0.3962188959121704,-0.028106510639190674,-0.5731728971004486,-0.038115471601486206,-0.686683177947998,-0.04979559779167175,-0.7854147851467133,-0.08531075716018677,-0.35226690769195557,-0.12398529052734375,-0.4931952953338623,-0.14900071918964386,-0.6191718280315399,-0.1752309799194336,-0.726168155670166,-0.1373365819454193,-0.2673688530921936,-0.09766507148742676,-0.3051519989967346,-0.052925437688827515,-0.2368391752243042,-0.02289518713951111,-0.1647355556488037,6
0.0,0.0,0.06143510341644287,-0.051452815532684326,0.11198225617408752,-0.14662939310073853,0.05910992622375488,-0.2020358443260193,-0.013878554105758667,-0.22962981462478638,0.06088152527809143,-0.3883710503578186,0.08788669109344482,-0.5382010638713837,0.10312658548355103,-0.6300280094146729,0.10997185111045837,-0.7169453799724579,-0.02075788378715515,-0.39988231658935547,-0.027642279863357544,-0.5795922577381134,-0.0388338565826416,-0.6947682499885559,-0.05036646127700806,-0.7962607145309448,-0.08531036972999573,-0.35644757747650146,-0.12339264154434204,-0.5015557408332825,-0.15023602545261383,-0.6264733970165253,-0.1758682131767273,-0.7338560521602631,-0.13828563690185547,-0.2704387307167053,-0.10334062576293945,-0.3137807250022888,-0.06028091907501221,-0.24163919687271118,-0.028221040964126587,-0.16604632139205933,6
0.0,0.0,0.06444469094276428,-0.05661219358444214,0.11213141679763794,-0.1561451554298401,0.05164256691932678,-0.20820003747940063,-0.028057903051376343,-0.23169225454330444,0.05424872040748596,-0.39918267726898193,0.08315744996070862,-0.5568142533302307,0.09956285357475281,-0.6540730595588684,0.10604885220527649,-0.7455863952636719,-0.028357386589050293,-0.40876835584640503,-0.03644925355911255,-0.5954907536506653,-0.04719126224517822,-0.7137446999549866,-0.06021517515182495,-0.81939497590065,-0.09269234538078308,-0.36350828409194946,-0.13502033054828644,-0.5132343769073486,-0.1626661717891693,-0.6406798362731934,-0.1900801956653595,-0.752135157585144,-0.14453788101673126,-0.2753453254699707,-0.11837175488471985,-0.32905977964401245,-0.07287049293518066,-0.26337897777557373,-0.03812551498413086,-0.1904779076576233,6
0.0,0.0,0.07508975267410278,-0.05726003646850586,0.1260470151901245,-0.162764310836792,0.05605760216712952,-0.2113645076751709,-0.03348410129547119,-0.22743844985961914,0.05618444085121155,-0.4108685851097107,0.08510294556617737,-0.5712520182132721,0.10203897953033447,-0.6752396523952484,0.11127901077270508,-0.7720893919467926,-0.03013172745704651,-0.42052775621414185,-0.04023182392120361,-0.608391523361206,-0.051199376583099365,-0.7312772274017334,-0.061125248670578,-0.841415137052536,-0.09660738706588745,-0.37282031774520874,-0.14534009993076324,-0.53095942735672,-0.17471350729465485,-0.6573618948459625,-0.2000446915626526,-0.7683294117450714,-0.14849360287189484,-0.28159499168395996,-0.13290110230445862,-0.3270101547241211,-0.08576840162277222,-0.2564327120780945,-0.046802788972854614,-0.1827360987663269,6
0.0,0.0,0.0745292603969574,-0.05852240324020386,0.12304165959358215,-0.16502314805984497,0.03885689377784729,-0.2163105010986328,-0.06117355823516846,-0.23267465829849243,0.05327296257019043,-0.4170644283294678,0.07703354954719543,-0.5841326117515564,0.09284946322441101,-0.6895618140697479,0.10164344310760498,-0.7841397225856781,-0.03563573956489563,-0.42640936374664307,-0.054014623165130615,-0.6137359738349915,-0.06881576776504517,-0.7353261113166809,-0.0810236930847168,-0.8404127657413483,-0.10465142130851746,-0.3755921721458435,-0.16159629821777344,-0.5345814228057861,-0.19558018445968628,-0.6580601334571838,-0.22395473718643188,-0.763643354177475,-0.16048495471477509,-0.27944326400756836,-0.1516181379556656,-0.31950169801712036,-0.10506695508956909,-0.2579392194747925,-0.06605422496795654,-0.19257861375808716,6
0.0,0.0,0.07470813393592834,-0.06185835599899292,0.1256091594696045,-0.1688159704208374,0.04332852363586426,-0.20840781927108765,-0.06105867028236389,-0.20880520343780518,0.04449579119682312,-0.4151780605316162,0.06820207834243774,-0.5829061269760132,0.08218801021575928,-0.6847342848777771,0.0886903703212738,-0.7794654965400696,-0.04427477717399597,-0.4204203486442566,-0.06217494606971741,-0.610663115978241,-0.07772237062454224,-0.7289381623268127,-0.0921885222196579,-0.8343298733234406,-0.1100933849811554,-0.3671354055404663,-0.17047612369060516,-0.5240398645401001,-0.20638710260391235,-0.6458919048309326,-0.2373851090669632,-0.7574110627174377,-0.16073022782802582,-0.2697896957397461,-0.15623147785663605,-0.3234260678291321,-0.11249631643295288,-0.25566112995147705,-0.0747811496257782,-0.18481481075286865,6
0.0,0.0,0.07136452198028564,-0.059233665466308594,0.12130439281463623,-0.16597330570220947,0.044278115034103394,-0.21086180210113525,-0.053073883056640625,-0.22564053535461426,0.04167520999908447,-0.41297364234924316,0.06169906258583069,-0.5753192901611328,0.07554376125335693,-0.6771227717399597,0.08318358659744263,-0.7732526957988739,-0.04811835289001465,-0.42102211713790894,-0.06699061393737793,-0.6073232889175415,-0.08268946409225464,-0.7267298996448517,-0.0961408019065857,-0.8303399682044983,-0.1151721179485321,-0.37070512771606445,-0.17132626473903656,-0.5244665741920471,-0.20644138753414154,-0.6492804288864136,-0.236265167593956,-0.7554866969585419,-0.16566957533359528,-0.2768172025680542,-0.14922475814819336,-0.31549781560897827,-0.10110548138618469,-0.24612778425216675,-0.06170603632926941,-0.17486655712127686,6
0.0,0.0,0.06719246506690979,-0.056325316429138184,0.11133754253387451,-0.16007453203201294,0.04208919405937195,-0.21262353658676147,-0.041250795125961304,-0.24002492427825928,0.042641133069992065,-0.4081093668937683,0.06768575310707092,-0.5668729543685913,0.08339473605155945,-0.6695010960102081,0.09331297874450684,-0.7635553479194641,-0.04277816414833069,-0.4178770184516907,-0.05795729160308838,-0.6065868139266968,-0.07090502977371216,-0.7267625033855438,-0.08099046349525452,-0.8265019953250885,-0.10746532678604126,-0.3713088035583496,-0.15734368562698364,-0.5302167236804962,-0.18919645249843597,-0.6552682816982269,-0.21634793281555176,-0.7570215165615082,-0.15679500997066498,-0.2823212146759033,-0.13737952709197998,-0.3201001286506653,-0.08867770433425903,-0.25311362743377686,-0.049029380083084106,-0.18065917491912842,6
0.0,0.0,0.06880587339401245,-0.05210769176483154,0.12085404992103577,-0.14837265014648438,0.0680188238620758,-0.2039816975593567,-0.004889994859695435,-0.2320547103881836,0.06423860788345337,-0.3998957872390747,0.09209626913070679,-0.5515215992927551,0.10653173923492432,-0.6468589007854462,0.11168023943901062,-0.7347378730773926,-0.01786324381828308,-0.41010987758636475,-0.03090345859527588,-0.593411922454834,-0.042962729930877686,-0.7092361748218536,-0.054987818002700806,-0.807308167219162,-0.08136466145515442,-0.362903892993927,-0.12610593438148499,-0.5104750990867615,-0.15335297584533691,-0.6363987624645233,-0.17895521223545074,-0.7397752702236176,-0.13119614124298096,-0.2738083004951477,-0.09857085347175598,-0.31145215034484863,-0.05388808250427246,-0.24852192401885986,-0.021610021591186523,-0.1793254017829895,6
0.0,0.0,0.07422399520874023,-0.048514604568481445,0.1334768533706665,-0.13484400510787964,0.09806191921234131,-0.1908140778541565,0.03390875458717346,-0.22112292051315308,0.07808840274810791,-0.38736677169799805,0.11122238636016846,-0.5324177443981171,0.12721997499465942,-0.6247378885746002,0.13447171449661255,-0.7097658812999725,0.00030303001403808594,-0.3999062776565552,-0.00653490424156189,-0.5817649662494659,-0.018730521202087402,-0.6990262866020203,-0.031164616346359253,-0.7982000410556793,-0.06022387742996216,-0.3560017943382263,-0.09849438071250916,-0.5026516020298004,-0.12227600812911987,-0.6253902018070221,-0.1432819962501526,-0.7265777587890625,-0.10830211639404297,-0.26888859272003174,-0.07910731434822083,-0.31332939863204956,-0.03639000654220581,-0.25959718227386475,-0.0028995275497436523,-0.19612836837768555,6
0.0,0.0,0.07554766535758972,-0.04145979881286621,0.1350979506969452,-0.1186976432800293,0.10566774010658264,-0.1723250150680542,0.04578152298927307,-0.20463073253631592,0.08091381192207336,-0.370039701461792,0.11816570162773132,-0.5110313892364502,0.13529768586158752,-0.6033305525779724,0.14359721541404724,-0.6864244639873505,0.00524565577507019,-0.38683342933654785,0.004004091024398804,-0.5618247091770172,-0.005407243967056274,-0.6761715710163116,-0.01406833529472351,-0.7712594866752625,-0.058511704206466675,-0.3480522632598877,-0.08774155378341675,-0.4929113984107971,-0.10329964756965637,-0.6121118068695068,-0.11631074547767639,-0.7105757892131805,-0.11189150810241699,-0.26462292671203613,-0.08530822396278381,-0.29645293951034546,-0.040346384048461914,-0.24421417713165283,-0.0028315484523773193,-0.18432176113128662,6
0.0,0.0,0.08032763004302979,-0.03859663009643555,0.1511271595954895,-0.10737287998199463,0.13575607538223267,-0.1660759449005127,0.07269012928009033,-0.20288997888565063,0.09681105613708496,-0.3605721592903137,0.13699322938919067,-0.5040969252586365,0.15683192014694214,-0.5964259803295135,0.1662539839744568,-0.6813317239284515,0.02439481019973755,-0.3761257529258728,0.02834293246269226,-0.5583457946777344,0.021436721086502075,-0.6767805516719818,0.010659575462341309,-0.7796238362789154,-0.03787776827812195,-0.33529162406921387,-0.055820345878601074,-0.4854336380958557,-0.06925845146179199,-0.6116276979446411,-0.08612066507339478,-0.7182941734790802,-0.09263291954994202,-0.25178033113479614,-0.04938971996307373,-0.2952948212623596,-0.005468159914016724,-0.2347528338432312,0.02600148320198059,-0.16362088918685913,6
0.0,0.0,0.08630964159965515,-0.031069815158843994,0.15982672572135925,-0.09226363897323608,0.14417049288749695,-0.15244746208190918,0.07733157277107239,-0.1874253749847412,0.11804381012916565,-0.3548240661621094,0.1616179645061493,-0.4947648048400879,0.18401649594306946,-0.5869885683059692,0.19391503930091858,-0.6732097268104553,0.05019661784172058,-0.37760549783706665,0.059283047914505005,-0.5619066953659058,0.054179638624191284,-0.6768054664134979,0.04425862431526184,-0.7724688053131104,-0.009490281343460083,-0.34524065256118774,-0.027241915464401245,-0.48573318123817444,-0.04086849093437195,-0.6082472801208496,-0.05717453360557556,-0.7100610733032227,-0.06469634175300598,-0.26749247312545776,-0.02923700213432312,-0.2938719391822815,0.008794665336608887,-0.22860968112945557,0.037893146276474,-0.15110576152801514,6
0.0,0.0,0.088738352060318,-0.023232102394104004,0.16741690039634705,-0.08292937278747559,0.15997758507728577,-0.14609795808792114,0.09707096219062805,-0.18567639589309692,0.13262328505516052,-0.3360505700111389,0.18097874522209167,-0.4713844060897827,0.20559248328208923,-0.5608057379722595,0.219547301530838,-0.6456152200698853,0.06595125794410706,-0.36136430501937866,0.08622875809669495,-0.5362625122070312,0.09013417363166809,-0.6513620316982269,0.08867147564888,-0.7501204311847687,0.004545867443084717,-0.3337947130203247,0.0035710930824279785,-0.4798847436904907,-0.001684039831161499,-0.6048983037471771,-0.009103119373321533,-0.7137295007705688,-0.05220809578895569,-0.2645484209060669,-0.0016830861568450928,-0.3053779602050781,0.0346393883228302,-0.23510104417800903,0.061662524938583374,-0.1546815037727356,6
0.0,0.0,0.0850263237953186,-0.02318638563156128,0.1587575078010559,-0.07805484533309937,0.1592007279396057,-0.1357383131980896,0.10179585218429565,-0.176314115524292,0.13288480043411255,-0.33537161350250244,0.18436658382415771,-0.4673042893409729,0.2096768617630005,-0.5561829209327698,0.22383642196655273,-0.6392022967338562,0.06936889886856079,-0.3588957190513611,0.0915636420249939,-0.5331252217292786,0.09653347730636597,-0.6473584175109863,0.09639358520507812,-0.7414555549621582,0.008574843406677246,-0.33009225130081177,0.0060520172119140625,-0.48105666041374207,0.004292786121368408,-0.6023565828800201,0.0007387995719909668,-0.7034534811973572,-0.048340678215026855,-0.2600066065788269,-0.006091594696044922,-0.3035580515861511,0.029079735279083252,-0.24328583478927612,0.05511891841888428,-0.1705983281135559,6
0.0,0.0,0.0840802788734436,-0.022130727767944336,0.15891337394714355,-0.07275915145874023,0.1698480248451233,-0.12808072566986084,0.11198633909225464,-0.1670290231704712,0.1392102837562561,-0.32873106002807617,0.19225060939788818,-0.45495474338531494,0.21919292211532593,-0.5398070514202118,0.236691415309906,-0.6221513152122498,0.07723408937454224,-0.3547849655151367,0.09982383251190186,-0.5268026888370514,0.1061704158782959,-0.641311377286911,0.10775643587112427,-0.7363305985927582,0.017022132873535156,-0.32866382598876953,0.015978336334228516,-0.4744518995285034,0.014719724655151367,-0.5971569418907166,0.012241899967193604,-0.7009871006011963,-0.03902643918991089,-0.2605535387992859,0.009470164775848389,-0.3054112195968628,0.0411069393157959,-0.24249249696731567,0.06368863582611084,-0.16488116979599,6
0.0,0.0,0.08302497863769531,-0.02334219217300415,0.15690600872039795,-0.07910031080245972,0.16158360242843628,-0.13599348068237305,0.10611933469772339,-0.17486363649368286,0.13345283269882202,-0.3359207510948181,0.18637007474899292,-0.46594130992889404,0.21323490142822266,-0.5544034242630005,0.22815221548080444,-0.6373654007911682,0.07083916664123535,-0.3582155704498291,0.09317666292190552,-0.5325668156147003,0.09690696001052856,-0.6473407745361328,0.09538275003433228,-0.7439464628696442,0.010742604732513428,-0.3297956585884094,0.010639309883117676,-0.47526562213897705,0.008348166942596436,-0.5973878800868988,0.004151523113250732,-0.7016336023807526,-0.04667240381240845,-0.2601492404937744,-0.002636551856994629,-0.30142563581466675,0.033079564571380615,-0.2415342926979065,0.06013655662536621,-0.16870683431625366,6
0.0,0.0,0.08280828595161438,-0.03073251247406006,0.15413936972618103,-0.07917100191116333,0.1572495400905609,-0.13589942455291748,0.09876987338066101,-0.17258161306381226,0.12985727190971375,-0.3275989890098572,0.17877504229545593,-0.45900726318359375,0.20566555857658386,-0.5433801412582397,0.2208963930606842,-0.6249960958957672,0.06735357642173767,-0.34954679012298584,0.08796080946922302,-0.5230358242988586,0.09327468276023865,-0.6341520845890045,0.09219345450401306,-0.7278194427490234,0.00952199101448059,-0.32290834188461304,0.004179090261459351,-0.4625614583492279,0.004234641790390015,-0.5802819430828094,0.0010140538215637207,-0.6805396378040314,-0.04564407467842102,-0.2530001401901245,-0.0026672184467315674,-0.30720072984695435,0.030906885862350464,-0.25023865699768066,0.05480572581291199,-0.17518174648284912,6
0.0,0.0,0.07608142495155334,-0.03034687042236328,0.1411798894405365,-0.08673948049545288,0.13661709427833557,-0.13513684272766113,0.08586511015892029,-0.17386889457702637,0.11723068356513977,-0.32845646142959595,0.16337695717811584,-0.45486873388290405,0.18950393795967102,-0.5374726057052612,0.2044791877269745,-0.6165360510349274,0.0537090003490448,-0.3507828712463379,0.07032027840614319,-0.5212013125419617,0.07285848259925842,-0.6304556429386139,0.07015189528465271,-0.7238017618656158,-0.005179017782211304,-0.3221208453178406,-0.014225423336029053,-0.45898503065109253,-0.018815964460372925,-0.5762649774551392,-0.026818126440048218,-0.6779107451438904,-0.05950668454170227,-0.2539680600166321,-0.02014961838722229,-0.28824692964553833,0.01568448543548584,-0.2290385365486145,0.04183962941169739,-0.16193538904190063,6
0.0,0.0,0.08197072148323059,-0.03764832019805908,0.14660117030143738,-0.0960492491722107,0.13327208161354065,-0.15309453010559082,0.07780691981315613,-0.1843922734260559,0.11317607760429382,-0.33092087507247925,0.16051140427589417,-0.46194446086883545,0.1846579611301422,-0.5487640202045441,0.19747456908226013,-0.627706915140152,0.04977840185165405,-0.34722936153411865,0.06478720903396606,-0.5232815146446228,0.0681847333908081,-0.6337862312793732,0.06725004315376282,-0.7252271175384521,-0.0048857033252716064,-0.3147251009941101,-0.015728622674942017,-0.45539721846580505,-0.021622896194458008,-0.5704760253429413,-0.02973976731300354,-0.6684550344944,-0.05322715640068054,-0.23783361911773682,-0.017503738403320312,-0.30525726079940796,0.010875672101974487,-0.25368350744247437,0.03026178479194641,-0.181310772895813,6
0.0,0.0,0.07343381643295288,-0.037788212299346924,0.13230860233306885,-0.1025577187538147,0.11345803737640381,-0.1585673689842224,0.06140384078025818,-0.1958821415901184,0.10107213258743286,-0.3270341753959656,0.14408916234970093,-0.4573451280593872,0.16775041818618774,-0.5412588715553284,0.18207699060440063,-0.618998110294342,0.03646153211593628,-0.34694409370422363,0.05441597104072571,-0.513019323348999,0.057976216077804565,-0.622373640537262,0.05782359838485718,-0.7156735360622406,-0.023760318756103516,-0.3169255256652832,-0.03374865651130676,-0.4550600051879883,-0.041125744581222534,-0.5691474676132202,-0.05065169930458069,-0.6638205349445343,-0.08032351732254028,-0.2455649971961975,-0.05218544602394104,-0.27890098094940186,-0.022061079740524292,-0.22063302993774414,0.0004602670669555664,-0.15228551626205444,6
0.0,0.0,0.06603589653968811,-0.04144024848937988,0.11416593194007874,-0.11372929811477661,0.08630424737930298,-0.16881918907165527,0.03415989875793457,-0.20418769121170044,0.0873447060585022,-0.3293834924697876,0.12319597601890564,-0.45906198024749756,0.14177867770195007,-0.540723592042923,0.15268680453300476,-0.6144411563873291,0.02069699764251709,-0.34355324506759644,0.026662677526474,-0.5074830651283264,0.023826688528060913,-0.610439270734787,0.01945030689239502,-0.6969552934169769,-0.03786316514015198,-0.31176167726516724,-0.05727660655975342,-0.4498099088668823,-0.0690816342830658,-0.5545223653316498,-0.08160826563835144,-0.6435574889183044,-0.0908852219581604,-0.24095988273620605,-0.057078808546066284,-0.29497385025024414,-0.021251559257507324,-0.2406037449836731,0.005073815584182739,-0.1777006983757019,6
0.0,0.0,0.06309047341346741,-0.04664582014083862,0.10794547200202942,-0.12450438737869263,0.07649087905883789,-0.17807775735855103,0.02718403935432434,-0.21406131982803345,0.07602787017822266,-0.3393106460571289,0.11089015007019043,-0.46704185009002686,0.12948673963546753,-0.5476894378662109,0.14018958806991577,-0.6219973266124725,0.009488046169281006,-0.3521527051925659,0.013508707284927368,-0.5112793445587158,0.00890776515007019,-0.6151189506053925,0.001971602439880371,-0.7030370235443115,-0.046416908502578735,-0.31933045387268066,-0.07295680046081543,-0.4556688070297241,-0.08653262257575989,-0.5583700835704803,-0.10097819566726685,-0.6431344449520111,-0.09504228830337524,-0.2499057650566101,-0.06729325652122498,-0.29770946502685547,-0.03057199716567993,-0.24879008531570435,-0.0037114620208740234,-0.1927592158317566,6
0.0,0.0,0.06108909845352173,-0.047271013259887695,0.10575520992279053,-0.12844741344451904,0.06510639190673828,-0.18269401788711548,0.007140368223190308,-0.21819019317626953,0.06812480092048645,-0.3477363586425781,0.10058996081352234,-0.4724758267402649,0.11687776446342468,-0.5512185096740723,0.12577393651008606,-0.6255682408809662,-0.0006246864795684814,-0.3610200881958008,0.0012349486351013184,-0.5169977843761444,-0.003381073474884033,-0.6173460781574249,-0.008856654167175293,-0.7048247456550598,-0.05703228712081909,-0.3261074423789978,-0.08593598008155823,-0.45864182710647583,-0.10147103667259216,-0.5628496706485748,-0.11660119891166687,-0.6536359786987305,-0.10393741726875305,-0.2528420686721802,-0.07353225350379944,-0.2983728051185608,-0.035876452922821045,-0.2434678077697754,-0.007627606391906738,-0.1845564842224121,6
0.0,0.0,0.05754995346069336,-0.048258423805236816,0.09757468104362488,-0.12565773725509644,0.06413266062736511,-0.18021327257156372,0.013416320085525513,-0.21430093050003052,0.06873586773872375,-0.33661049604415894,0.10136660933494568,-0.4597170352935791,0.11877685785293579,-0.5369465947151184,0.12904980778694153,-0.608491837978363,0.0023714303970336914,-0.3509250283241272,0.005240708589553833,-0.5051342844963074,-0.0004642307758331299,-0.6066673696041107,-0.007423877716064453,-0.6930409967899323,-0.05290016531944275,-0.3177962899208069,-0.0798223614692688,-0.4477177858352661,-0.0956558883190155,-0.5479384660720825,-0.11080566048622131,-0.6316514313220978,-0.0995398461818695,-0.24654126167297363,-0.0716753900051117,-0.2910916805267334,-0.03526684641838074,-0.24496948719024658,-0.007281124591827393,-0.192236065864563,6
0.0,0.0,0.06180697679519653,-0.042163848876953125,0.10976988077163696,-0.11631405353546143,0.07909542322158813,-0.17258387804031372,0.028638780117034912,-0.20890319347381592,0.08059871196746826,-0.3268235921859741,0.11240273714065552,-0.44662195444107056,0.12828299403190613,-0.5219635367393494,0.13718092441558838,-0.5921362638473511,0.015863269567489624,-0.34092384576797485,0.01927495002746582,-0.49103862047195435,0.01427549123764038,-0.5875039398670197,0.0075317323207855225,-0.670108288526535,-0.03874170780181885,-0.3084636926651001,-0.06405678391456604,-0.43614447116851807,-0.07975158095359802,-0.5316060781478882,-0.09609991312026978,-0.6117133498191833,-0.08655586838722229,-0.24039405584335327,-0.055600255727767944,-0.2864985466003418,-0.022219300270080566,-0.23512780666351318,0.0011267662048339844,-0.17928606271743774,6
0.0,0.0,0.06177219748497009,-0.03995484113693237,0.10827457904815674,-0.10936391353607178,0.08132058382034302,-0.16569572687149048,0.03551533818244934,-0.20573008060455322,0.08305615186691284,-0.3136070966720581,0.11682921648025513,-0.4289722442626953,0.1352158784866333,-0.5040023922920227,0.14643484354019165,-0.5731139481067657,0.021425902843475342,-0.3281703591346741,0.024477481842041016,-0.4773944914340973,0.017771929502487183,-0.5740039646625519,0.010382801294326782,-0.6559950709342957,-0.030806511640548706,-0.29780828952789307,-0.05324247479438782,-0.42270851135253906,-0.06984362006187439,-0.5166293978691101,-0.08589553833007812,-0.5947307646274567,-0.07709559798240662,-0.23261213302612305,-0.04797765612602234,-0.27869826555252075,-0.015732765197753906,-0.23129701614379883,0.008193612098693848,-0.1777944564819336,6
0.0,0.0,0.06084135174751282,-0.03707385063171387,0.10944446921348572,-0.10477578639984131,0.08239218592643738,-0.15982306003570557,0.033239275217056274,-0.19596350193023682,0.08167517185211182,-0.30542874336242676,0.11479806900024414,-0.41932201385498047,0.1321696937084198,-0.49217647314071655,0.14246052503585815,-0.5591418147087097,0.019622236490249634,-0.3187907934188843,0.022751569747924805,-0.4650235176086426,0.017263263463974,-0.559027224779129,0.009842157363891602,-0.638045072555542,-0.03237685561180115,-0.2877257466316223,-0.05288422107696533,-0.4117230176925659,-0.0685577392578125,-0.5045807361602783,-0.0856652557849884,-0.5809023380279541,-0.07784190773963928,-0.2230166792869568,-0.04683887958526611,-0.27104008197784424,-0.016903281211853027,-0.22435200214385986,0.0029484927654266357,-0.17058390378952026,6
0.0,0.0,0.06190153956413269,-0.03884989023208618,0.11136984825134277,-0.10692578554153442,0.08500939607620239,-0.16101223230361938,0.03561493754386902,-0.19570153951644897,0.08107796311378479,-0.3056015968322754,0.11314859986305237,-0.41631805896759033,0.13013890385627747,-0.4880979061126709,0.14041277766227722,-0.5550012290477753,0.020219027996063232,-0.3177620768547058,0.02242511510848999,-0.4624566435813904,0.015979230403900146,-0.5550200939178467,0.008202731609344482,-0.6341269016265869,-0.03103923797607422,-0.2855082154273987,-0.05067208409309387,-0.4055030643939972,-0.06719562411308289,-0.496140718460083,-0.08501046895980835,-0.5712626874446869,-0.07664477825164795,-0.2199995517730713,-0.045349329710006714,-0.2687695622444153,-0.013294130563735962,-0.2254573106765747,0.009002387523651123,-0.17415881156921387,6
0.0,0.0,0.06052350997924805,-0.03878152370452881,0.1093783974647522,-0.10733085870742798,0.0836881697177887,-0.16143643856048584,0.0358562171459198,-0.19887244701385498,0.08183696866035461,-0.30822163820266724,0.11605262756347656,-0.4214856028556824,0.13363924622535706,-0.4945436120033264,0.14395135641098022,-0.5629934370517731,0.01919037103652954,-0.3215116262435913,0.022307127714157104,-0.46826863288879395,0.016711533069610596,-0.5627155900001526,0.009260356426239014,-0.6436291337013245,-0.032857656478881836,-0.29030799865722656,-0.054203540086746216,-0.41180673241615295,-0.07032564282417297,-0.5041342675685883,-0.08780601620674133,-0.5809589624404907,-0.07810482382774353,-0.2260199785232544,-0.04436051845550537,-0.2731960415840149,-0.012685775756835938,-0.226526141166687,0.008636116981506348,-0.1734805703163147,6
0.0,0.0,0.05965626239776611,-0.03863871097564697,0.10957956314086914,-0.1087142825126648,0.08018994331359863,-0.16028457880020142,0.028085768222808838,-0.19205766916275024,0.07956600189208984,-0.3195856213569641,0.11330872774124146,-0.4359099268913269,0.1309807002544403,-0.5116980373859406,0.14069843292236328,-0.5817906260490417,0.014465898275375366,-0.33168458938598633,0.015145033597946167,-0.48339053988456726,0.008430063724517822,-0.5807761251926422,-0.0001589655876159668,-0.6635922193527222,-0.03924828767776489,-0.2982860803604126,-0.06274452805519104,-0.42067861557006836,-0.07937249541282654,-0.5175733268260956,-0.09725522994995117,-0.5982190668582916,-0.08603620529174805,-0.22997337579727173,-0.05016830563545227,-0.2694248557090759,-0.017115801572799683,-0.2175999879837036,0.00481647253036499,-0.16142421960830688,6
0.0,0.0,0.05778059363365173,-0.045171916484832764,0.10508918762207031,-0.12277024984359741,0.07421684265136719,-0.17415088415145874,0.022150367498397827,-0.2053934931755066,0.07838323712348938,-0.33491051197052,0.11042442917823792,-0.45646560192108154,0.12849527597427368,-0.5325491428375244,0.13877448439598083,-0.604625791311264,0.01014593243598938,-0.3459400534629822,0.00833195447921753,-0.501373678445816,0.0013108551502227783,-0.6013186872005463,-0.007924914360046387,-0.6878663003444672,-0.04496276378631592,-0.31026846170425415,-0.07425829768180847,-0.441618412733078,-0.09264257550239563,-0.5413535535335541,-0.1121673583984375,-0.6263506710529327,-0.09074756503105164,-0.23977643251419067,-0.05694049596786499,-0.2923014163970947,-0.024763435125350952,-0.23602169752120972,-0.004144996404647827,-0.1760597825050354,6
0.0,0.0,0.05583462119102478,-0.04700779914855957,0.09721982479095459,-0.13205963373184204,0.05553022027015686,-0.18498051166534424,-0.0007565021514892578,-0.21787810325622559,0.062145620584487915,-0.34972989559173584,0.09280675649642944,-0.4790300726890564,0.11226126551628113,-0.5588992238044739,0.12351596355438232,-0.634678453207016,-0.009782552719116211,-0.3617682456970215,-0.012992292642593384,-0.5254141688346863,-0.01922622323036194,-0.6310437917709351,-0.027921736240386963,-0.7219023108482361,-0.066834956407547,-0.3238444924354553,-0.09869050979614258,-0.46161895990371704,-0.11622917652130127,-0.5694303512573242,-0.1358165144920349,-0.6603811383247375,-0.11234590411186218,-0.24808192253112793,-0.08108097314834595,-0.30912840366363525,-0.048357605934143066,-0.25100481510162354,-0.028574079275131226,-0.1855074167251587,6
0.0,0.0,0.06403079628944397,-0.04806256294250488,0.10520684719085693,-0.12935274839401245,0.07570716738700867,-0.1906772255897522,0.024628281593322754,-0.2333531379699707,0.08301195502281189,-0.3551523685455322,0.11862757802009583,-0.4795037806034088,0.13975068926811218,-0.5562243461608887,0.15299370884895325,-0.6268337666988373,0.015278875827789307,-0.37398529052734375,0.019659072160720825,-0.5375033020973206,0.017535656690597534,-0.6391556262969971,0.013700008392333984,-0.7222970128059387,-0.04328826069831848,-0.3412224054336548,-0.0699625313282013,-0.4830889105796814,-0.08333221077919006,-0.586854875087738,-0.09639263153076172,-0.6707337498664856,-0.0943673849105835,-0.2670596241950989,-0.06575736403465271,-0.3191874027252197,-0.02834230661392212,-0.2736867666244507,-0.0006062984466552734,-0.2181059718132019,6
0.0,0.0,0.06431248784065247,-0.051830947399139404,0.10243690013885498,-0.13847798109054565,0.07584631443023682,-0.20488303899765015,0.024994373321533203,-0.25307410955429077,0.08332955837249756,-0.3616297245025635,0.11572384834289551,-0.48465389013290405,0.1345314383506775,-0.5596048831939697,0.14565777778625488,-0.629701554775238,0.01795092225074768,-0.380291223526001,0.025171518325805664,-0.5414651334285736,0.024614810943603516,-0.6403636932373047,0.02094408869743347,-0.722933292388916,-0.04149222373962402,-0.34792834520339966,-0.06790685653686523,-0.48951226472854614,-0.0810784101486206,-0.5917896032333374,-0.09596070647239685,-0.6764981746673584,-0.09438320994377136,-0.2749565839767456,-0.06329411268234253,-0.329886794090271,-0.025462836027145386,-0.2822542190551758,0.0013032257556915283,-0.22577565908432007,6
0.0,0.0,0.064043790102005,-0.050472378730773926,0.10625359416007996,-0.1417188048362732,0.0650433599948883,-0.20687228441238403,0.008033514022827148,-0.25432509183883667,0.07842174172401428,-0.36091649532318115,0.1002398431301117,-0.4932509958744049,0.1146562397480011,-0.5712359547615051,0.12151572108268738,-0.6465086340904236,0.00869867205619812,-0.3742034435272217,0.006502717733383179,-0.5385665893554688,0.0012694597244262695,-0.6379897594451904,-0.006093263626098633,-0.7230919003486633,-0.04985049366950989,-0.3382972478866577,-0.08333498239517212,-0.48224127292633057,-0.10547828674316406,-0.5880934000015259,-0.12818986177444458,-0.6781459152698517,-0.0993281900882721,-0.2650125026702881,-0.06682679057121277,-0.3332936763763428,-0.03331488370895386,-0.272269070148468,-0.011924266815185547,-0.20540326833724976,6
0.0,0.0,0.06133106350898743,-0.05485367774963379,0.09757539629936218,-0.1458699107170105,0.04843360185623169,-0.21081864833831787,-0.012643396854400635,-0.24875199794769287,0.062368422746658325,-0.3738701343536377,0.08186706900596619,-0.5173268020153046,0.09331366419792175,-0.6032743155956268,0.0978291928768158,-0.6813213229179382,-0.011038810014724731,-0.38243919610977173,-0.020557641983032227,-0.5560239851474762,-0.029163837432861328,-0.6625789701938629,-0.038067787885665894,-0.7540668547153473,-0.0696246325969696,-0.3435659408569336,-0.10442492365837097,-0.49161064624786377,-0.12192267179489136,-0.6018334329128265,-0.13993723690509796,-0.698714554309845,-0.11583903431892395,-0.26343464851379395,-0.0941416323184967,-0.3399776220321655,-0.06249842047691345,-0.284717857837677,-0.04022112488746643,-0.2182270884513855,6
0.0,0.0,0.08849528431892395,-0.03127080202102661,0.17608827352523804,-0.08688795566558838,0.23113927245140076,-0.14145487546920776,0.26132336258888245,-0.21263998746871948,0.12448695302009583,-0.3030484914779663,0.19622263312339783,-0.38569021224975586,0.22877874970436096,-0.3200058937072754,0.23370948433876038,-0.24766147136688232,0.07295900583267212,-0.34454137086868286,0.10919645428657532,-0.49386727809906006,0.12934458255767822,-0.5964466035366058,0.13468316197395325,-0.694071501493454,0.015594154596328735,-0.3408743739128113,0.010758072137832642,-0.4808351993560791,0.006188124418258667,-0.5777430534362793,0.0004911124706268311,-0.6655499339103699,-0.04377445578575134,-0.29939258098602295,-0.08481143414974213,-0.3965153098106384,-0.1136622428894043,-0.4662461280822754,-0.13643820583820343,-0.5334895551204681,9
0.0,0.0,0.08980172872543335,-0.035558879375457764,0.17356011271476746,-0.09772598743438721,0.22880282998085022,-0.1544257402420044,0.26181164383888245,-0.2233809232711792,0.12684154510498047,-0.3045053482055664,0.19322803616523743,-0.3820066452026367,0.2261517345905304,-0.32016098499298096,0.23297134041786194,-0.2508421540260315,0.07581561803817749,-0.34569358825683594,0.10800600051879883,-0.48630887269973755,0.1292167603969574,-0.5830328166484833,0.136744886636734,-0.6754728853702545,0.01957714557647705,-0.3437488079071045,0.01316019892692566,-0.47652068734169006,0.007864147424697876,-0.5682429671287537,0.0011863410472869873,-0.6506799459457397,-0.03770068287849426,-0.3044359087944031,-0.07987785339355469,-0.39635008573532104,-0.1082468181848526,-0.46316099166870117,-0.1312854140996933,-0.5256560444831848,9
0.0,0.0,0.0904412567615509,-0.03688472509384155,0.1744600236415863,-0.10083514451980591,0.23168006539344788,-0.15787804126739502,0.2630697190761566,-0.22748738527297974,0.13042935729026794,-0.3055327534675598,0.19035956263542175,-0.3910895586013794,0.22262433171272278,-0.3384428024291992,0.23141780495643616,-0.2710575461387634,0.0787045955657959,-0.3460419178009033,0.10901468992233276,-0.48672863841056824,0.12942922115325928,-0.5854388475418091,0.13804000616073608,-0.6769977807998657,0.021804094314575195,-0.34467262029647827,0.014651745557785034,-0.47767579555511475,0.008353352546691895,-0.5693306922912598,0.0021197497844696045,-0.6486844718456268,-0.036253422498703,-0.30566102266311646,-0.07911461591720581,-0.39540886878967285,-0.10828527808189392,-0.4626754820346832,-0.13126449286937714,-0.5254175662994385,9
0.0,0.0,0.08690035343170166,-0.03437471389770508,0.16618001461029053,-0.09378349781036377,0.2234911322593689,-0.14815211296081543,0.24936825037002563,-0.2168065309524536,0.1270321011543274,-0.2945162057876587,0.18613487482070923,-0.3713759183883667,0.21337491273880005,-0.31885743141174316,0.21832698583602905,-0.25500792264938354,0.07672417163848877,-0.3370974063873291,0.10782629251480103,-0.4748700261116028,0.12672123312950134,-0.5683505237102509,0.13284450769424438,-0.6571306884288788,0.020700126886367798,-0.3366183638572693,0.014322221279144287,-0.46656641364097595,0.007907241582870483,-0.5579290688037872,0.001138925552368164,-0.6394984424114227,-0.03627315163612366,-0.29928189516067505,-0.07785612344741821,-0.38924795389175415,-0.10684530436992645,-0.45360445976257324,-0.13011543452739716,-0.5143927037715912,9
0.0,0.0,0.08644804358482361,-0.03237539529800415,0.16619694232940674,-0.09048539400100708,0.22342020273208618,-0.14570921659469604,0.2522363066673279,-0.21513229608535767,0.12508967518806458,-0.2910897135734558,0.18925976753234863,-0.36546117067337036,0.21887141466140747,-0.3105921745300293,0.22440850734710693,-0.24523168802261353,0.0768720805644989,-0.3331848978996277,0.10869669914245605,-0.4693681001663208,0.12869387865066528,-0.5636343657970428,0.13552045822143555,-0.651922881603241,0.022345930337905884,-0.33332526683807373,0.017055630683898926,-0.46093451976776123,0.012754678726196289,-0.5497421622276306,0.007240742444992065,-0.6272906363010406,-0.03416678309440613,-0.2977956533432007,-0.07551980018615723,-0.38600653409957886,-0.10314732789993286,-0.4514821171760559,-0.1250806748867035,-0.5119211077690125,9
0.0,0.0,0.08234548568725586,-0.03393679857254028,0.1576022505760193,-0.09244191646575928,0.21380886435508728,-0.1457403302192688,0.24385550618171692,-0.21134209632873535,0.11973634362220764,-0.2850084900856018,0.18060114979743958,-0.35784637928009033,0.20960751175880432,-0.3061252236366272,0.21612587571144104,-0.2434452772140503,0.07292059063911438,-0.3258877992630005,0.10585924983024597,-0.45770463347435,0.12610670924186707,-0.5469300150871277,0.13373690843582153,-0.6304517388343811,0.019933074712753296,-0.3259168267250061,0.014378875494003296,-0.45079630613327026,0.008652597665786743,-0.5381166934967041,0.002949923276901245,-0.6156036853790283,-0.03484901785850525,-0.2905087471008301,-0.07504677772521973,-0.37647193670272827,-0.102452352643013,-0.4390348196029663,-0.12418162822723389,-0.4977126717567444,9
0.0,0.0,0.0822094976902008,-0.03502696752548218,0.15748941898345947,-0.09429633617401123,0.21071374416351318,-0.14799624681472778,0.23794060945510864,-0.21498966217041016,0.11359977722167969,-0.2787173390388489,0.17122071981430054,-0.35273730754852295,0.20139998197555542,-0.3073421120643616,0.20938485860824585,-0.2478947639465332,0.06713312864303589,-0.314913272857666,0.09605354070663452,-0.44408485293388367,0.11591553688049316,-0.532840371131897,0.12514570355415344,-0.6144001185894012,0.01615971326828003,-0.3130565881729126,0.009974181652069092,-0.43213844299316406,0.0036530792713165283,-0.5149101614952087,-0.001805037260055542,-0.5867974758148193,-0.03605169057846069,-0.2780311107635498,-0.07466703653335571,-0.3593631982803345,-0.10094907879829407,-0.41892164945602417,-0.1216270923614502,-0.47397398948669434,9
0.0,0.0,0.07889288663864136,-0.034250617027282715,0.15180546045303345,-0.08540886640548706,0.203639954328537,-0.13410598039627075,0.23032048344612122,-0.19600588083267212,0.11583206057548523,-0.267422616481781,0.16978690028190613,-0.3414158821105957,0.1971181333065033,-0.2930174469947815,0.20384636521339417,-0.23333042860031128,0.07105603814125061,-0.30396729707717896,0.10106804966926575,-0.43029093742370605,0.11990976333618164,-0.5153603553771973,0.12719309329986572,-0.5943812131881714,0.021034985780715942,-0.3033531904220581,0.013000011444091797,-0.42074668407440186,0.007427781820297241,-0.5029560923576355,0.002855241298675537,-0.5753575563430786,-0.030707359313964844,-0.2702166438102722,-0.06927970051765442,-0.35047513246536255,-0.09533393383026123,-0.4091587960720062,-0.11569580435752869,-0.46400681138038635,9
0.0,0.0,0.07725980877876282,-0.032128095626831055,0.14676478505134583,-0.0842127799987793,0.19479137659072876,-0.1356986165046692,0.22092008590698242,-0.197797954082489,0.11165332794189453,-0.2586742639541626,0.16328087449073792,-0.33189529180526733,0.18984830379486084,-0.28517335653305054,0.19710451364517212,-0.22692495584487915,0.06548908352851868,-0.29457414150238037,0.09189876914024353,-0.41981130838394165,0.10974794626235962,-0.5022042989730835,0.1170448362827301,-0.5785702764987946,0.015204071998596191,-0.29379844665527344,0.005950629711151123,-0.408780038356781,0.00034669041633605957,-0.4880922734737396,-0.004051923751831055,-0.5567840039730072,-0.03589096665382385,-0.2609199285507202,-0.0755782276391983,-0.3396846652030945,-0.10167194902896881,-0.3958205580711365,-0.12170334160327911,-0.44768476486206055,9
0.0,0.0,0.07687419652938843,-0.032698094844818115,0.1449114978313446,-0.0838358998298645,0.1902989149093628,-0.1377512812614441,0.21411007642745972,-0.20064878463745117,0.10961246490478516,-0.2519572973251343,0.15813028812408447,-0.32440221309661865,0.1828322410583496,-0.2907494306564331,0.18857890367507935,-0.2378450632095337,0.06245693564414978,-0.2876220941543579,0.08859196305274963,-0.4120458960533142,0.10357514023780823,-0.4905051290988922,0.10876443982124329,-0.5629879534244537,0.012748807668685913,-0.2870127558708191,0.004120737314224243,-0.40011483430862427,-0.002629399299621582,-0.47895121574401855,-0.008736789226531982,-0.5459601879119873,-0.03766748309135437,-0.25472378730773926,-0.0762413740158081,-0.3331041932106018,-0.10258522629737854,-0.3885303735733032,-0.1234368234872818,-0.43923723697662354,9
0.0,0.0,0.07434964179992676,-0.0335770845413208,0.14049041271209717,-0.08702832460403442,0.18565762042999268,-0.1395554542541504,0.2104048728942871,-0.20050102472305298,0.10353544354438782,-0.25232458114624023,0.1528756022453308,-0.32659220695495605,0.17933404445648193,-0.28742462396621704,0.18725913763046265,-0.23255163431167603,0.0583152174949646,-0.2858200669288635,0.08299329876899719,-0.4066145718097687,0.09878748655319214,-0.4848644733428955,0.10424068570137024,-0.5560613572597504,0.010397672653198242,-0.28469496965408325,0.000997006893157959,-0.39420750737190247,-0.006163120269775391,-0.4711211919784546,-0.012027889490127563,-0.5367218255996704,-0.03823685646057129,-0.2531598210334778,-0.07736636698246002,-0.32867610454559326,-0.10390515625476837,-0.38224443793296814,-0.12436239421367645,-0.43144911527633667,9
0.0,0.0,0.0728224515914917,-0.03397214412689209,0.1379449963569641,-0.08959829807281494,0.18367108702659607,-0.14442110061645508,0.2076665461063385,-0.2057437300682068,0.10162761807441711,-0.24909377098083496,0.1493302881717682,-0.32163405418395996,0.17430588603019714,-0.2900904417037964,0.18079641461372375,-0.23890286684036255,0.05727744102478027,-0.28207308053970337,0.08240044116973877,-0.40236425399780273,0.09767475724220276,-0.4787446856498718,0.10334721207618713,-0.5485737323760986,0.010482311248779297,-0.28133338689804077,0.0015871524810791016,-0.3909911811351776,-0.0054495930671691895,-0.46755415201187134,-0.011419802904129028,-0.5321633219718933,-0.03720185160636902,-0.2505079507827759,-0.07590143382549286,-0.3248670697212219,-0.10250212252140045,-0.377694308757782,-0.12341581284999847,-0.42555078864097595,9
0.0,0.0,0.07329180836677551,-0.03150540590286255,0.13954856991767883,-0.08590507507324219,0.18838030099868774,-0.1392483115196228,0.20771777629852295,-0.2035946249961853,0.10239055752754211,-0.24734842777252197,0.14930790662765503,-0.31979864835739136,0.17493754625320435,-0.2857811450958252,0.18216067552566528,-0.233856201171875,0.057110220193862915,-0.2806907296180725,0.08098077774047852,-0.40167951583862305,0.09505856037139893,-0.4786027669906616,0.10002896189689636,-0.5510531663894653,0.00922548770904541,-0.2799912095069885,0.00031048059463500977,-0.3878774046897888,-0.007377266883850098,-0.4645126163959503,-0.013932913541793823,-0.5305071175098419,-0.03934350609779358,-0.24847573041915894,-0.07834793627262115,-0.32172495126724243,-0.10473670065402985,-0.3745802044868469,-0.1250753104686737,-0.42291632294654846,9
0.0,0.0,0.07637450098991394,-0.032859861850738525,0.14491182565689087,-0.08764588832855225,0.19505757093429565,-0.13697952032089233,0.21466058492660522,-0.19921422004699707,0.10539126396179199,-0.2560851573944092,0.15762460231781006,-0.3290950059890747,0.1844956874847412,-0.2826484441757202,0.1911066174507141,-0.22447776794433594,0.05886542797088623,-0.29039061069488525,0.08453255891799927,-0.41503986716270447,0.10122111439704895,-0.49459952116012573,0.1075475811958313,-0.569640725851059,0.009113430976867676,-0.28838157653808594,-0.0017014145851135254,-0.40206003189086914,-0.009703576564788818,-0.48149484395980835,-0.016412973403930664,-0.5508058965206146,-0.040385931730270386,-0.2541887164115906,-0.0816582590341568,-0.3311983346939087,-0.10983984172344208,-0.3853708803653717,-0.13102807104587555,-0.4357064664363861,9
0.0,0.0,0.0771673321723938,-0.03563249111175537,0.14756962656974792,-0.09024906158447266,0.19983723759651184,-0.13765865564346313,0.22271034121513367,-0.19910210371017456,0.10875460505485535,-0.26763319969177246,0.16372913122177124,-0.34283775091171265,0.19144168496131897,-0.2885354161262512,0.19798359274864197,-0.22658032178878784,0.061666339635849,-0.30336272716522217,0.0901479423046112,-0.4350048899650574,0.10816970467567444,-0.5216389894485474,0.11418148875236511,-0.6057731509208679,0.009578227996826172,-0.299633264541626,-0.006164193153381348,-0.4248623847961426,-0.018679916858673096,-0.5101907551288605,-0.02999994158744812,-0.5868310332298279,-0.04226389527320862,-0.2612997889518738,-0.08703547716140747,-0.3456142544746399,-0.1176009327173233,-0.40158841013908386,-0.141439750790596,-0.4548722207546234,9
0.0,0.0,0.0783926248550415,-0.03611648082733154,0.14962878823280334,-0.09115970134735107,0.2054171860218048,-0.13745617866516113,0.23112276196479797,-0.1985914707183838,0.1120770275592804,-0.27855050563812256,0.17186954617500305,-0.35509639978408813,0.19894060492515564,-0.30009669065475464,0.20297762751579285,-0.2365894317626953,0.06482246518135071,-0.317409873008728,0.09634438157081604,-0.4547826647758484,0.11508050560951233,-0.5470196604728699,0.12144583463668823,-0.6346065104007721,0.010834306478500366,-0.31391698122024536,-0.003615349531173706,-0.4476293921470642,-0.01714611053466797,-0.5381626784801483,-0.02948695421218872,-0.617836058139801,-0.04313668608665466,-0.2740682363510132,-0.08987556397914886,-0.3626209497451782,-0.12121382355690002,-0.4231754243373871,-0.1458887755870819,-0.4803858697414398,9
0.0,0.0,0.084195077419281,-0.03839468955993652,0.1586908996105194,-0.0964350700378418,0.21685123443603516,-0.1430736780166626,0.24284672737121582,-0.20627450942993164,0.11756515502929688,-0.29746776819229126,0.18203246593475342,-0.3725888729095459,0.20769816637039185,-0.30813008546829224,0.20797204971313477,-0.23948174715042114,0.06806263327598572,-0.33731329441070557,0.10257154703140259,-0.4817507266998291,0.12290000915527344,-0.5794166922569275,0.13031518459320068,-0.6732856035232544,0.011873722076416016,-0.3324986696243286,-0.0009881258010864258,-0.47055119276046753,-0.012047052383422852,-0.5654575824737549,-0.022128134965896606,-0.6513274013996124,-0.043854594230651855,-0.28890877962112427,-0.09128420054912567,-0.381289005279541,-0.12233312427997589,-0.4457884728908539,-0.14677511155605316,-0.5068162083625793,9
0.0,0.0,0.08647385239601135,-0.03670376539230347,0.16400682926177979,-0.09684580564498901,0.2268083691596985,-0.1458767056465149,0.2515180706977844,-0.21512985229492188,0.1242813766002655,-0.3085024356842041,0.19287163019180298,-0.386824369430542,0.21767550706863403,-0.31339871883392334,0.21661370992660522,-0.24003422260284424,0.07307848334312439,-0.3510034680366516,0.10937294363975525,-0.5007068514823914,0.13107845187187195,-0.6044644713401794,0.13882243633270264,-0.7050234079360962,0.01368016004562378,-0.34643685817718506,0.0022971630096435547,-0.49215298891067505,-0.009278982877731323,-0.5916526317596436,-0.01986190676689148,-0.6829906702041626,-0.045277297496795654,-0.3019893169403076,-0.0940251350402832,-0.4002413749694824,-0.12624412775039673,-0.4682866334915161,-0.15194790065288544,-0.5331310629844666,9
0.0,0.0,0.0861532986164093,-0.03850102424621582,0.16220173239707947,-0.1040753722190857,0.22343820333480835,-0.1595098376274109,0.25344938039779663,-0.23061829805374146,0.12297925353050232,-0.33246707916259766,0.19261562824249268,-0.41475164890289307,0.219413161277771,-0.3442800045013428,0.21875840425491333,-0.268912136554718,0.06947922706604004,-0.37697845697402954,0.1083686351776123,-0.5333845615386963,0.13035377860069275,-0.6415585875511169,0.1380394995212555,-0.74720099568367,0.008448302745819092,-0.37092459201812744,-0.0028897523880004883,-0.5232862830162048,-0.01509934663772583,-0.6282220482826233,-0.026316791772842407,-0.7245615124702454,-0.052600204944610596,-0.32104557752609253,-0.10182912647724152,-0.4262550473213196,-0.13452966511249542,-0.4994792342185974,-0.16098009049892426,-0.5694285035133362,9
0.0,0.0,0.08787146210670471,-0.03659939765930176,0.167924165725708,-0.10352861881256104,0.23161375522613525,-0.16214311122894287,0.2614016532897949,-0.23720747232437134,0.12839779257774353,-0.33422380685806274,0.2005096673965454,-0.4216724634170532,0.22560906410217285,-0.34692102670669556,0.22251451015472412,-0.26956504583358765,0.07305297255516052,-0.38143396377563477,0.11430695652961731,-0.5392563939094543,0.13725674152374268,-0.6496278345584869,0.14520519971847534,-0.7591646909713745,0.009818941354751587,-0.3771200180053711,-0.0009877979755401611,-0.5339978933334351,-0.013618409633636475,-0.6407606601715088,-0.025134742259979248,-0.7398755848407745,-0.05348438024520874,-0.32867270708084106,-0.10274451971054077,-0.4357668161392212,-0.13589565455913544,-0.51024329662323,-0.16260752081871033,-0.5819818377494812,9
0.0,0.0,0.09039384126663208,-0.03544682264328003,0.17600011825561523,-0.09937471151351929,0.24162495136260986,-0.1561461091041565,0.2714318037033081,-0.2314090132713318,0.13606470823287964,-0.3325461149215698,0.20773571729660034,-0.419725239276886,0.23319822549819946,-0.3446771502494812,0.23037832975387573,-0.2665615677833557,0.07891640067100525,-0.38085293769836426,0.12099021673202515,-0.5420272052288055,0.14418023824691772,-0.652371346950531,0.15262702107429504,-0.7605086863040924,0.013641893863677979,-0.37780076265335083,0.00298917293548584,-0.5364820957183838,-0.008720934391021729,-0.6447095274925232,-0.01940557360649109,-0.7434974908828735,-0.05204641819000244,-0.3296310305595398,-0.10186432301998138,-0.4393828511238098,-0.13536906242370605,-0.5147131085395813,-0.16205088794231415,-0.5869576334953308,9
0.0,0.0,0.09060940146446228,-0.03588259220123291,0.1747170388698578,-0.09922564029693604,0.23972833156585693,-0.1572917103767395,0.2682345509529114,-0.23515570163726807,0.1364031434059143,-0.33502984046936035,0.20791804790496826,-0.42670702934265137,0.23255497217178345,-0.34931379556655884,0.228864848613739,-0.268879234790802,0.0782541036605835,-0.38466811180114746,0.12114113569259644,-0.5482935905456543,0.14563655853271484,-0.6588758528232574,0.1558256447315216,-0.7685365974903107,0.011765658855438232,-0.38072115182876587,-0.0004476010799407959,-0.5463028252124786,-0.014848023653030396,-0.6547442674636841,-0.027083605527877808,-0.7534885406494141,-0.055114537477493286,-0.3298459053039551,-0.10522276163101196,-0.4415367841720581,-0.13947339355945587,-0.5186968445777893,-0.1669122725725174,-0.5930106341838837,9
0.0,0.0,0.09194561839103699,-0.0330355167388916,0.1771499514579773,-0.09178656339645386,0.24333518743515015,-0.14479178190231323,0.27628540992736816,-0.21990466117858887,0.14130449295043945,-0.3378395438194275,0.21526384353637695,-0.4261491894721985,0.23729848861694336,-0.3437337279319763,0.2315199375152588,-0.2593013644218445,0.0809047520160675,-0.38733625411987305,0.1244114339351654,-0.5545820891857147,0.14848792552947998,-0.6692773103713989,0.15915808081626892,-0.7812951505184174,0.013144910335540771,-0.3823125958442688,0.0007637143135070801,-0.5441654920578003,-0.01209557056427002,-0.6576627492904663,-0.02214112877845764,-0.7602394819259644,-0.05523167550563812,-0.33040958642959595,-0.10683958232402802,-0.44274795055389404,-0.14094747602939606,-0.5218191742897034,-0.1675349920988083,-0.5971491634845734,9
0.0,0.0,0.08948943018913269,-0.031021535396575928,0.17522966861724854,-0.0878865122795105,0.24218571186065674,-0.13980698585510254,0.2729527950286865,-0.2167046070098877,0.13972437381744385,-0.33756089210510254,0.21451187133789062,-0.42861467599868774,0.23526036739349365,-0.34746694564819336,0.22810685634613037,-0.26338303089141846,0.07767391204833984,-0.38781076669692993,0.12110066413879395,-0.5575398802757263,0.1451755166053772,-0.6743032932281494,0.15547555685043335,-0.7912992537021637,0.00806206464767456,-0.38208186626434326,-0.005796313285827637,-0.549558013677597,-0.0200788676738739,-0.6637954711914062,-0.031188398599624634,-0.7679698765277863,-0.061978042125701904,-0.3284951448440552,-0.11474251747131348,-0.44453078508377075,-0.14986902475357056,-0.5248087048530579,-0.17721472680568695,-0.6022448241710663,9
0.0,0.0,0.09217464923858643,-0.03270536661148071,0.1795373260974884,-0.09157830476760864,0.2492513358592987,-0.14109259843826294,0.278881698846817,-0.217360258102417,0.14310288429260254,-0.3425654172897339,0.217871755361557,-0.432869017124176,0.23981651663780212,-0.34886616468429565,0.23412582278251648,-0.26429373025894165,0.08172067999839783,-0.392455518245697,0.12585467100143433,-0.5632819533348083,0.1510239839553833,-0.6823336780071259,0.1623057723045349,-0.8005358874797821,0.011851996183395386,-0.38604432344436646,-0.0015002191066741943,-0.5531086921691895,-0.01603594422340393,-0.667841225862503,-0.02721765637397766,-0.772663027048111,-0.05899408459663391,-0.33164161443710327,-0.11211100220680237,-0.44720083475112915,-0.147756427526474,-0.527239203453064,-0.17495372891426086,-0.6046484112739563,9
0.0,0.0,0.09155294299125671,-0.03019469976425171,0.17988905310630798,-0.08844012022018433,0.24544572830200195,-0.13774514198303223,0.2772093415260315,-0.2135043740272522,0.13903826475143433,-0.33877110481262207,0.2164328694343567,-0.4255640506744385,0.2407575249671936,-0.3385928273200989,0.23579400777816772,-0.2535608410835266,0.07821884751319885,-0.39072996377944946,0.1244010329246521,-0.564112663269043,0.1501981019973755,-0.6835637092590332,0.16138282418251038,-0.8026906549930573,0.008297711610794067,-0.383925199508667,-0.003978550434112549,-0.5546691417694092,-0.01770198345184326,-0.6706841886043549,-0.02917349338531494,-0.776166170835495,-0.06220701336860657,-0.327501118183136,-0.11552396416664124,-0.44528859853744507,-0.151155486702919,-0.5260170698165894,-0.1791088879108429,-0.6045831441879272,9
0.0,0.0,0.08870014548301697,-0.030237674713134766,0.17611163854599,-0.08798152208328247,0.24149200320243835,-0.13832587003707886,0.2710971534252167,-0.21364295482635498,0.13628283143043518,-0.3429333567619324,0.21169474720954895,-0.4300670623779297,0.23567011952400208,-0.3430671691894531,0.23091593384742737,-0.25559186935424805,0.07494589686393738,-0.39300960302352905,0.11801350116729736,-0.5634795427322388,0.14445266127586365,-0.6823787987232208,0.1568211317062378,-0.7982802391052246,0.0054777562618255615,-0.38636529445648193,-0.006378650665283203,-0.5553761124610901,-0.01971578598022461,-0.6710521578788757,-0.030582964420318604,-0.7749812006950378,-0.06459565460681915,-0.3312038779258728,-0.11867833137512207,-0.4476536512374878,-0.15495504438877106,-0.5273672938346863,-0.1834251582622528,-0.6036958396434784,9
0.0,0.0,0.09032943844795227,-0.03172421455383301,0.18100523948669434,-0.09196537733078003,0.24194452166557312,-0.14657831192016602,0.26854661107063293,-0.2220550775527954,0.13403409719467163,-0.346988320350647,0.20707377791404724,-0.43823564052581787,0.23219701647758484,-0.35287386178970337,0.22951319813728333,-0.26441478729248047,0.07164180278778076,-0.3947519063949585,0.11449891328811646,-0.5642240047454834,0.13996240496635437,-0.6810868978500366,0.1525891125202179,-0.7927882671356201,0.0023487508296966553,-0.38717591762542725,-0.010281741619110107,-0.5550805032253265,-0.024351507425308228,-0.6714626550674438,-0.03558674454689026,-0.774196445941925,-0.06685343384742737,-0.330812931060791,-0.12119559943675995,-0.44522303342819214,-0.1584041565656662,-0.5230311155319214,-0.1876896619796753,-0.5976744592189789,9
0.0,0.0,0.09149155020713806,-0.034989356994628906,0.17693060636520386,-0.09505748748779297,0.2439112365245819,-0.1478307843208313,0.2783797085285187,-0.2203294038772583,0.14184892177581787,-0.3406122922897339,0.22072896361351013,-0.4280626177787781,0.24574795365333557,-0.34420037269592285,0.2412966787815094,-0.26126354932785034,0.08110904693603516,-0.39203906059265137,0.12519678473472595,-0.5593953132629395,0.15032318234443665,-0.6745418906211853,0.15953543782234192,-0.7894661724567413,0.012423157691955566,-0.3862175941467285,-0.0015883147716522217,-0.5539631545543671,-0.016657888889312744,-0.6653164327144623,-0.030031263828277588,-0.7685661315917969,-0.05656519532203674,-0.3322053551673889,-0.1105155199766159,-0.44454044103622437,-0.14730118215084076,-0.5213885307312012,-0.17727629840373993,-0.5961058735847473,9
0.0,0.0,0.09383183717727661,-0.03933507204055786,0.18108010292053223,-0.10373568534851074,0.24956893920898438,-0.15879619121551514,0.2846459746360779,-0.2294217348098755,0.14073991775512695,-0.3415893316268921,0.22103339433670044,-0.4310431480407715,0.24951106309890747,-0.3572614789009094,0.24821287393569946,-0.28010350465774536,0.08193865418434143,-0.3901706337928772,0.12659087777137756,-0.5556243062019348,0.1520291566848755,-0.6691901981830597,0.16015392541885376,-0.7803331911563873,0.01605212688446045,-0.385989785194397,0.004880994558334351,-0.547200471162796,-0.005397975444793701,-0.6580874621868134,-0.015221774578094482,-0.7618774771690369,-0.04920479655265808,-0.33669841289520264,-0.10103119909763336,-0.4468696117401123,-0.13609568774700165,-0.5245742797851562,-0.163645401597023,-0.6004103720188141,9
0.0,0.0,0.08964252471923828,-0.03808748722076416,0.17718517780303955,-0.10419607162475586,0.24868571758270264,-0.1596982479095459,0.287695050239563,-0.2284345030784607,0.13793987035751343,-0.3371068835258484,0.22648459672927856,-0.4193466305732727,0.25628942251205444,-0.3459476828575134,0.2539336085319519,-0.2722979784011841,0.08469560742378235,-0.38750094175338745,0.1341840624809265,-0.546255499124527,0.1620669960975647,-0.6554585695266724,0.17112165689468384,-0.7624817192554474,0.022472232580184937,-0.38426071405410767,0.013079255819320679,-0.5451341271400452,0.004741668701171875,-0.6531085968017578,-0.003592967987060547,-0.755908727645874,-0.04005253314971924,-0.3363695740699768,-0.08907946944236755,-0.44434964656829834,-0.12193416059017181,-0.5198726058006287,-0.1480225771665573,-0.5952362716197968,9
0.0,0.0,0.08724388480186462,-0.038196563720703125,0.16701027750968933,-0.10675090551376343,0.23750993609428406,-0.16522639989852905,0.2759557068347931,-0.2361280918121338,0.12998679280281067,-0.33747607469558716,0.20979711413383484,-0.4204777479171753,0.24051615595817566,-0.35447514057159424,0.2425132691860199,-0.2825668454170227,0.07673797011375427,-0.38659965991973877,0.12340125441551208,-0.5469301640987396,0.1509489119052887,-0.6565515995025635,0.16216197609901428,-0.7621716558933258,0.014524847269058228,-0.38381344079971313,0.0055727362632751465,-0.5420540571212769,-0.002053886651992798,-0.6494157612323761,-0.008738338947296143,-0.7492508292198181,-0.04798516631126404,-0.3365957736968994,-0.09856149554252625,-0.4441143870353699,-0.13105736672878265,-0.519512951374054,-0.15669076144695282,-0.5929371118545532,9
0.0,0.0,0.09057343006134033,-0.0384143590927124,0.17186057567596436,-0.1042892336845398,0.24194523692131042,-0.1600920557975769,0.2746599018573761,-0.23416417837142944,0.13703212141990662,-0.3353840708732605,0.21357372403144836,-0.4194875955581665,0.24138042330741882,-0.3476623296737671,0.2403680980205536,-0.27222955226898193,0.0795525312423706,-0.38260674476623535,0.12232846021652222,-0.5446375012397766,0.14762255549430847,-0.6549682021141052,0.15775159001350403,-0.7617349028587341,0.014998555183410645,-0.3776414394378662,0.005105078220367432,-0.5317720770835876,-0.0036154091358184814,-0.6393801271915436,-0.010858923196792603,-0.7397005558013916,-0.04803076386451721,-0.32888680696487427,-0.09880554676055908,-0.43440258502960205,-0.1322222203016281,-0.5100067853927612,-0.1578880250453949,-0.5831754803657532,9
0.0,0.0,0.0942157506942749,-0.04420703649520874,0.17977821826934814,-0.11172205209732056,0.248582124710083,-0.16983139514923096,0.2835637927055359,-0.24571192264556885,0.13913783431053162,-0.33140724897384644,0.2128017544746399,-0.416495144367218,0.24368882179260254,-0.3493490219116211,0.24858403205871582,-0.2745620608329773,0.08481794595718384,-0.3772825598716736,0.12710830569267273,-0.5342244803905487,0.1529221534729004,-0.6426476538181305,0.16305279731750488,-0.7471498847007751,0.02252146601676941,-0.3741430640220642,0.014636635780334473,-0.5283629298210144,0.006118357181549072,-0.6344009935855865,-0.002023547887802124,-0.7312972545623779,-0.04024785757064819,-0.32847797870635986,-0.09058055281639099,-0.431937038898468,-0.12448693811893463,-0.5059821605682373,-0.15125297009944916,-0.5769611895084381,9
0.0,0.0,0.07444480061531067,-0.08627533912658691,0.1381557583808899,-0.19433152675628662,0.19456979632377625,-0.2584778666496277,0.22487375140190125,-0.32155728340148926,0.07232031226158142,-0.3572700023651123,0.12296926975250244,-0.4412245750427246,0.1663740575313568,-0.3975564241409302,0.19316372275352478,-0.3339207172393799,0.040845900774002075,-0.3793444037437439,0.0685109794139862,-0.5228381752967834,0.0904635488986969,-0.6254616379737854,0.10089725255966187,-0.7200541496276855,0.0061872899532318115,-0.3625063896179199,-0.0006746351718902588,-0.5265056192874908,-0.007165580987930298,-0.6344474852085114,-0.011590152978897095,-0.7289722859859467,-0.026088237762451172,-0.3100064992904663,-0.07931484282016754,-0.410349041223526,-0.11647529900074005,-0.4882500171661377,-0.14422184228897095,-0.5615959763526917,9
0.0,0.0,-0.007375121116638184,-0.15459507703781128,0.014461904764175415,-0.2696540355682373,0.06445828080177307,-0.34112071990966797,0.11792916059494019,-0.3889089822769165,-0.01448678970336914,-0.3299098610877991,0.059140413999557495,-0.4730558693408966,0.1096649169921875,-0.4803049564361572,0.14504188299179077,-0.4678499400615692,0.024172574281692505,-0.33407628536224365,0.07306605577468872,-0.5156335234642029,0.10138952732086182,-0.6290616989135742,0.11844897270202637,-0.7166198194026947,0.07543867826461792,-0.30843883752822876,0.13028132915496826,-0.4844846725463867,0.14589658379554749,-0.5285511612892151,0.14211711287498474,-0.5563527643680573,0.14226382970809937,-0.2603234052658081,0.18733203411102295,-0.39013606309890747,0.19698616862297058,-0.4603712856769562,0.19751206040382385,-0.5224798321723938,9
0.0,0.0,-0.06728397309780121,-0.1337088942527771,-0.06581832468509674,-0.2483053207397461,-0.022293299436569214,-0.31844890117645264,0.030489683151245117,-0.34949761629104614,-0.011653438210487366,-0.36894750595092773,0.01882067322731018,-0.4899827539920807,0.036316514015197754,-0.4693969488143921,0.04731035232543945,-0.42442500591278076,0.05732107162475586,-0.3696724772453308,0.07402017712593079,-0.5482913851737976,0.0850282609462738,-0.6537914276123047,0.09209021925926208,-0.7324550151824951,0.12126317620277405,-0.3353349566459656,0.16956549882888794,-0.498977929353714,0.20296058058738708,-0.603825032711029,0.22446081042289734,-0.6883410513401031,0.1784380078315735,-0.270322322845459,0.25672635436058044,-0.3765687942504883,0.30338922142982483,-0.4407601058483124,0.33973661065101624,-0.49572211503982544,9
0.0,0.0,-0.08833901584148407,-0.11820632219314575,-0.11417889595031738,-0.23956584930419922,-0.06963177025318146,-0.3140096664428711,-0.006728798151016235,-0.33316195011138916,-0.029396653175354004,-0.3668977618217468,-0.020664215087890625,-0.4870338439941406,-0.010727643966674805,-0.46266594529151917,0.0005133450031280518,-0.41447895765304565,0.04925358295440674,-0.37555640935897827,0.0505102276802063,-0.5518446266651154,0.05586516857147217,-0.6595579981803894,0.0622309148311615,-0.7387926280498505,0.11772561073303223,-0.3478187322616577,0.15205487608909607,-0.5042918920516968,0.18204855918884277,-0.6057342886924744,0.20378237962722778,-0.6854314506053925,0.17469316720962524,-0.28630173206329346,0.23964858055114746,-0.38217025995254517,0.27974891662597656,-0.44294917583465576,0.31344521045684814,-0.4914296865463257,9
0.0,0.0,-0.10017205774784088,-0.09337931871414185,-0.1495494544506073,-0.21634304523468018,-0.12460307776927948,-0.32041698694229126,-0.07350727915763855,-0.35840851068496704,-0.0491672158241272,-0.36431413888931274,-0.0569782555103302,-0.49089866876602173,-0.055443257093429565,-0.45814961194992065,-0.046405911445617676,-0.40861231088638306,0.032476454973220825,-0.3764837384223938,0.02450340986251831,-0.5609337091445923,0.025434911251068115,-0.6734066009521484,0.03140974044799805,-0.7595197558403015,0.10029402375221252,-0.35134196281433105,0.12461018562316895,-0.5122813284397125,0.15055757761001587,-0.6177999079227448,0.17136019468307495,-0.7001346349716187,0.15472576022148132,-0.29287636280059814,0.21246910095214844,-0.3915262818336487,0.2520986795425415,-0.45289555191993713,0.2878751754760742,-0.5013832449913025,9
0.0,0.0,-0.1061379462480545,-0.09279924631118774,-0.16044192016124725,-0.21741199493408203,-0.1419309675693512,-0.3145545721054077,-0.09694014489650726,-0.3497048020362854,-0.05545663833618164,-0.3693087100982666,-0.07381534576416016,-0.49480140209198,-0.07784135639667511,-0.4558173716068268,-0.06812259554862976,-0.40089428424835205,0.025473803281784058,-0.3806210160255432,0.016340821981430054,-0.5599855780601501,0.015111148357391357,-0.6720815002918243,0.021897166967391968,-0.7597502171993256,0.09189793467521667,-0.3528136610984802,0.11504441499710083,-0.5124956369400024,0.13858315348625183,-0.6176848411560059,0.15989866852760315,-0.6998645067214966,0.14468088746070862,-0.29246020317077637,0.2000446617603302,-0.38973522186279297,0.23780056834220886,-0.45055732131004333,0.2735998332500458,-0.4985569715499878,9
0.0,0.0,-0.10500897467136383,-0.08363044261932373,-0.16162197291851044,-0.20582211017608643,-0.14941899478435516,-0.30596375465393066,-0.10332861542701721,-0.33652061223983765,-0.05337449908256531,-0.36105895042419434,-0.07611261308193207,-0.4787113070487976,-0.08339962363243103,-0.4370405972003937,-0.07442107796669006,-0.3827669620513916,0.025035709142684937,-0.3737372159957886,0.012319386005401611,-0.5531119108200073,0.010308027267456055,-0.6655326187610626,0.017739295959472656,-0.7537426352500916,0.0909106433391571,-0.34761565923690796,0.1123761534690857,-0.5061394572257996,0.13573098182678223,-0.6120208501815796,0.15721973776817322,-0.6943241357803345,0.14469844102859497,-0.28742319345474243,0.19979026913642883,-0.38254982233047485,0.2372470200061798,-0.4422839879989624,0.2723046839237213,-0.48852163553237915,9
0.0,0.0,-0.10292789340019226,-0.08861064910888672,-0.15816949307918549,-0.21348774433135986,-0.14387184381484985,-0.3080671429634094,-0.09622421860694885,-0.3347380757331848,-0.05100765824317932,-0.36233216524124146,-0.07164406776428223,-0.4785817861557007,-0.07910531759262085,-0.435651034116745,-0.07290336489677429,-0.37865549325942993,0.02771902084350586,-0.3742436170578003,0.017783790826797485,-0.55217444896698,0.016131699085235596,-0.6638912260532379,0.02246907353401184,-0.7523493468761444,0.09480559825897217,-0.3486208915710449,0.11699968576431274,-0.5048277378082275,0.14074087142944336,-0.6089469194412231,0.16230547428131104,-0.6889384686946869,0.14929640293121338,-0.29016757011413574,0.2037721872329712,-0.3847751021385193,0.24150466918945312,-0.44335347414016724,0.2770983576774597,-0.4862234592437744,9
0.0,0.0,-0.10079069435596466,-0.09312748908996582,-0.15112850069999695,-0.21603339910507202,-0.13420696556568146,-0.311262309551239,-0.08640436828136444,-0.3405715823173523,-0.04886281490325928,-0.3598862886428833,-0.06362831592559814,-0.48092177510261536,-0.0673513114452362,-0.4448617398738861,-0.05989931523799896,-0.3902202844619751,0.02970382571220398,-0.37100911140441895,0.01857048273086548,-0.5528025925159454,0.017028212547302246,-0.6661963760852814,0.022656142711639404,-0.7541117966175079,0.09735152125358582,-0.34534507989883423,0.12151145935058594,-0.5057058334350586,0.14617812633514404,-0.6133291721343994,0.1670295000076294,-0.6974250078201294,0.152471125125885,-0.2860564589500427,0.20970308780670166,-0.3826170563697815,0.24871599674224854,-0.4429439306259155,0.2843817472457886,-0.4894481599330902,9
0.0,0.0,-0.09849157929420471,-0.09841591119766235,-0.14292801916599274,-0.21813571453094482,-0.11553730070590973,-0.30574673414230347,-0.06383627653121948,-0.331695020198822,-0.047635167837142944,-0.35854005813598633,-0.05080002546310425,-0.47784823179244995,-0.050032079219818115,-0.44452980160713196,-0.04158805310726166,-0.39025479555130005,0.03525593876838684,-0.370425820350647,0.02631482481956482,-0.5512239933013916,0.024603664875030518,-0.6660082638263702,0.028991878032684326,-0.7542078197002411,0.10443952679634094,-0.3447887897491455,0.13775545358657837,-0.5010223686695099,0.16899389028549194,-0.6036592721939087,0.19355332851409912,-0.6843366622924805,0.15738850831985474,-0.28335320949554443,0.22096246480941772,-0.37880682945251465,0.2628609538078308,-0.4361055791378021,0.3008396029472351,-0.48018741607666016,9
0.0,0.0,-0.09994322061538696,-0.09741544723510742,-0.14500857889652252,-0.22217929363250732,-0.11504943668842316,-0.31673747301101685,-0.06335313618183136,-0.34418416023254395,-0.0473904013633728,-0.36993634700775146,-0.04991939663887024,-0.4875607490539551,-0.05110657215118408,-0.4497182369232178,-0.04302212595939636,-0.39463353157043457,0.03715682029724121,-0.3784450888633728,0.02595236897468567,-0.5576280951499939,0.023657768964767456,-0.6709773242473602,0.02778419852256775,-0.7580831944942474,0.10652858018875122,-0.3505353331565857,0.13732773065567017,-0.5068522095680237,0.17033720016479492,-0.6083987057209015,0.19691169261932373,-0.6866170763969421,0.1585596799850464,-0.2889816164970398,0.21935850381851196,-0.385479211807251,0.2609228491783142,-0.44281497597694397,0.298393189907074,-0.48599815368652344,9
0.0,0.0,-0.0976506769657135,-0.1006668210029602,-0.1388029307126999,-0.21840602159500122,-0.1063404381275177,-0.30501919984817505,-0.05106651782989502,-0.3310803174972534,-0.047643765807151794,-0.3636002540588379,-0.045527368783950806,-0.481947660446167,-0.038533955812454224,-0.45082950592041016,-0.02820652723312378,-0.39981091022491455,0.037311851978302,-0.3736148476600647,0.029642432928085327,-0.5526058077812195,0.030236154794692993,-0.665251612663269,0.03484901785850525,-0.7522139847278595,0.10830634832382202,-0.346541166305542,0.14302906394004822,-0.5012072622776031,0.17667049169540405,-0.6010220646858215,0.202499121427536,-0.6798315346240997,0.16272732615470886,-0.2854963541030884,0.22530803084373474,-0.3804287314414978,0.26790013909339905,-0.4364703297615051,0.305968314409256,-0.4797535538673401,9
0.0,0.0,-0.09601761400699615,-0.10310912132263184,-0.13525336980819702,-0.22670763731002808,-0.1021503359079361,-0.3094964623451233,-0.044997647404670715,-0.32615137100219727,-0.0439826101064682,-0.36601966619491577,-0.042125850915908813,-0.48238033056259155,-0.03808145225048065,-0.449932724237442,-0.030527248978614807,-0.39730870723724365,0.03903818130493164,-0.3752797245979309,0.03276374936103821,-0.5559146404266357,0.033098846673965454,-0.667678952217102,0.036783963441848755,-0.7538558542728424,0.10914716124534607,-0.3474605083465576,0.14537999033927917,-0.5028343796730042,0.17829900979995728,-0.6040986776351929,0.2032076120376587,-0.6859589517116547,0.16303420066833496,-0.2848896384239197,0.2273094654083252,-0.3799889087677002,0.2707458734512329,-0.4363851547241211,0.30940067768096924,-0.4799984395503998,9
0.0,0.0,-0.09616325795650482,-0.10265296697616577,-0.1354450136423111,-0.2258661389350891,-0.1016385555267334,-0.3096243143081665,-0.04650634527206421,-0.3341100215911865,-0.041899532079696655,-0.366763174533844,-0.041781216859817505,-0.48447659611701965,-0.04041352868080139,-0.4501520097255707,-0.03167107701301575,-0.39507824182510376,0.040834903717041016,-0.37396925687789917,0.03311869502067566,-0.5528357923030853,0.031612247228622437,-0.665469765663147,0.035436809062957764,-0.751452624797821,0.10977640748023987,-0.3441511392593384,0.14418861269950867,-0.4999759793281555,0.17541995644569397,-0.6028263866901398,0.200056254863739,-0.6844823360443115,0.16270309686660767,-0.2795615792274475,0.22769784927368164,-0.3758455514907837,0.2711166739463806,-0.43355804681777954,0.30992650985717773,-0.4777229428291321,9
0.0,0.0,-0.1013621836900711,-0.1030656099319458,-0.14227330684661865,-0.22840875387191772,-0.10942362248897552,-0.3180755376815796,-0.053982824087142944,-0.3439093232154846,-0.04903927445411682,-0.37504494190216064,-0.043963924050331116,-0.4981909692287445,-0.036221086978912354,-0.47052431106567383,-0.02458411455154419,-0.42003506422042847,0.036057472229003906,-0.38361966609954834,0.02857494354248047,-0.568084716796875,0.028396010398864746,-0.6842280030250549,0.03171858191490173,-0.7724452912807465,0.10827964544296265,-0.35616904497146606,0.1423175036907196,-0.5168803036212921,0.1736496388912201,-0.6241993010044098,0.19682371616363525,-0.707646369934082,0.16449156403541565,-0.29408544301986694,0.23157083988189697,-0.39215439558029175,0.27651315927505493,-0.45106834173202515,0.31598782539367676,-0.49470409750938416,9
0.0,0.0,-0.10005387663841248,-0.10241895914077759,-0.1438884437084198,-0.22531235218048096,-0.11595532298088074,-0.3155985474586487,-0.062874436378479,-0.34176450967788696,-0.05033865571022034,-0.37309789657592773,-0.04758770763874054,-0.5013666749000549,-0.04111166298389435,-0.4793330430984497,-0.03027510643005371,-0.42978113889694214,0.03427347540855408,-0.3841506242752075,0.02798992395401001,-0.5730706751346588,0.027899116277694702,-0.6909170746803284,0.032245248556137085,-0.7788360416889191,0.10575863718986511,-0.35637885332107544,0.14132508635520935,-0.5181818604469299,0.17296749353408813,-0.6270439624786377,0.1970769166946411,-0.7122801244258881,0.16141992807388306,-0.290593683719635,0.23049849271774292,-0.3888559937477112,0.2757853865623474,-0.44835394620895386,0.3148537278175354,-0.49387794733047485,9
0.0,0.0,-0.09233321249485016,-0.11021113395690918,-0.12615524232387543,-0.2280508279800415,-0.09103435277938843,-0.30268001556396484,-0.03049159049987793,-0.3177831768989563,-0.03097081184387207,-0.3629681468009949,-0.027988195419311523,-0.4797738790512085,-0.026747286319732666,-0.45286256074905396,-0.01932680606842041,-0.4047028422355652,0.046016961336135864,-0.3696243166923523,0.04120078682899475,-0.5503619909286499,0.04152509570121765,-0.6612090170383453,0.04782482981681824,-0.7446260452270508,0.11194884777069092,-0.3378174304962158,0.14923769235610962,-0.4968240261077881,0.17965152859687805,-0.5983341038227081,0.2036619782447815,-0.6787996590137482,0.1635969579219818,-0.27151674032211304,0.23304849863052368,-0.3654084801673889,0.2781059741973877,-0.420737624168396,0.31752049922943115,-0.46449586749076843,9
0.0,0.0,-0.08490264415740967,-0.10152190923690796,-0.11555752158164978,-0.2006460428237915,-0.08492003381252289,-0.2601780295372009,-0.03208988904953003,-0.27807122468948364,-0.024974673986434937,-0.33032286167144775,-0.023286044597625732,-0.4274981617927551,-0.02398344874382019,-0.40104103088378906,-0.020319312810897827,-0.3603290915489197,0.04600554704666138,-0.34160691499710083,0.0439317524433136,-0.5044201016426086,0.045127809047698975,-0.6041629016399384,0.051698923110961914,-0.6818093955516815,0.10657408833503723,-0.31298261880874634,0.1435151994228363,-0.4602941870689392,0.17144587635993958,-0.5521084070205688,0.19349560141563416,-0.6273408830165863,0.15500566363334656,-0.24938547611236572,0.22214266657829285,-0.3319241404533386,0.26505693793296814,-0.38304954767227173,0.3026348054409027,-0.42490679025650024,9
0.0,0.0,-0.08537562191486359,-0.10264939069747925,-0.11458097398281097,-0.20939284563064575,-0.07552088797092438,-0.26947450637817383,-0.01633661985397339,-0.27435755729675293,-0.022056400775909424,-0.3294947147369385,-0.02392292022705078,-0.430492639541626,-0.0235670804977417,-0.43226271867752075,-0.01549723744392395,-0.4144119620323181,0.04648655652999878,-0.33597904443740845,0.04156762361526489,-0.4963020086288452,0.0420360267162323,-0.5948176085948944,0.04798203706741333,-0.6672205626964569,0.10474830865859985,-0.3076258897781372,0.13096752762794495,-0.4505770802497864,0.15226373076438904,-0.5424222946166992,0.16940557956695557,-0.6123436987400055,0.15069180727005005,-0.25002801418304443,0.2118486762046814,-0.33486151695251465,0.25077635049819946,-0.38723641633987427,0.28452759981155396,-0.4277099668979645,9
0.0,0.0,-0.08203311264514923,-0.11601942777633667,-0.09996920824050903,-0.21479398012161255,-0.059212908148765564,-0.27228981256484985,-0.006297796964645386,-0.28698962926864624,-0.018325328826904297,-0.32301491498947144,-0.01702919602394104,-0.4266526699066162,-0.01670658588409424,-0.4040912985801697,-0.00910148024559021,-0.3655332326889038,0.04947984218597412,-0.32901525497436523,0.04256850481033325,-0.49135279655456543,0.041769206523895264,-0.5819166600704193,0.04623037576675415,-0.6493575870990753,0.10413730144500732,-0.30153417587280273,0.12505164742469788,-0.44695281982421875,0.14219215512275696,-0.5371896624565125,0.1559828817844391,-0.607490062713623,0.147108256816864,-0.24663084745407104,0.20240429043769836,-0.3404587507247925,0.237883061170578,-0.39509117603302,0.26795801520347595,-0.4410191774368286,9
0.0,0.0,-0.08103349804878235,-0.10492384433746338,-0.10803472995758057,-0.19930791854858398,-0.07295802235603333,-0.2535892724990845,-0.01904308795928955,-0.2591117024421692,-0.01985880732536316,-0.31728029251098633,-0.021949082612991333,-0.4158399701118469,-0.017611593008041382,-0.41103097796440125,-0.008711814880371094,-0.38619518280029297,0.0474468469619751,-0.32389914989471436,0.04155611991882324,-0.4779408872127533,0.04257681965827942,-0.5691876113414764,0.0464305579662323,-0.6324520409107208,0.10412338376045227,-0.29960185289382935,0.11741095781326294,-0.4402032196521759,0.12869423627853394,-0.5324503183364868,0.1362161934375763,-0.6002409160137177,0.14960917830467224,-0.24828845262527466,0.19605010747909546,-0.3451628088951111,0.22318974137306213,-0.4054569900035858,0.24496451020240784,-0.4518459141254425,9
0.0,0.0,-0.07614776492118835,-0.11514759063720703,-0.0941154807806015,-0.21067363023757935,-0.05765935778617859,-0.26061058044433594,-0.009494185447692871,-0.27106285095214844,-0.017102837562561035,-0.3280077576637268,-0.022716403007507324,-0.4366557002067566,-0.02211970090866089,-0.41451263427734375,-0.015360981225967407,-0.37516462802886963,0.05080106854438782,-0.32989394664764404,0.048316001892089844,-0.4894813299179077,0.05218607187271118,-0.5810233354568481,0.05892542004585266,-0.6506737768650055,0.10640749335289001,-0.3009835481643677,0.11735168099403381,-0.4459088146686554,0.12664389610290527,-0.539438784122467,0.13270413875579834,-0.6137891113758087,0.14948222041130066,-0.24550384283065796,0.1816648542881012,-0.35801130533218384,0.1985955536365509,-0.42263907194137573,0.21352985501289368,-0.4754711389541626,9
0.0,0.0,-0.07016155123710632,-0.10719430446624756,-0.09135453402996063,-0.19629639387130737,-0.06019866466522217,-0.2551482319831848,-0.015576660633087158,-0.27145034074783325,-0.012167930603027344,-0.3212915062904358,-0.007083684206008911,-0.4234505295753479,0.0023299753665924072,-0.39949315786361694,0.014043629169464111,-0.3604983687400818,0.05366647243499756,-0.3229339122772217,0.05524304509162903,-0.48047778010368347,0.0631762146949768,-0.5737005174160004,0.07237869501113892,-0.6430754065513611,0.10773280262947083,-0.29510706663131714,0.11700928211212158,-0.4426511526107788,0.12462204694747925,-0.5351988673210144,0.1283772587776184,-0.6081326007843018,0.14970004558563232,-0.24034857749938965,0.17723196744918823,-0.356805682182312,0.18799996376037598,-0.42366844415664673,0.19715213775634766,-0.4767932593822479,9
0.0,0.0,-0.06930851936340332,-0.09188807010650635,-0.08928906917572021,-0.1704035997390747,-0.06664913892745972,-0.2293304204940796,-0.03303807973861694,-0.25008338689804077,-0.008089631795883179,-0.32035744190216064,0.019698888063430786,-0.40314802527427673,0.034917742013931274,-0.36623382568359375,0.04354292154312134,-0.3254074454307556,0.060007959604263306,-0.3167678117752075,0.07794693112373352,-0.46558111906051636,0.09095650911331177,-0.5498560070991516,0.10092934966087341,-0.6163671612739563,0.11052590608596802,-0.2840035557746887,0.1283138394355774,-0.41750168800354004,0.14055976271629333,-0.4994392395019531,0.1483667492866516,-0.5646593570709229,0.14665284752845764,-0.22642457485198975,0.16979041695594788,-0.3392888307571411,0.17882230877876282,-0.39998582005500793,0.18479514122009277,-0.447897732257843,9
0.0,0.0,-0.06998196244239807,-0.10804063081741333,-0.08243538439273834,-0.19603097438812256,-0.04666714370250702,-0.2587035894393921,-0.00787857174873352,-0.2843315601348877,-0.008205950260162354,-0.3216818571090698,0.013925522565841675,-0.4134047031402588,0.02975684404373169,-0.38213634490966797,0.0420091450214386,-0.34184932708740234,0.06011518836021423,-0.314544677734375,0.07324084639549255,-0.46836310625076294,0.08499139547348022,-0.558735191822052,0.09655368328094482,-0.6258141100406647,0.1125740110874176,-0.2810036540031433,0.1240081787109375,-0.4298419654369354,0.13013547658920288,-0.521930456161499,0.1338512897491455,-0.5923497974872589,0.1494593322277069,-0.2241520881652832,0.16994071006774902,-0.34614408016204834,0.1742740273475647,-0.41319942474365234,0.17677980661392212,-0.4656522870063782,9
0.0,0.0,-0.059138715267181396,-0.1064872145652771,-0.0709030032157898,-0.1928156614303589,-0.034372031688690186,-0.2552216649055481,0.008254319429397583,-0.28110581636428833,-0.011002272367477417,-0.3203924894332886,0.013898730278015137,-0.41298791766166687,0.02766898274421692,-0.3759204149246216,0.03777271509170532,-0.33048731088638306,0.0530623197555542,-0.31691908836364746,0.07281756401062012,-0.4681141972541809,0.08763816952705383,-0.5578519701957703,0.10126489400863647,-0.6256959736347198,0.10430043935775757,-0.2860105037689209,0.1196121871471405,-0.4377022087574005,0.12561890482902527,-0.5245717167854309,0.1280461549758911,-0.5954232811927795,0.14443573355674744,-0.2305908203125,0.16696995496749878,-0.3548130989074707,0.17213940620422363,-0.42256808280944824,0.17740827798843384,-0.4788040816783905,9
0.0,0.0,-0.06519332528114319,-0.10237318277359009,-0.07868005335330963,-0.18481290340423584,-0.04527565836906433,-0.24448460340499878,-0.005148261785507202,-0.26637977361679077,-0.012301117181777954,-0.31711405515670776,0.007721036672592163,-0.4159819483757019,0.02057892084121704,-0.387434720993042,0.033276915550231934,-0.34685707092285156,0.05110087990760803,-0.31474393606185913,0.06411111354827881,-0.4692275822162628,0.07685410976409912,-0.5586982369422913,0.0909305214881897,-0.624891847372055,0.10024264454841614,-0.2860074043273926,0.11038824915885925,-0.4398939609527588,0.11630800366401672,-0.5279037654399872,0.12066695094108582,-0.5967581272125244,0.13828393816947937,-0.2348024845123291,0.1586640179157257,-0.36088305711746216,0.16681426763534546,-0.4288342595100403,0.1757708191871643,-0.4837108254432678,9
0.0,0.0,-0.06809934973716736,-0.10579168796539307,-0.08116097748279572,-0.18357807397842407,-0.05501869320869446,-0.24396002292633057,-0.0177861750125885,-0.27102285623550415,-0.012260884046554565,-0.31480664014816284,0.0006096065044403076,-0.4176989197731018,0.012994170188903809,-0.3986572027206421,0.02649456262588501,-0.36040347814559937,0.052066802978515625,-0.31575196981430054,0.0527748167514801,-0.48056405782699585,0.05750012397766113,-0.5676421523094177,0.06524664163589478,-0.6326003670692444,0.10305055975914001,-0.2870386242866516,0.1172633171081543,-0.4491003751754761,0.1259555220603943,-0.5367591679096222,0.13228684663772583,-0.604724109172821,0.14368924498558044,-0.23408567905426025,0.17077112197875977,-0.363598108291626,0.18440333008766174,-0.4316340982913971,0.19515788555145264,-0.487707257270813,9
0.0,0.0,-0.07199984788894653,-0.10214591026306152,-0.08385759592056274,-0.18266993761062622,-0.05717688798904419,-0.2365766167640686,-0.015098661184310913,-0.25886160135269165,-0.011449337005615234,-0.3113827109336853,-0.0019763708114624023,-0.41181671619415283,0.005874574184417725,-0.3819122910499573,0.014707207679748535,-0.33896976709365845,0.05393466353416443,-0.30673933029174805,0.05221235752105713,-0.47145044803619385,0.05530083179473877,-0.5596683025360107,0.05976921319961548,-0.6309330463409424,0.10547873377799988,-0.2722606658935547,0.12499648332595825,-0.4289150834083557,0.13628298044204712,-0.5199306011199951,0.14332929253578186,-0.5916334390640259,0.1438547670841217,-0.21420025825500488,0.17151090502738953,-0.33719128370285034,0.18414071202278137,-0.4014129340648651,0.19282463192939758,-0.454793244600296,9
0.0,0.0,-0.06727524101734161,-0.10761392116546631,-0.07961393892765045,-0.19560784101486206,-0.046345651149749756,-0.2470254898071289,-0.0026611387729644775,-0.2668440341949463,-0.00641515851020813,-0.31644952297210693,0.00655972957611084,-0.42949002981185913,0.01483181118965149,-0.4038030803203583,0.024622738361358643,-0.3617064356803894,0.060131072998046875,-0.3098742961883545,0.06582716107368469,-0.4723791182041168,0.06909918785095215,-0.5617382824420929,0.07294872403144836,-0.6301939785480499,0.1118713915348053,-0.2760007977485657,0.13613730669021606,-0.4229825735092163,0.14900463819503784,-0.5097280740737915,0.15807309746742249,-0.5764384567737579,0.1484721302986145,-0.22192317247390747,0.17689841985702515,-0.34062379598617554,0.18886375427246094,-0.4030422568321228,0.1995951533317566,-0.45319250226020813,9
0.0,0.0,-0.06688439846038818,-0.10582435131072998,-0.07549595832824707,-0.1929718255996704,-0.044720858335494995,-0.260347843170166,-0.008096188306808472,-0.30292898416519165,-0.009295880794525146,-0.32045048475265503,0.003979772329330444,-0.43244796991348267,0.010820448398590088,-0.4114811420440674,0.019354820251464844,-0.37556105852127075,0.05387413501739502,-0.31824880838394165,0.05728396773338318,-0.47937291860580444,0.05869826674461365,-0.5683626234531403,0.06166979670524597,-0.6370784640312195,0.10415154695510864,-0.2855941653251648,0.1265363097190857,-0.4357089400291443,0.13780924677848816,-0.5303073227405548,0.14582642912864685,-0.6050330698490143,0.14303922653198242,-0.23345690965652466,0.17444521188735962,-0.35130125284194946,0.18959856033325195,-0.4187101721763611,0.2022106647491455,-0.4795582890510559,9
0.0,0.0,-0.06983095407485962,-0.10565084218978882,-0.08137884736061096,-0.19615602493286133,-0.04875977337360382,-0.2542271614074707,-0.005107104778289795,-0.28267478942871094,-0.011233299970626831,-0.3177061080932617,-0.004375070333480835,-0.4290494918823242,0.0028713345527648926,-0.4155534505844116,0.013445287942886353,-0.3833833932876587,0.05078476667404175,-0.31644779443740845,0.04965710639953613,-0.47767525911331177,0.053059399127960205,-0.5687200725078583,0.05818167328834534,-0.6377496719360352,0.10188621282577515,-0.28694552183151245,0.12516748905181885,-0.435846209526062,0.13842779397964478,-0.5255649089813232,0.14795035123825073,-0.5964935719966888,0.14243647456169128,-0.23331600427627563,0.17075318098068237,-0.3545457124710083,0.18496555089950562,-0.4211210012435913,0.19601881504058838,-0.4769768714904785,9
0.0,0.0,-0.06862303614616394,-0.10842835903167725,-0.0769885778427124,-0.19646716117858887,-0.040266603231430054,-0.2518237829208374,0.0053345561027526855,-0.27666425704956055,-0.006468534469604492,-0.3129870891571045,0.0009357631206512451,-0.41879311203956604,0.0073187947273254395,-0.4002044200897217,0.017516016960144043,-0.36527562141418457,0.053607672452926636,-0.31136059761047363,0.05097326636314392,-0.47066450119018555,0.052293747663497925,-0.5615092813968658,0.05565628409385681,-0.6321039497852325,0.10432189702987671,-0.28191208839416504,0.12762603163719177,-0.43361687660217285,0.139351487159729,-0.5220906138420105,0.14707770943641663,-0.592496395111084,0.1447065770626068,-0.22807812690734863,0.17404621839523315,-0.3487115502357483,0.18600928783416748,-0.4126944839954376,0.19482380151748657,-0.46487128734588623,9
0.0,0.0,-0.012924537062644958,-0.14142978191375732,0.01127728819847107,-0.2435256838798523,0.05397510528564453,-0.3009255528450012,0.09949836134910583,-0.3329731225967407,0.007814675569534302,-0.2986993193626404,0.06814694404602051,-0.40293624997138977,0.1070757806301117,-0.4159797430038452,0.1380920112133026,-0.41407811641693115,0.049239784479141235,-0.294694185256958,0.08061444759368896,-0.4406212568283081,0.08994171023368835,-0.5371356010437012,0.09223434329032898,-0.6138774454593658,0.09613341093063354,-0.26678794622421265,0.1343209445476532,-0.4227410554885864,0.1513303816318512,-0.5148492753505707,0.15736430883407593,-0.5897588431835175,0.14788001775741577,-0.22153830528259277,0.18053802847862244,-0.34361982345581055,0.19458284974098206,-0.4174940586090088,0.20537611842155457,-0.48347729444503784,9
0.0,0.0,0.07768610119819641,-0.062056541442871094,0.1203664243221283,-0.13809746503829956,0.14880791306495667,-0.18724507093429565,0.16441848874092102,-0.23146194219589233,0.0827181339263916,-0.261482298374176,0.13226652145385742,-0.3181617856025696,0.1612730622291565,-0.2808222770690918,0.17047926783561707,-0.23894363641738892,0.07211947441101074,-0.2882039546966553,0.09440121054649353,-0.4210696220397949,0.10014909505844116,-0.5035695433616638,0.09288614988327026,-0.5746402442455292,0.05509144067764282,-0.2883276343345642,0.07317814230918884,-0.4255240559577942,0.07746431231498718,-0.515884667634964,0.07210198044776917,-0.593648374080658,0.0366952121257782,-0.27081388235092163,0.042065322399139404,-0.3769911527633667,0.03928732872009277,-0.4470940828323364,0.03208035230636597,-0.5064801871776581,9
0.0,0.0,0.08025532960891724,-0.0386357307434082,0.15406668186187744,-0.10458678007125854,0.21318209171295166,-0.15253794193267822,0.2457214593887329,-0.2163156270980835,0.11637559533119202,-0.2858256697654724,0.1848452091217041,-0.35850536823272705,0.21802353858947754,-0.31615304946899414,0.22656595706939697,-0.2569621205329895,0.08478212356567383,-0.31702518463134766,0.12896385788917542,-0.4426786005496979,0.1532747745513916,-0.5299131572246552,0.16165396571159363,-0.60838583111763,0.04339441657066345,-0.31606602668762207,0.06814730167388916,-0.4537109136581421,0.07614821195602417,-0.5486343502998352,0.0768563449382782,-0.6311245858669281,-0.00572890043258667,-0.28962385654449463,-0.012025058269500732,-0.39968758821487427,-0.01798039674758911,-0.4792120158672333,-0.023903459310531616,-0.5501388907432556,9
0.0,0.0,0.08332797884941101,-0.04577946662902832,0.15619608759880066,-0.10937130451202393,0.21529048681259155,-0.1617640256881714,0.23829662799835205,-0.2346249222755432,0.11178180575370789,-0.3013767600059509,0.1842556595802307,-0.3806365728378296,0.21633517742156982,-0.3355509638786316,0.22175496816635132,-0.27543532848358154,0.07105019688606262,-0.33575087785720825,0.11895981431007385,-0.47139933705329895,0.14646834135055542,-0.5630578994750977,0.15856289863586426,-0.643415242433548,0.020188361406326294,-0.3320237994194031,0.03744107484817505,-0.470077246427536,0.044375449419021606,-0.5655024945735931,0.04764249920845032,-0.6492317020893097,-0.03737443685531616,-0.2960284352302551,-0.05448770523071289,-0.4005107879638672,-0.06378144025802612,-0.47722068428993225,-0.07005301117897034,-0.5481890439987183,9
0.0,0.0,0.08482244610786438,-0.04288262128829956,0.16036182641983032,-0.10417300462722778,0.22099459171295166,-0.15683972835540771,0.23910772800445557,-0.23150211572647095,0.11474806070327759,-0.3009326457977295,0.1830960512161255,-0.38395678997039795,0.21505731344223022,-0.3393821716308594,0.22252869606018066,-0.27990686893463135,0.07197946310043335,-0.3353275656700134,0.11711996793746948,-0.4670693576335907,0.1443260908126831,-0.5602144598960876,0.15815114974975586,-0.64555624127388,0.02000117301940918,-0.3319156765937805,0.033372849225997925,-0.46525639295578003,0.03761669993400574,-0.5607080459594727,0.03987526893615723,-0.6464105248451233,-0.0370180606842041,-0.29574233293533325,-0.05539447069168091,-0.39512109756469727,-0.06847453117370605,-0.47041094303131104,-0.07857298851013184,-0.5414643585681915,9
0.0,0.0,0.0838746428489685,-0.04570901393890381,0.15854713320732117,-0.11188983917236328,0.2188357412815094,-0.1670079231262207,0.2384938895702362,-0.24287307262420654,0.11393368244171143,-0.30894190073013306,0.18146643042564392,-0.3895683288574219,0.2107936441898346,-0.3394359350204468,0.2139904797077179,-0.2764320373535156,0.06899866461753845,-0.3454497456550598,0.11384779214859009,-0.47960832715034485,0.14051827788352966,-0.5702240765094757,0.15347793698310852,-0.6536392569541931,0.01494598388671875,-0.3427874445915222,0.025032907724380493,-0.47393327951431274,0.03022897243499756,-0.5690385103225708,0.033662110567092896,-0.6556684970855713,-0.04358983039855957,-0.3061171770095825,-0.06304934620857239,-0.406175434589386,-0.07558545470237732,-0.4805394411087036,-0.08477063477039337,-0.5508822798728943,9
0.0,0.0,0.08447927236557007,-0.05047309398651123,0.1616862714290619,-0.11897802352905273,0.22208672761917114,-0.1789076328277588,0.22927826642990112,-0.254496693611145,0.10740777850151062,-0.31239235401153564,0.17090660333633423,-0.3999939560890198,0.19931650161743164,-0.3552231788635254,0.2029920220375061,-0.29386812448501587,0.059614360332489014,-0.3470197319984436,0.10188096761703491,-0.48443230986595154,0.1245761513710022,-0.5777561962604523,0.13426661491394043,-0.6643795073032379,0.004493594169616699,-0.34314703941345215,0.007765650749206543,-0.47454485297203064,0.009150564670562744,-0.5661858916282654,0.010903745889663696,-0.6500305533409119,-0.0542697012424469,-0.30444997549057007,-0.08137071132659912,-0.39949923753738403,-0.09798260033130646,-0.46852728724479675,-0.10890722274780273,-0.53387850522995,9
0.0,0.0,0.08287838101387024,-0.05254077911376953,0.15841057896614075,-0.12478899955749512,0.21850711107254028,-0.18747824430465698,0.22621673345565796,-0.26384276151657104,0.10321038961410522,-0.3182545304298401,0.16482937335968018,-0.41266101598739624,0.19158029556274414,-0.366363525390625,0.19409900903701782,-0.30156874656677246,0.05055150389671326,-0.35052192211151123,0.0830584466457367,-0.4944419264793396,0.09863728284835815,-0.5886555910110474,0.10172346234321594,-0.6758528351783752,-0.0070175230503082275,-0.3422766327857971,-0.012832283973693848,-0.47251462936401367,-0.01781710982322693,-0.5623432695865631,-0.0217440128326416,-0.6455482244491577,-0.06537747383117676,-0.2981582283973694,-0.0978313684463501,-0.3902624249458313,-0.11729060113430023,-0.4566553235054016,-0.1308806836605072,-0.5202159285545349,9
0.0,0.0,0.08387389779090881,-0.053818702697753906,0.15845632553100586,-0.12721145153045654,0.21999433636665344,-0.19297564029693604,0.2274421751499176,-0.2692371606826782,0.10127398371696472,-0.32243138551712036,0.16312173008918762,-0.4151402711868286,0.18878361582756042,-0.3677627444267273,0.18883928656578064,-0.3014337420463562,0.047294050455093384,-0.35605430603027344,0.07859688997268677,-0.5014368891716003,0.09294375777244568,-0.5944683849811554,0.09512189030647278,-0.6805635988712311,-0.01091301441192627,-0.34816598892211914,-0.01846209168434143,-0.4774770736694336,-0.024182021617889404,-0.5656057000160217,-0.028752237558364868,-0.6467623710632324,-0.06908786296844482,-0.3034033179283142,-0.10230453312397003,-0.3936581015586853,-0.12272810935974121,-0.4590831995010376,-0.13725270330905914,-0.5217103064060211,9
0.0,0.0,0.0838485062122345,-0.05206930637359619,0.1605488359928131,-0.1278783679008484,0.22326645255088806,-0.193065345287323,0.22885540127754211,-0.27003341913223267,0.10292297601699829,-0.3266199827194214,0.16403457522392273,-0.4206310510635376,0.18895521759986877,-0.3673171401023865,0.18848338723182678,-0.2969893217086792,0.04792758822441101,-0.3611297607421875,0.07973259687423706,-0.5069800317287445,0.0949336588382721,-0.6019155085086823,0.09779232740402222,-0.6904676556587219,-0.011086434125900269,-0.3525577187538147,-0.018676728010177612,-0.4858943521976471,-0.024972259998321533,-0.5754012763500214,-0.029835671186447144,-0.6595530211925507,-0.06974133849143982,-0.3058505058288574,-0.10302700102329254,-0.3978880047798157,-0.12370225787162781,-0.4645238518714905,-0.13822929561138153,-0.5295385122299194,9
0.0,0.0,0.08332431316375732,-0.05363607406616211,0.15729987621307373,-0.12759506702423096,0.21867269277572632,-0.19117259979248047,0.22551292181015015,-0.2651573419570923,0.09931555390357971,-0.32739192247390747,0.16288846731185913,-0.4188966453075409,0.18890106678009033,-0.3621779680252075,0.1880272626876831,-0.29045844078063965,0.044229209423065186,-0.361538290977478,0.07548323273658752,-0.5108644366264343,0.09186318516731262,-0.6078011095523834,0.09616315364837646,-0.6973824799060822,-0.015174448490142822,-0.3529815673828125,-0.021724343299865723,-0.4865032434463501,-0.026471436023712158,-0.5772465765476227,-0.0301341712474823,-0.6613695919513702,-0.07443973422050476,-0.3064814805984497,-0.10766932368278503,-0.3987233638763428,-0.12752655148506165,-0.4658367335796356,-0.141525998711586,-0.5298550128936768,9
0.0,0.0,0.08636653423309326,-0.05037569999694824,0.16544723510742188,-0.12504565715789795,0.22969865798950195,-0.18837487697601318,0.23574978113174438,-0.2636359930038452,0.10889822244644165,-0.32649868726730347,0.17688840627670288,-0.41453123092651367,0.20045363903045654,-0.35097628831863403,0.19593220949172974,-0.27834147214889526,0.053884029388427734,-0.3629482388496399,0.08754393458366394,-0.5095430910587311,0.10384401679039001,-0.6059502065181732,0.10656210780143738,-0.6959230005741119,-0.006260931491851807,-0.3561081290245056,-0.010729968547821045,-0.48731106519699097,-0.014208018779754639,-0.576023280620575,-0.017517417669296265,-0.6606270670890808,-0.06643214821815491,-0.31131088733673096,-0.0978817343711853,-0.4014737606048584,-0.11772309243679047,-0.4676695764064789,-0.13230550289154053,-0.532152533531189,9
0.0,0.0,0.08708104491233826,-0.05197548866271973,0.1641933023929596,-0.12597638368606567,0.2297528088092804,-0.19100868701934814,0.2372419536113739,-0.26646900177001953,0.10777461528778076,-0.33046239614486694,0.17356064915657043,-0.42256781458854675,0.19869521260261536,-0.3702685832977295,0.19658610224723816,-0.3007388710975647,0.051039814949035645,-0.3689262270927429,0.08533105254173279,-0.5227634310722351,0.10260877013206482,-0.621557891368866,0.10731887817382812,-0.7123149931430817,-0.01009485125541687,-0.3624219298362732,-0.0163993239402771,-0.4986201524734497,-0.019223272800445557,-0.5914423167705536,-0.021003812551498413,-0.6770902574062347,-0.07089981436729431,-0.3161807656288147,-0.10259056091308594,-0.410855770111084,-0.12211067974567413,-0.47991907596588135,-0.13590852916240692,-0.5452166199684143,9
0.0,0.0,0.08779948949813843,-0.04966944456100464,0.16729331016540527,-0.12354069948196411,0.2318418025970459,-0.18788182735443115,0.23757481575012207,-0.26323169469833374,0.11199721693992615,-0.3319697976112366,0.17668604850769043,-0.424851655960083,0.19850695133209229,-0.3591727614402771,0.193506121635437,-0.28367578983306885,0.05342569947242737,-0.37017446756362915,0.08587294816970825,-0.5235491394996643,0.10208112001419067,-0.6243192553520203,0.10624906420707703,-0.7188171446323395,-0.009664982557296753,-0.3626548647880554,-0.014002203941345215,-0.4988303482532501,-0.018214553594589233,-0.591968834400177,-0.021208196878433228,-0.6808156073093414,-0.07234138250350952,-0.315127432346344,-0.10385933518409729,-0.4097747802734375,-0.12373629212379456,-0.4790526032447815,-0.13832804560661316,-0.5464006960391998,9
0.0,0.0,0.08848077058792114,-0.05144798755645752,0.16956597566604614,-0.130193293094635,0.2345055341720581,-0.19678974151611328,0.2355191707611084,-0.2685491442680359,0.11059820652008057,-0.33470475673675537,0.17679917812347412,-0.4251682162284851,0.19761449098587036,-0.3537178039550781,0.1900455355644226,-0.27610135078430176,0.05137762427330017,-0.37221843004226685,0.08457678556442261,-0.5242468118667603,0.10097923874855042,-0.6242600679397583,0.10513341426849365,-0.718211442232132,-0.011710137128829956,-0.3641149401664734,-0.015542179346084595,-0.49993711709976196,-0.01905575394630432,-0.5925935208797455,-0.02127978205680847,-0.680781751871109,-0.07459086179733276,-0.31659388542175293,-0.10458378493785858,-0.4127104878425598,-0.12470641732215881,-0.48172521591186523,-0.13933108747005463,-0.5483581721782684,9
0.0,0.0,0.08813121914863586,-0.050110459327697754,0.1672796607017517,-0.12904781103134155,0.23086276650428772,-0.19770550727844238,0.23051980137825012,-0.2732481360435486,0.10657685995101929,-0.34024548530578613,0.17034289240837097,-0.435138076543808,0.19290807843208313,-0.36913126707077026,0.18833640217781067,-0.2915833592414856,0.04612413048744202,-0.3766956329345703,0.07844865322113037,-0.5335681438446045,0.09398570656776428,-0.634524017572403,0.09869319200515747,-0.7294923663139343,-0.01802980899810791,-0.3677806854248047,-0.022104501724243164,-0.5029873251914978,-0.02551671862602234,-0.5970986783504486,-0.027351409196853638,-0.6847805380821228,-0.08176472783088684,-0.319105863571167,-0.11178892850875854,-0.4147486090660095,-0.13178308308124542,-0.4848521947860718,-0.14606742560863495,-0.5508663058280945,9
0.0,0.0,0.08879029750823975,-0.05338776111602783,0.1696012020111084,-0.13333868980407715,0.23424828052520752,-0.20183074474334717,0.23494434356689453,-0.27597343921661377,0.11123764514923096,-0.3409184217453003,0.17402034997940063,-0.43476930260658264,0.1958717703819275,-0.3718075752258301,0.1908685564994812,-0.2959405183792114,0.050745755434036255,-0.3779498338699341,0.08191469311714172,-0.5331859886646271,0.09691277146339417,-0.6350458264350891,0.10149472951889038,-0.7302120327949524,-0.01379382610321045,-0.37018275260925293,-0.019331395626068115,-0.5061882138252258,-0.02406907081604004,-0.6007745563983917,-0.02674567699432373,-0.688493400812149,-0.07818511128425598,-0.3220825791358948,-0.10893216729164124,-0.4174461364746094,-0.12989987432956696,-0.48721277713775635,-0.14488625526428223,-0.5535281300544739,9
0.0,0.0,0.08686938881874084,-0.05132341384887695,0.1637970209121704,-0.12943041324615479,0.2279011309146881,-0.1950557827949524,0.23644223809242249,-0.2684599757194519,0.10740277171134949,-0.3439035415649414,0.17262300848960876,-0.4376770257949829,0.1951662003993988,-0.3694878816604614,0.19021549820899963,-0.2899642586708069,0.04677101969718933,-0.38141775131225586,0.0792873203754425,-0.5400208830833435,0.09532484412193298,-0.6417072415351868,0.10026976466178894,-0.7360361218452454,-0.017682284116744995,-0.3727399706840515,-0.021170884370803833,-0.5120482444763184,-0.02600613236427307,-0.6071758270263672,-0.029595553874969482,-0.695667564868927,-0.08240486681461334,-0.32331937551498413,-0.11338983476161957,-0.42066943645477295,-0.1343754231929779,-0.4909997582435608,-0.1499970704317093,-0.558176577091217,9
0.0,0.0,0.08862704038619995,-0.051535844802856445,0.16930890083312988,-0.13177895545959473,0.23547857999801636,-0.20053821802139282,0.23827463388442993,-0.27484244108200073,0.10802721977233887,-0.3484669327735901,0.1754278838634491,-0.4454224407672882,0.19792813062667847,-0.37283414602279663,0.1917186975479126,-0.2915147542953491,0.04694482684135437,-0.38533294200897217,0.07954403758049011,-0.5460177361965179,0.09548118710517883,-0.649971067905426,0.09964072704315186,-0.748482346534729,-0.01800420880317688,-0.3763740062713623,-0.02336406707763672,-0.5152949094772339,-0.0272122323513031,-0.611691415309906,-0.029774785041809082,-0.7029942870140076,-0.08211575448513031,-0.32728254795074463,-0.11321462690830231,-0.4270699620246887,-0.13349194824695587,-0.49863773584365845,-0.14831213653087616,-0.5666559338569641,9
0.0,0.0,0.08956876397132874,-0.05306053161621094,0.17044129967689514,-0.1326783299446106,0.23681974411010742,-0.19967103004455566,0.24117529392242432,-0.2724105715751648,0.11124232411384583,-0.34910207986831665,0.17876937985420227,-0.44227057695388794,0.2009853720664978,-0.3695405125617981,0.1942405104637146,-0.2881399393081665,0.04970830678939819,-0.38639765977859497,0.08222118020057678,-0.5468897223472595,0.0977819561958313,-0.6509509086608887,0.10185366868972778,-0.7484697103500366,-0.015654444694519043,-0.37707269191741943,-0.020026177167892456,-0.51774662733078,-0.025088578462600708,-0.6135831475257874,-0.02871343493461609,-0.7031976580619812,-0.08065089583396912,-0.326346755027771,-0.1125485748052597,-0.42593681812286377,-0.13316626846790314,-0.49742069840431213,-0.14795735478401184,-0.5653394460678101,9
0.0,0.0,0.0895647406578064,-0.051583170890808105,0.17062342166900635,-0.12878930568695068,0.23784828186035156,-0.19410669803619385,0.24109196662902832,-0.2645140290260315,0.11123695969581604,-0.3457009792327881,0.1799401044845581,-0.4394940733909607,0.2038472294807434,-0.3687625527381897,0.1989728808403015,-0.28944337368011475,0.04960101842880249,-0.3843117952346802,0.08230692148208618,-0.5457732677459717,0.09769174456596375,-0.6501771509647369,0.10130384564399719,-0.7473663687705994,-0.01637643575668335,-0.37492263317108154,-0.021699130535125732,-0.515794575214386,-0.027108490467071533,-0.6129371821880341,-0.03136751055717468,-0.7037891745567322,-0.08106377720832825,-0.3239316940307617,-0.11225782334804535,-0.42393070459365845,-0.13340474665164948,-0.49588316679000854,-0.14937280118465424,-0.5644758641719818,9
0.0,0.0,0.08684560656547546,-0.051856815814971924,0.1646096408367157,-0.1305888295173645,0.22893723845481873,-0.19614195823669434,0.23411116003990173,-0.26919400691986084,0.10705223679542542,-0.3431970477104187,0.17381715774536133,-0.4360564947128296,0.19562998414039612,-0.36306607723236084,0.1891014277935028,-0.2822040319442749,0.045843034982681274,-0.3805873990058899,0.07719776034355164,-0.5382594466209412,0.09290075302124023,-0.6415038108825684,0.09697797894477844,-0.7371539175510406,-0.019337207078933716,-0.37173038721084595,-0.023770660161972046,-0.5100448429584503,-0.028516322374343872,-0.6048530638217926,-0.03220641613006592,-0.6934142112731934,-0.08381882309913635,-0.3226305842399597,-0.11490030586719513,-0.4211651682853699,-0.13539832830429077,-0.4918864369392395,-0.15073439478874207,-0.558631181716919,9
0.0,0.0,0.08522933721542358,-0.05223584175109863,0.1622685194015503,-0.1305997371673584,0.22310364246368408,-0.1970522403717041,0.2236323356628418,-0.26849448680877686,0.10607081651687622,-0.32480013370513916,0.170210063457489,-0.4124639630317688,0.19045627117156982,-0.3461928367614746,0.18365561962127686,-0.2705520987510681,0.04932600259780884,-0.3612257242202759,0.08036655187606812,-0.5108993649482727,0.09497860074043274,-0.6079509854316711,0.09796717762947083,-0.6960973739624023,-0.0113619863986969,-0.35419762134552,-0.014881014823913574,-0.48530495166778564,-0.01873674988746643,-0.5746554434299469,-0.02180349826812744,-0.657539576292038,-0.07167133688926697,-0.30928856134414673,-0.100998654961586,-0.3998236060142517,-0.12032943964004517,-0.46534913778305054,-0.1349194347858429,-0.5284740924835205,9
0.0,0.0,0.08408159017562866,-0.05121946334838867,0.16165167093276978,-0.13627541065216064,0.21520018577575684,-0.20426404476165771,0.19165277481079102,-0.24786728620529175,0.10060974955558777,-0.31117427349090576,0.1513041853904724,-0.39926767349243164,0.1644165813922882,-0.3328927755355835,0.15346121788024902,-0.2652275562286377,0.0473732054233551,-0.3422139883041382,0.07552739977836609,-0.4742097854614258,0.09081539511680603,-0.5611942708492279,0.09396365284919739,-0.6459502577781677,-0.007866650819778442,-0.335856556892395,-0.012227118015289307,-0.4554932117462158,-0.01691034436225891,-0.5354429185390472,-0.020591050386428833,-0.6122683882713318,-0.06267446279525757,-0.297002375125885,-0.09123621881008148,-0.3804556727409363,-0.11189611256122589,-0.4395983815193176,-0.12756602466106415,-0.4974398612976074,9
0.0,0.0,0.08413761854171753,-0.04755079746246338,0.16379663348197937,-0.14210814237594604,0.21459609270095825,-0.21553725004196167,0.17605453729629517,-0.23940211534500122,0.10535860061645508,-0.3112138509750366,0.15030813217163086,-0.3930588960647583,0.15208274126052856,-0.3201349973678589,0.13351932168006897,-0.25217920541763306,0.05177578330039978,-0.3439435362815857,0.0834902822971344,-0.4710640609264374,0.10303851962089539,-0.5597023665904999,0.11225825548171997,-0.649602472782135,-0.005348622798919678,-0.3380863666534424,-0.00855359435081482,-0.4596511125564575,-0.013019770383834839,-0.5403631329536438,-0.01487588882446289,-0.6207412779331207,-0.0611187219619751,-0.299721896648407,-0.08897809684276581,-0.3850353956222534,-0.10926036536693573,-0.444049596786499,-0.12407106161117554,-0.5051883459091187,9
0.0,0.0,0.08338850736618042,-0.05067408084869385,0.16003048419952393,-0.1456667184829712,0.21021315455436707,-0.21544533967971802,0.17638549208641052,-0.2438458800315857,0.1002369225025177,-0.30743855237960815,0.15088167786598206,-0.38424038887023926,0.15679281949996948,-0.31005674600601196,0.1406724452972412,-0.24072468280792236,0.04842391610145569,-0.3392968773841858,0.0828852653503418,-0.46476250886917114,0.10558468103408813,-0.5534147024154663,0.11741918325424194,-0.6420983672142029,-0.008825361728668213,-0.3336647152900696,-0.009806066751480103,-0.4609435200691223,-0.013816863298416138,-0.5437957942485809,-0.015415191650390625,-0.6245453059673309,-0.06324112415313721,-0.2960590720176697,-0.09190279245376587,-0.3829805254936218,-0.11415156722068787,-0.442287802696228,-0.13059692084789276,-0.5037163496017456,9
0.0,0.0,0.08340167999267578,-0.05014580488204956,0.15994033217430115,-0.14475750923156738,0.20970356464385986,-0.21453481912612915,0.1737026870250702,-0.24445563554763794,0.1006668210029602,-0.30470162630081177,0.1510082483291626,-0.3784353733062744,0.15323537588119507,-0.3026784062385559,0.13461390137672424,-0.2335110306739807,0.048970162868499756,-0.33816301822662354,0.08499488234519958,-0.4635450839996338,0.1069653332233429,-0.5519184768199921,0.11908549070358276,-0.6409634947776794,-0.009036749601364136,-0.3333439230918884,-0.009211689233779907,-0.46008434891700745,-0.013717025518417358,-0.5425757765769958,-0.015177160501480103,-0.6238541901111603,-0.06489285826683044,-0.2962474226951599,-0.09308412671089172,-0.3840256929397583,-0.11519068479537964,-0.4431893825531006,-0.1315569132566452,-0.5050750970840454,9
0.0,0.0,0.08004823327064514,-0.05387002229690552,0.15291348099708557,-0.14071452617645264,0.20152568817138672,-0.20834779739379883,0.17321008443832397,-0.2489510178565979,0.09650614857673645,-0.30232471227645874,0.14750710129737854,-0.37309640645980835,0.1514672338962555,-0.29918575286865234,0.13413718342781067,-0.23259621858596802,0.04515835642814636,-0.3361892104148865,0.08184325695037842,-0.4643494188785553,0.10381901264190674,-0.5536058247089386,0.11514127254486084,-0.6441428661346436,-0.013079166412353516,-0.33101314306259155,-0.015191376209259033,-0.4573410153388977,-0.02002885937690735,-0.5418928563594818,-0.02287757396697998,-0.6247661709785461,-0.06887698173522949,-0.2923203706741333,-0.0978771299123764,-0.38213592767715454,-0.11959810554981232,-0.44160550832748413,-0.13682004809379578,-0.5020416378974915,9
0.0,0.0,0.08131635189056396,-0.05255532264709473,0.15628018975257874,-0.14868372678756714,0.20594975352287292,-0.22470766305923462,0.16988489031791687,-0.26082175970077515,0.09734734892845154,-0.305019736289978,0.14865171909332275,-0.37491875886917114,0.1518152356147766,-0.2941135764122009,0.13502848148345947,-0.22592800855636597,0.04394623637199402,-0.33990007638931274,0.0770878791809082,-0.4667532742023468,0.09676763415336609,-0.5556455552577972,0.10655629634857178,-0.6474727094173431,-0.015710294246673584,-0.3337400555610657,-0.019878536462783813,-0.4595889449119568,-0.026305586099624634,-0.5417014956474304,-0.030459433794021606,-0.6236549019813538,-0.0718751847743988,-0.2940332889556885,-0.10083547234535217,-0.38197118043899536,-0.12380003929138184,-0.4391995668411255,-0.14176662266254425,-0.49871882796287537,9
0.0,0.0,0.0813131034374237,-0.05245095491409302,0.15388959646224976,-0.14890903234481812,0.20203053951263428,-0.22590285539627075,0.16761678457260132,-0.2673783302307129,0.09318485856056213,-0.2997950315475464,0.14225658774375916,-0.36607831716537476,0.14692002534866333,-0.28475266695022583,0.1321960687637329,-0.21631455421447754,0.03957906365394592,-0.33562326431274414,0.07186180353164673,-0.46437063813209534,0.09108829498291016,-0.5541485846042633,0.10089874267578125,-0.6451769173145294,-0.020019114017486572,-0.3301815390586853,-0.02541866898536682,-0.4583761692047119,-0.031830400228500366,-0.5390397906303406,-0.035559505224227905,-0.6192988455295563,-0.07507005333900452,-0.28929561376571655,-0.10469242930412292,-0.37794625759124756,-0.12726210057735443,-0.4354451298713684,-0.1454850286245346,-0.49447131156921387,9
0.0,0.0,0.07710045576095581,-0.051958560943603516,0.1468816101551056,-0.13702601194381714,0.1949145793914795,-0.20793938636779785,0.17022162675857544,-0.25408613681793213,0.08865436911582947,-0.30070775747299194,0.14022499322891235,-0.37123847007751465,0.15249907970428467,-0.3057907819747925,0.14153483510017395,-0.23995518684387207,0.03461006283760071,-0.3350539207458496,0.059830278158187866,-0.46939054131507874,0.07222762703895569,-0.5583015978336334,0.07505860924720764,-0.6415353119373322,-0.02300471067428589,-0.32769787311553955,-0.03220432996749878,-0.4519646167755127,-0.04064169526100159,-0.5302327573299408,-0.046545714139938354,-0.604409784078598,-0.07731100916862488,-0.2851172685623169,-0.10764101147651672,-0.3717716336250305,-0.13016560673713684,-0.42947685718536377,-0.14797914028167725,-0.48685550689697266,9
0.0,0.0,0.07543051242828369,-0.046801626682281494,0.14577925205230713,-0.13346600532531738,0.19325435161590576,-0.20605039596557617,0.16236615180969238,-0.24382823705673218,0.08644858002662659,-0.296683669090271,0.13772422075271606,-0.364013135433197,0.14713260531425476,-0.2959362864494324,0.13424015045166016,-0.2313864827156067,0.03497207164764404,-0.3319211006164551,0.06008407473564148,-0.4599978029727936,0.07276523113250732,-0.5480707585811615,0.07537341117858887,-0.6318023204803467,-0.02106955647468567,-0.325162410736084,-0.02750369906425476,-0.4479411840438843,-0.03632688522338867,-0.5231589078903198,-0.0438535213470459,-0.5956889688968658,-0.07424455881118774,-0.28352075815200806,-0.10354620218276978,-0.36754298210144043,-0.12630106508731842,-0.4234651029109955,-0.14542387425899506,-0.48000404238700867,9
0.0,0.0,0.07364270091056824,-0.04437375068664551,0.14117974042892456,-0.12407565116882324,0.18785440921783447,-0.1892262101173401,0.16573607921600342,-0.23067247867584229,0.09006950259208679,-0.2842370271682739,0.14053040742874146,-0.3435555100440979,0.14788365364074707,-0.27649080753326416,0.132074773311615,-0.21366357803344727,0.04020532965660095,-0.31920790672302246,0.06548690795898438,-0.4448396563529968,0.07844546437263489,-0.5288750529289246,0.0808073878288269,-0.6085939407348633,-0.01431170105934143,-0.3138601779937744,-0.0213162899017334,-0.42895591259002686,-0.028772622346878052,-0.5001974105834961,-0.03518623113632202,-0.5693645477294922,-0.06700262427330017,-0.27499979734420776,-0.0960141271352768,-0.3557961583137512,-0.1176542192697525,-0.4085996150970459,-0.13603760302066803,-0.4620966613292694,9
